4Lr35 3Ir15 3Ir16 11	4Tr27	17	999986	exact
4Lr35 3Ir15 3Ir16 11 4Tr27 11	4Lr33	250	999986	exact
4Lr35 3Ir15 3Ir16 11 4Tr27 12	4Tr12	250	999989	exact
4Lr35 3Ir15 3Ir16 11 4Tr27 13	4Lr15	250	999987	exact
4Lr35 3Ir15 3Ir16 11 4Tr27 14	4Tr33	250	999987	exact
4Lr35 3Ir15 3Ir16 11 4Tr27 15	4Lr33	250	999986	exact
4Lr35 3Ir15 3Ir16 11 4Tr27 16	4Lr33	250	999986	exact
4Lr35 3Ir15 3Ir16 11 4Tr27 17	4Tr11	250	999987	exact
4Lr35 3Ir15 3Ir16 11 4Tr27 18	4Tr11	250	999987	exact
4Lr35 3Ir15 3Ir16 11 4Tr27 19	4Tr11	250	999987	exact
4Lr35 3Ir15 3Ir16 11 4Tr27 22	4Tr21	250	999995	exact
4Lr35 3Ir15 3Ir16 11 4Tr27 23	4Lr33	250	999989	exact
4Lr35 3Ir15 3Ir16 11 4Tr27 2r11	4Lr33	250	999986	exact
4Lr35 3Ir15 3Ir16 11 4Tr27 2r12	4S1	250	999987	exact
4Lr35 3Ir15 3Ir16 11 4Tr27 2r13	4Lr13	250	999987	exact
4Lr35 3Ir15 3Ir16 11 4Tr27 2r14	4Lsr33	250	999987	exact
4Lr35 3Ir15 3Ir16 11 4Tr27 2r15	4Lr33	250	999986	exact
4Lr35 3Ir15 3Ir16 11 4Tr27 2r16	4Lr33	250	999986	exact
4Lr35 3Ir15 3Ir16 11 4Tr27 2r17	4Tr11	250	999987	exact
4Lr35 3Ir15 3Ir16 11 4Tr27 2r18	4Tr11	250	999987	exact
4Lr35 3Ir15 3Ir16 11 4Tr27 2r19	4Tr11	250	999987	exact
4Lr35 3Ir15 3Ir16 11 4Tr27 3I2	4Lr33	250	999987	exact
4Lr35 3Ir15 3Ir16 11 4Tr27 3Ir11	2r11	250	999987	exact
4Lr35 3Ir15 3Ir16 11 4Tr27 3Ir12	3Ir12	250	999987	exact
4Lr35 3Ir15 3Ir16 11 4Tr27 3Ir13	2r13	250	999987	exact
4Lr35 3Ir15 3Ir16 11 4Tr27 3Ir14	4Lr15	250	999987	exact
4Lr35 3Ir15 3Ir16 11 4Tr27 3Ir15	4Lr33	250	999987	exact
4Lr35 3Ir15 3Ir16 11 4Tr27 3Ir16	4Lr33	250	999987	exact
4Lr35 3Ir15 3Ir16 11 4Tr27 3Ir17	4Tr11	250	999987	exact
4Lr35 3Ir15 3Ir16 11 4Tr27 3Ir18	4Tr11	250	999987	exact
4Lr35 3Ir15 3Ir16 11 4Tr27 3Ir19	4Tr11	250	999987	exact
4Lr35 3Ir15 3Ir16 11 4Tr27 3L7	4Tr11	250	999989	exact
4Lr35 3Ir15 3Ir16 11 4Tr27 3Lr11	3Lr31	250	999987	exact
4Lr35 3Ir15 3Ir16 11 4Tr27 3Lr18	4Tr11	250	999987	exact
4Lr35 3Ir15 3Ir16 11 4Tr27 3Lr22	4Ssr11	250	999995	exact
4Lr35 3Ir15 3Ir16 11 4Tr27 3Lr23	4Lr15	250	999987	exact
4Lr35 3Ir15 3Ir16 11 4Tr27 3Lr32	4Lr15	250	999987	exact
4Lr35 3Ir15 3Ir16 11 4Tr27 3Lr33	4Lr15	250	999987	exact
4Lr35 3Ir15 3Ir16 11 4Tr27 4Lr15	4Lr33	250	999987	exact
4Lr35 3Ir15 3Ir16 11 4Tr27 4Lr22	4Tr33	250	999987	exact
4Lr35 3Ir15 3Ir16 11 4Tr27 4Lr32	4Lr12	250	999991	exact
4Lr35 3Ir15 3Ir16 11 4Tr27 4Lr33	4Lr13	250	999987	exact
4Lr35 3Ir15 3Ir16 11 4Tr27 4Lsr12	4Lsr32	250	999989	exact
4Lr35 3Ir15 3Ir16 11 4Tr27 4Lsr13	4Lr15	250	999987	exact
4Lr35 3Ir15 3Ir16 11 4Tr27 4Lsr22	4Sr12	250	999993	exact
4Lr35 3Ir15 3Ir16 11 4Tr27 4S7	4Sr11	250	999987	exact
4Lr35 3Ir15 3Ir16 11 4Tr27 4Sr11	4Ls1	250	999995	exact
4Lr35 3Ir15 3Ir16 11 4Tr27 4Ss1	4Tr11	250	999993	exact
4Lr35 3Ir15 3Ir16 11 4Tr27 4Ss8	4Tr11	250	999987	exact
4Lr35 3Ir15 3Ir16 11 4Tr27 4Tr11	4Tr31	250	999989	exact
4Lr35 3Ir15 3Ir16 11 4Tr27 4Tr18	4Lr15	250	999987	exact
4Lr35 3Ir15 3Ir16 11 4Tr27 4Tr22	4Tr13	250	999987	exact
4Lr35 3Ir15 3Ir16 11 4Tr27 4Tr37	4Lr15	250	999987	exact
4Lr35 3Ir15 3Ir16 12	4Sr12	21	999989	exact
4Lr35 3Ir15 3Ir16 12 4Sr12 4Lsr17	4Ss3	250	999989	exact
4Lr35 3Ir15 3Ir16 13	4Tr13	18	999988	exact
4Lr35 3Ir15 3Ir16 13 4Tr13 12	4S2	250	999988	exact
4Lr35 3Ir15 3Ir16 13 4Tr13 13	3Ir15	250	999993	exact
4Lr35 3Ir15 3Ir16 13 4Tr13 14	4Lsr17	250	999988	exact
4Lr35 3Ir15 3Ir16 13 4Tr13 15	4Tr27	250	999989	exact
4Lr35 3Ir15 3Ir16 13 4Tr13 16	4S3	250	999988	exact
4Lr35 3Ir15 3Ir16 13 4Tr13 17	4Sr17	250	999989	exact
4Lr35 3Ir15 3Ir16 13 4Tr13 19	4Lr15	250	999988	exact
4Lr35 3Ir15 3Ir16 13 4Tr13 27	3L3	250	999989	exact
4Lr35 3Ir15 3Ir16 13 4Tr13 28	3L3	250	999988	exact
4Lr35 3Ir15 3Ir16 13 4Tr13 2r11	4Lr11	250	999989	exact
4Lr35 3Ir15 3Ir16 13 4Tr13 2r12	3Ir15	250	999989	exact
4Lr35 3Ir15 3Ir16 13 4Tr13 2r13	3Ir15	250	999995	exact
4Lr35 3Ir15 3Ir16 13 4Tr13 2r14	3Lr21	250	999988	exact
4Lr35 3Ir15 3Ir16 13 4Tr13 2r16	4Tr27	250	999989	exact
4Lr35 3Ir15 3Ir16 13 4Tr13 2r17	4Lr16	250	999988	exact
4Lr35 3Ir15 3Ir16 13 4Tr13 2r18	4Lr18	250	999989	exact
4Lr35 3Ir15 3Ir16 13 4Tr13 2r19	4Tr33	250	999989	exact
4Lr35 3Ir15 3Ir16 13 4Tr13 3I7	4S3	250	999989	exact
4Lr35 3Ir15 3Ir16 13 4Tr13 3Ir12	4Ss2	250	999989	exact
4Lr35 3Ir15 3Ir16 13 4Tr13 3Ir13	3Ir15	250	999995	exact
4Lr35 3Ir15 3Ir16 13 4Tr13 3Ir14	3Lr21	250	999989	exact
4Lr35 3Ir15 3Ir16 13 4Tr13 3Ir15	3Lr21	250	999989	exact
4Lr35 3Ir15 3Ir16 13 4Tr13 3Ir16	4Tr27	250	999989	exact
4Lr35 3Ir15 3Ir16 13 4Tr13 3Ir17	4Lr15	250	999988	exact
4Lr35 3Ir15 3Ir16 13 4Tr13 3Ir18	4Lsr11	250	999988	exact
4Lr35 3Ir15 3Ir16 13 4Tr13 3Ir19	2r19	250	999988	exact
4Lr35 3Ir15 3Ir16 13 4Tr13 3L3	3Lr21	250	999989	exact
4Lr35 3Ir15 3Ir16 13 4Tr13 3Lr21	4S1	250	999988	exact
4Lr35 3Ir15 3Ir16 13 4Tr13 3Lr27	4S3	250	999989	exact
4Lr35 3Ir15 3Ir16 13 4Tr13 3Lr28	4S3	250	999989	exact
4Lr35 3Ir15 3Ir16 13 4Tr13 3Lr31	4S2	250	999988	exact
4Lr35 3Ir15 3Ir16 13 4Tr13 3Lr37	4Tr17	250	999989	exact
4Lr35 3Ir15 3Ir16 13 4Tr13 3Lr38	4Ss8	250	999989	exact
4Lr35 3Ir15 3Ir16 13 4Tr13 4Lr15	4Tr27	250	999993	exact
4Lr35 3Ir15 3Ir16 13 4Tr13 4Lr27	4Lr15	250	999989	exact
4Lr35 3Ir15 3Ir16 13 4Tr13 4Lr31	4Lr11	250	999989	exact
4Lr35 3Ir15 3Ir16 13 4Tr13 4Lr37	4Tr16	250	999989	exact
4Lr35 3Ir15 3Ir16 13 4Tr13 4Lr38	18	250	999988	exact
4Lr35 3Ir15 3Ir16 13 4Tr13 4Lsr11	4Ss2	250	999989	exact
4Lr35 3Ir15 3Ir16 13 4Tr13 4Lsr17	4Lsr37	250	999988	exact
4Lr35 3Ir15 3Ir16 13 4Tr13 4Lsr18	4Lsr38	250	999989	exact
4Lr35 3Ir15 3Ir16 13 4Tr13 4Lsr27	4Lr15	250	999989	exact
4Lr35 3Ir15 3Ir16 13 4Tr13 4Lsr32	3Ir15	250	999995	exact
4Lr35 3Ir15 3Ir16 13 4Tr13 4S3	3Lr21	250	999989	exact
4Lr35 3Ir15 3Ir16 13 4Tr13 4Tr27	4S7	250	999989	exact
4Lr35 3Ir15 3Ir16 13 4Tr13 4Tr33	3Lr21	250	999989	exact
4Lr35 3Ir15 3Ir16 14	4Ssr12	19	999988	exact
4Lr35 3Ir15 3Ir16 14 4Ssr12 12	4Lsr13	250	999988	exact
4Lr35 3Ir15 3Ir16 14 4Ssr12 2r18	4Lr33	250	999988	exact
4Lr35 3Ir15 3Ir16 14 4Ssr12 4Lr27	4Lr15	250	999989	exact
4Lr35 3Ir15 3Ir16 14 4Ssr12 4Tr31	3Lr23	250	999988	exact
4Lr35 3Ir15 3Ir16 15	4Tr22	16	999986	exact
4Lr35 3Ir15 3Ir16 15 4Tr22 11	4Ssr11	250	999987	exact
4Lr35 3Ir15 3Ir16 15 4Tr22 12	4Tr27	250	999989	exact
4Lr35 3Ir15 3Ir16 15 4Tr22 13	4S1	250	999986	exact
4Lr35 3Ir15 3Ir16 15 4Tr22 14	4Tr27	250	999989	exact
4Lr35 3Ir15 3Ir16 15 4Tr22 15	4Tr27	250	999993	exact
4Lr35 3Ir15 3Ir16 15 4Tr22 16	4Tr27	250	999993	exact
4Lr35 3Ir15 3Ir16 15 4Tr22 17	2r16	250	999987	exact
4Lr35 3Ir15 3Ir16 15 4Tr22 18	4S2	250	999986	exact
4Lr35 3Ir15 3Ir16 15 4Tr22 19	4Ssr17	250	999989	exact
4Lr35 3Ir15 3Ir16 15 4Tr22 27	4Lsr17	250	999989	exact
4Lr35 3Ir15 3Ir16 15 4Tr22 28	4L7	250	999989	exact
4Lr35 3Ir15 3Ir16 15 4Tr22 2r11	4T1	250	999987	exact
4Lr35 3Ir15 3Ir16 15 4Tr22 2r12	3Ir16	250	999991	exact
4Lr35 3Ir15 3Ir16 15 4Tr22 2r13	4S1	250	999986	exact
4Lr35 3Ir15 3Ir16 15 4Tr22 2r14	4Tr27	250	999993	exact
4Lr35 3Ir15 3Ir16 15 4Tr22 2r15	2r16	250	999987	exact
4Lr35 3Ir15 3Ir16 15 4Tr22 2r16	4Tr27	250	999993	exact
4Lr35 3Ir15 3Ir16 15 4Tr22 2r17	4Lr16	250	999989	exact
4Lr35 3Ir15 3Ir16 15 4Tr22 2r18	4S2	250	999986	exact
4Lr35 3Ir15 3Ir16 15 4Tr22 2r19	4S2	250	999986	exact
4Lr35 3Ir15 3Ir16 15 4Tr22 3I7	4Tr27	250	999989	exact
4Lr35 3Ir15 3Ir16 15 4Tr22 3Ir11	4Lr11	250	999987	exact
4Lr35 3Ir15 3Ir16 15 4Tr22 3Ir12	4Tr27	250	999993	exact
4Lr35 3Ir15 3Ir16 15 4Tr22 3Ir13	4S1	250	999987	exact
4Lr35 3Ir15 3Ir16 15 4Tr22 3Ir14	4Tr27	250	999993	exact
4Lr35 3Ir15 3Ir16 15 4Tr22 3Ir16	4S1	250	999987	exact
4Lr35 3Ir15 3Ir16 15 4Tr22 3Ir17	4Tr16	250	999987	exact
4Lr35 3Ir15 3Ir16 15 4Tr22 3Ir18	4S1	250	999986	exact
4Lr35 3Ir15 3Ir16 15 4Tr22 3Ir19	2r16	250	999986	exact
4Lr35 3Ir15 3Ir16 15 4Tr22 3L1	4Tr21	250	999986	exact
4Lr35 3Ir15 3Ir16 15 4Tr22 3L2	11	250	999989	exact
4Lr35 3Ir15 3Ir16 15 4Tr22 3Lr13	4S1	250	999986	exact
4Lr35 3Ir15 3Ir16 15 4Tr22 3Lr27	4S7	250	999987	exact
4Lr35 3Ir15 3Ir16 15 4Tr22 3Lr28	3Ir16	250	999989	exact
4Lr35 3Ir15 3Ir16 15 4Tr22 3Lr37	4Tr17	250	999989	exact
4Lr35 3Ir15 3Ir16 15 4Tr22 3Lr38	4Ss8	250	999987	exact
4Lr35 3Ir15 3Ir16 15 4Tr22 4Lr27	4Ssr17	250	999993	exact
4Lr35 3Ir15 3Ir16 15 4Tr22 4Lr37	4Ss6	250	999986	exact
4Lr35 3Ir15 3Ir16 15 4Tr22 4Lr38	4Lr18	250	999986	exact
4Lr35 3Ir15 3Ir16 15 4Tr22 4Lsr17	4Lsr37	250	999987	exact
4Lr35 3Ir15 3Ir16 15 4Tr22 4Lsr18	4Lsr38	250	999986	exact
4Lr35 3Ir15 3Ir16 15 4Tr22 4Lsr27	4Sr17	250	999987	exact
4Lr35 3Ir15 3Ir16 15 4Tr22 4S1	4Ss2	250	999987	exact
4Lr35 3Ir15 3Ir16 15 4Tr22 4S2	2r11	250	999987	exact
4Lr35 3Ir15 3Ir16 15 4Tr22 4Ss3	4Ss3	250	999993	exact
4Lr35 3Ir15 3Ir16 15 4Tr22 4Tr13	4S1	250	999987	exact
4Lr35 3Ir15 3Ir16 15 4Tr22 4Tr27	4Ss8	250	999987	exact
4Lr35 3Ir15 3Ir16 15 4Tr22 4Tr31	4Sr11	250	999986	exact
4Lr35 3Ir15 3Ir16 15 4Tr22 4Tr32	11	250	999987	exact
4Lr35 3Ir15 3Ir16 16	4Tr22	17	999986	exact
4Lr35 3Ir15 3Ir16 16 4Tr22 11	2r13	250	999986	exact
4Lr35 3Ir15 3Ir16 16 4Tr22 12	4Tr27	250	999993	exact
4Lr35 3Ir15 3Ir16 16 4Tr22 13	4S1	250	999986	exact
4Lr35 3Ir15 3Ir16 16 4Tr22 14	4Tr27	250	999987	exact
4Lr35 3Ir15 3Ir16 16 4Tr22 15	4Tr27	250	999991	exact
4Lr35 3Ir15 3Ir16 16 4Tr22 16	4Lr38	250	999987	exact
4Lr35 3Ir15 3Ir16 16 4Tr22 17	4Sr17	250	999987	exact
4Lr35 3Ir15 3Ir16 16 4Tr22 18	4Ss8	250	999987	exact
4Lr35 3Ir15 3Ir16 16 4Tr22 19	4Ssr17	250	999987	exact
4Lr35 3Ir15 3Ir16 16 4Tr22 27	4Ls7	250	999989	exact
4Lr35 3Ir15 3Ir16 16 4Tr22 28	4Tr37	250	999989	exact
4Lr35 3Ir15 3Ir16 16 4Tr22 2r11	4Ss1	250	999987	exact
4Lr35 3Ir15 3Ir16 16 4Tr22 2r12	4Tr27	250	999989	exact
4Lr35 3Ir15 3Ir16 16 4Tr22 2r13	4S1	250	999986	exact
4Lr35 3Ir15 3Ir16 16 4Tr22 2r14	4Tr27	250	999991	exact
4Lr35 3Ir15 3Ir16 16 4Tr22 2r15	4Tr27	250	999989	exact
4Lr35 3Ir15 3Ir16 16 4Tr22 2r16	4Tr27	250	999987	exact
4Lr35 3Ir15 3Ir16 16 4Tr22 2r17	4Lr17	250	999987	exact
4Lr35 3Ir15 3Ir16 16 4Tr22 2r18	4S2	250	999986	exact
4Lr35 3Ir15 3Ir16 16 4Tr22 2r19	4S2	250	999986	exact
4Lr35 3Ir15 3Ir16 16 4Tr22 3I7	4Tr27	250	999987	exact
4Lr35 3Ir15 3Ir16 16 4Tr22 3Ir11	4Lr11	250	999986	exact
4Lr35 3Ir15 3Ir16 16 4Tr22 3Ir12	4Tr27	250	999993	exact
4Lr35 3Ir15 3Ir16 16 4Tr22 3Ir13	4S1	250	999987	exact
4Lr35 3Ir15 3Ir16 16 4Tr22 3Ir14	4Tr27	250	999989	exact
4Lr35 3Ir15 3Ir16 16 4Tr22 3Ir15	4S1	250	999987	exact
4Lr35 3Ir15 3Ir16 16 4Tr22 3Ir16	4Tr27	250	999991	exact
4Lr35 3Ir15 3Ir16 16 4Tr22 3Ir17	3Ir17	250	999986	exact
4Lr35 3Ir15 3Ir16 16 4Tr22 3Ir18	4S1	250	999986	exact
4Lr35 3Ir15 3Ir16 16 4Tr22 3Ir19	4Ss3	250	999987	exact
4Lr35 3Ir15 3Ir16 16 4Tr22 3L1	4Tr21	250	999988	exact
4Lr35 3Ir15 3Ir16 16 4Tr22 3L2	2r11	250	999986	exact
4Lr35 3Ir15 3Ir16 16 4Tr22 3Lr13	4S1	250	999986	exact
4Lr35 3Ir15 3Ir16 16 4Tr22 3Lr15	4Tr27	250	999993	exact
4Lr35 3Ir15 3Ir16 16 4Tr22 3Lr27	4S7	250	999987	exact
4Lr35 3Ir15 3Ir16 16 4Tr22 3Lr28	4S8	250	999987	exact
4Lr35 3Ir15 3Ir16 16 4Tr22 3Lr37	4Ss7	250	999987	exact
4Lr35 3Ir15 3Ir16 16 4Tr22 3Lr38	4Ss8	250	999987	exact
4Lr35 3Ir15 3Ir16 16 4Tr22 4Lr27	4Ssr17	250	999987	exact
4Lr35 3Ir15 3Ir16 16 4Tr22 4Lr37	4Lr16	250	999987	exact
4Lr35 3Ir15 3Ir16 16 4Tr22 4Lr38	4Tr32	250	999986	exact
4Lr35 3Ir15 3Ir16 16 4Tr22 4Lsr17	4Lsr37	250	999991	exact
4Lr35 3Ir15 3Ir16 16 4Tr22 4Lsr18	4Lsr38	250	999986	exact
4Lr35 3Ir15 3Ir16 16 4Tr22 4Lsr27	4Sr17	250	999993	exact
4Lr35 3Ir15 3Ir16 16 4Tr22 4S1	4Ss2	250	999986	exact
4Lr35 3Ir15 3Ir16 16 4Tr22 4S2	2r11	250	999986	exact
4Lr35 3Ir15 3Ir16 16 4Tr22 4Ss3	4S1	250	999987	exact
4Lr35 3Ir15 3Ir16 16 4Tr22 4Ss5	4Tr27	250	999991	exact
4Lr35 3Ir15 3Ir16 16 4Tr22 4Tr13	4S1	250	999991	exact
4Lr35 3Ir15 3Ir16 16 4Tr22 4Tr15	4Tr27	250	999993	exact
4Lr35 3Ir15 3Ir16 16 4Tr22 4Tr27	4S7	250	999987	exact
4Lr35 3Ir15 3Ir16 16 4Tr22 4Tr31	4Sr11	250	999986	exact
4Lr35 3Ir15 3Ir16 16 4Tr22 4Tr32	2r11	250	999986	exact
4Lr35 3Ir15 3Ir16 17	4Lr15	19	999985	exact
4Lr35 3Ir15 3Ir16 17 4Lr15 11	3Lr25	250	999997	exact
4Lr35 3Ir15 3Ir16 17 4Lr15 12	2r15	250	999997	exact
4Lr35 3Ir15 3Ir16 17 4Lr15 13	2r15	250	999997	exact
4Lr35 3Ir15 3Ir16 17 4Lr15 14	2r15	250	999997	exact
4Lr35 3Ir15 3Ir16 17 4Lr15 15	3Lr15	250	999997	exact
4Lr35 3Ir15 3Ir16 17 4Lr15 16	3L5	250	999997	exact
4Lr35 3Ir15 3Ir16 17 4Lr15 17	3Lr25	250	999997	exact
4Lr35 3Ir15 3Ir16 17 4Lr15 18	3Lr25	250	999997	exact
4Lr35 3Ir15 3Ir16 17 4Lr15 19	2r16	250	999997	exact
4Lr35 3Ir15 3Ir16 17 4Lr15 21	2r15	250	999997	exact
4Lr35 3Ir15 3Ir16 17 4Lr15 22	2r15	250	999997	exact
4Lr35 3Ir15 3Ir16 17 4Lr15 23	2r15	250	999997	exact
4Lr35 3Ir15 3Ir16 17 4Lr15 25	4Tr22	250	999985	exact
4Lr35 3Ir15 3Ir16 17 4Lr15 28	3Lr25	250	999997	exact
4Lr35 3Ir15 3Ir16 17 4Lr15 2r11	3Lr25	250	999997	exact
4Lr35 3Ir15 3Ir16 17 4Lr15 2r12	2r15	250	999997	exact
4Lr35 3Ir15 3Ir16 17 4Lr15 2r13	2r15	250	999997	exact
4Lr35 3Ir15 3Ir16 17 4Lr15 2r14	2r15	250	999997	exact
4Lr35 3Ir15 3Ir16 17 4Lr15 2r15	2r16	250	999997	exact
4Lr35 3Ir15 3Ir16 17 4Lr15 2r16	2r15	250	999997	exact
4Lr35 3Ir15 3Ir16 17 4Lr15 2r17	2r16	250	999997	exact
4Lr35 3Ir15 3Ir16 17 4Lr15 2r18	2r16	250	999997	exact
4Lr35 3Ir15 3Ir16 17 4Lr15 2r19	3Lr25	250	999997	exact
4Lr35 3Ir15 3Ir16 17 4Lr15 3I1	2r15	250	999997	exact
4Lr35 3Ir15 3Ir16 17 4Lr15 3I2	2r15	250	999997	exact
4Lr35 3Ir15 3Ir16 17 4Lr15 3Ir11	2r15	250	999997	exact
4Lr35 3Ir15 3Ir16 17 4Lr15 3Ir12	2r15	250	999997	exact
4Lr35 3Ir15 3Ir16 17 4Lr15 3Ir13	2r15	250	999997	exact
4Lr35 3Ir15 3Ir16 17 4Lr15 3Ir14	2r15	250	999997	exact
4Lr35 3Ir15 3Ir16 17 4Lr15 3Ir17	2r15	250	999997	exact
4Lr35 3Ir15 3Ir16 17 4Lr15 3Ir18	2r15	250	999997	exact
4Lr35 3Ir15 3Ir16 17 4Lr15 3Ir19	2r15	250	999997	exact
4Lr35 3Ir15 3Ir16 17 4Lr15 3Lr17	2r15	250	999997	exact
4Lr35 3Ir15 3Ir16 17 4Lr15 3Lr21	2r15	250	999997	exact
4Lr35 3Ir15 3Ir16 17 4Lr15 3Lr22	2r15	250	999997	exact
4Lr35 3Ir15 3Ir16 17 4Lr15 3Lr23	2r15	250	999997	exact
4Lr35 3Ir15 3Ir16 17 4Lr15 3Lr25	4Tr22	250	999985	exact
4Lr35 3Ir15 3Ir16 17 4Lr15 3Lr28	2r15	250	999997	exact
4Lr35 3Ir15 3Ir16 17 4Lr15 3Lr31	2r15	250	999997	exact
4Lr35 3Ir15 3Ir16 17 4Lr15 3Lr32	2r15	250	999997	exact
4Lr35 3Ir15 3Ir16 17 4Lr15 3Lr33	2r15	250	999997	exact
4Lr35 3Ir15 3Ir16 17 4Lr15 3Lr35	4Tr22	250	999985	exact
4Lr35 3Ir15 3Ir16 17 4Lr15 3Lr38	2r16	250	999997	exact
4Lr35 3Ir15 3Ir16 17 4Lr15 4Lr21	2r15	250	999997	exact
4Lr35 3Ir15 3Ir16 17 4Lr15 4Lr22	2r15	250	999997	exact
4Lr35 3Ir15 3Ir16 17 4Lr15 4Lr31	2r15	250	999997	exact
4Lr35 3Ir15 3Ir16 17 4Lr15 4Lr32	2r15	250	999997	exact
4Lr35 3Ir15 3Ir16 17 4Lr15 4Lr33	2r15	250	999997	exact
4Lr35 3Ir15 3Ir16 17 4Lr15 4Lr38	2r15	250	999997	exact
4Lr35 3Ir15 3Ir16 17 4Lr15 4Lsr11	2r15	250	999997	exact
4Lr35 3Ir15 3Ir16 17 4Lr15 4Lsr12	2r15	250	999997	exact
4Lr35 3Ir15 3Ir16 17 4Lr15 4Lsr13	2r15	250	999997	exact
4Lr35 3Ir15 3Ir16 17 4Lr15 4Lsr18	2r15	250	999997	exact
4Lr35 3Ir15 3Ir16 17 4Lr15 4Lsr21	2r15	250	999997	exact
4Lr35 3Ir15 3Ir16 17 4Lr15 4Lsr22	2r15	250	999997	exact
4Lr35 3Ir15 3Ir16 17 4Lr15 4Sr17	2r15	250	999997	exact
4Lr35 3Ir15 3Ir16 17 4Lr15 4Ss7	2r15	250	999997	exact
4Lr35 3Ir15 3Ir16 17 4Lr15 4Tr17	2r15	250	999997	exact
4Lr35 3Ir15 3Ir16 17 4Lr15 4Tr21	2r15	250	999997	exact
4Lr35 3Ir15 3Ir16 17 4Lr15 4Tr22	2r15	250	999997	exact
4Lr35 3Ir15 3Ir16 18	4Lr15	17	999984	exact
4Lr35 3Ir15 3Ir16 18 4Lr15 11	2r15	250	999997	exact
4Lr35 3Ir15 3Ir16 18 4Lr15 12	2r15	250	999997	exact
4Lr35 3Ir15 3Ir16 18 4Lr15 13	2r15	250	999997	exact
4Lr35 3Ir15 3Ir16 18 4Lr15 14	2r15	250	999997	exact
4Lr35 3Ir15 3Ir16 18 4Lr15 15	3Lr15	250	999997	exact
4Lr35 3Ir15 3Ir16 18 4Lr15 16	3L5	250	999997	exact
4Lr35 3Ir15 3Ir16 18 4Lr15 17	3Lr25	250	999997	exact
4Lr35 3Ir15 3Ir16 18 4Lr15 18	3Lr25	250	999997	exact
4Lr35 3Ir15 3Ir16 18 4Lr15 19	3Lr25	250	999997	exact
4Lr35 3Ir15 3Ir16 18 4Lr15 21	2r15	250	999997	exact
4Lr35 3Ir15 3Ir16 18 4Lr15 22	2r15	250	999997	exact
4Lr35 3Ir15 3Ir16 18 4Lr15 23	2r15	250	999997	exact
4Lr35 3Ir15 3Ir16 18 4Lr15 25	4Tr22	250	999984	exact
4Lr35 3Ir15 3Ir16 18 4Lr15 2r11	2r15	250	999997	exact
4Lr35 3Ir15 3Ir16 18 4Lr15 2r12	2r15	250	999997	exact
4Lr35 3Ir15 3Ir16 18 4Lr15 2r13	2r15	250	999997	exact
4Lr35 3Ir15 3Ir16 18 4Lr15 2r14	2r15	250	999997	exact
4Lr35 3Ir15 3Ir16 18 4Lr15 2r15	2r16	250	999997	exact
4Lr35 3Ir15 3Ir16 18 4Lr15 2r16	2r15	250	999997	exact
4Lr35 3Ir15 3Ir16 18 4Lr15 2r17	3Lr25	250	999997	exact
4Lr35 3Ir15 3Ir16 18 4Lr15 2r18	3Lr25	250	999997	exact
4Lr35 3Ir15 3Ir16 18 4Lr15 2r19	3Lr25	250	999997	exact
4Lr35 3Ir15 3Ir16 18 4Lr15 3I1	2r15	250	999997	exact
4Lr35 3Ir15 3Ir16 18 4Lr15 3I2	2r15	250	999997	exact
4Lr35 3Ir15 3Ir16 18 4Lr15 3Ir11	2r15	250	999997	exact
4Lr35 3Ir15 3Ir16 18 4Lr15 3Ir12	2r15	250	999997	exact
4Lr35 3Ir15 3Ir16 18 4Lr15 3Ir13	2r15	250	999997	exact
4Lr35 3Ir15 3Ir16 18 4Lr15 3Ir14	2r15	250	999997	exact
4Lr35 3Ir15 3Ir16 18 4Lr15 3Ir17	2r15	250	999997	exact
4Lr35 3Ir15 3Ir16 18 4Lr15 3Ir18	2r15	250	999997	exact
4Lr35 3Ir15 3Ir16 18 4Lr15 3Ir19	2r15	250	999997	exact
4Lr35 3Ir15 3Ir16 18 4Lr15 3L7	2r15	250	999997	exact
4Lr35 3Ir15 3Ir16 18 4Lr15 3Lr18	2r15	250	999997	exact
4Lr35 3Ir15 3Ir16 18 4Lr15 3Lr21	2r15	250	999997	exact
4Lr35 3Ir15 3Ir16 18 4Lr15 3Lr22	2r15	250	999997	exact
4Lr35 3Ir15 3Ir16 18 4Lr15 3Lr23	2r15	250	999997	exact
4Lr35 3Ir15 3Ir16 18 4Lr15 3Lr25	4Tr22	250	999984	exact
4Lr35 3Ir15 3Ir16 18 4Lr15 3Lr31	2r15	250	999997	exact
4Lr35 3Ir15 3Ir16 18 4Lr15 3Lr32	2r15	250	999997	exact
4Lr35 3Ir15 3Ir16 18 4Lr15 3Lr33	2r15	250	999997	exact
4Lr35 3Ir15 3Ir16 18 4Lr15 3Lr35	4Tr22	250	999984	exact
4Lr35 3Ir15 3Ir16 18 4Lr15 4Lr21	2r15	250	999997	exact
4Lr35 3Ir15 3Ir16 18 4Lr15 4Lr22	2r15	250	999997	exact
4Lr35 3Ir15 3Ir16 18 4Lr15 4Lr31	2r15	250	999997	exact
4Lr35 3Ir15 3Ir16 18 4Lr15 4Lr32	2r15	250	999997	exact
4Lr35 3Ir15 3Ir16 18 4Lr15 4Lr33	2r15	250	999997	exact
4Lr35 3Ir15 3Ir16 18 4Lr15 4Lsr11	2r15	250	999997	exact
4Lr35 3Ir15 3Ir16 18 4Lr15 4Lsr12	2r15	250	999997	exact
4Lr35 3Ir15 3Ir16 18 4Lr15 4Lsr13	2r15	250	999997	exact
4Lr35 3Ir15 3Ir16 18 4Lr15 4Lsr21	2r15	250	999997	exact
4Lr35 3Ir15 3Ir16 18 4Lr15 4Lsr22	2r15	250	999997	exact
4Lr35 3Ir15 3Ir16 18 4Lr15 4S7	2r15	250	999997	exact
4Lr35 3Ir15 3Ir16 18 4Lr15 4Ss8	2r15	250	999997	exact
4Lr35 3Ir15 3Ir16 18 4Lr15 4Tr18	2r15	250	999997	exact
4Lr35 3Ir15 3Ir16 18 4Lr15 4Tr21	2r15	250	999997	exact
4Lr35 3Ir15 3Ir16 18 4Lr15 4Tr22	2r15	250	999997	exact
4Lr35 3Ir15 3Ir16 18 4Lr15 4Tr37	2r15	250	999997	exact
4Lr35 3Ir15 3Ir16 19	4Tr22	18	999987	exact
4Lr35 3Ir15 3Ir16 19 4Tr22 11	4Lr15	250	999987	exact
4Lr35 3Ir15 3Ir16 19 4Tr22 12	4Ssr17	250	999987	exact
4Lr35 3Ir15 3Ir16 19 4Tr22 13	4Ssr17	250	999987	exact
4Lr35 3Ir15 3Ir16 19 4Tr22 14	4S1	250	999987	exact
4Lr35 3Ir15 3Ir16 19 4Tr22 15	4Ssr17	250	999991	exact
4Lr35 3Ir15 3Ir16 19 4Tr22 16	4Ssr17	250	999989	exact
4Lr35 3Ir15 3Ir16 19 4Tr22 17	4Lr15	250	999987	exact
4Lr35 3Ir15 3Ir16 19 4Tr22 18	4Lr15	250	999987	exact
4Lr35 3Ir15 3Ir16 19 4Tr22 19	4Lsr38	250	999987	exact
4Lr35 3Ir15 3Ir16 19 4Tr22 27	4Lr15	250	999987	exact
4Lr35 3Ir15 3Ir16 19 4Tr22 2r11	4Ss1	250	999987	exact
4Lr35 3Ir15 3Ir16 19 4Tr22 2r12	4Ssr17	250	999989	exact
4Lr35 3Ir15 3Ir16 19 4Tr22 2r13	4Lr15	250	999987	exact
4Lr35 3Ir15 3Ir16 19 4Tr22 2r14	4Lr15	250	999987	exact
4Lr35 3Ir15 3Ir16 19 4Tr22 2r15	4Ssr17	250	999991	exact
4Lr35 3Ir15 3Ir16 19 4Tr22 2r16	4Ssr17	250	999991	exact
4Lr35 3Ir15 3Ir16 19 4Tr22 2r17	4Lr15	250	999987	exact
4Lr35 3Ir15 3Ir16 19 4Tr22 2r18	4Lr15	250	999987	exact
4Lr35 3Ir15 3Ir16 19 4Tr22 2r19	2r19	250	999987	exact
4Lr35 3Ir15 3Ir16 19 4Tr22 3Ir11	4Lr11	250	999989	exact
4Lr35 3Ir15 3Ir16 19 4Tr22 3Ir12	4Lr15	250	999989	exact
4Lr35 3Ir15 3Ir16 19 4Tr22 3Ir13	4S1	250	999989	exact
4Lr35 3Ir15 3Ir16 19 4Tr22 3Ir14	4Ssr17	250	999989	exact
4Lr35 3Ir15 3Ir16 19 4Tr22 3Ir15	4Ssr17	250	999989	exact
4Lr35 3Ir15 3Ir16 19 4Tr22 3Ir16	4Ssr17	250	999993	exact
4Lr35 3Ir15 3Ir16 19 4Tr22 3Ir17	4Lr15	250	999989	exact
4Lr35 3Ir15 3Ir16 19 4Tr22 3Ir18	4S1	250	999989	exact
4Lr35 3Ir15 3Ir16 19 4Tr22 3Ir19	4Lr15	250	999987	exact
4Lr35 3Ir15 3Ir16 19 4Tr22 3L1	4Lsr21	250	999989	exact
4Lr35 3Ir15 3Ir16 19 4Tr22 3L2	4Lr15	250	999989	exact
4Lr35 3Ir15 3Ir16 19 4Tr22 3L8	4Lr15	250	999987	exact
4Lr35 3Ir15 3Ir16 19 4Tr22 3Lr13	3Ir15	250	999995	exact
4Lr35 3Ir15 3Ir16 19 4Tr22 3Lr27	4Tr37	250	999989	exact
4Lr35 3Ir15 3Ir16 19 4Tr22 3Lr37	4Lr15	250	999989	exact
4Lr35 3Ir15 3Ir16 19 4Tr22 4Lr37	4Ss6	250	999989	exact
4Lr35 3Ir15 3Ir16 19 4Tr22 4Lsr17	4Lsr37	250	999991	exact
4Lr35 3Ir15 3Ir16 19 4Tr22 4S1	4Ss2	250	999989	exact
4Lr35 3Ir15 3Ir16 19 4Tr22 4S2	2r11	250	999989	exact
4Lr35 3Ir15 3Ir16 19 4Tr22 4S8	4Tr38	250	999989	exact
4Lr35 3Ir15 3Ir16 19 4Tr22 4Ss3	3Ir15	250	999995	exact
4Lr35 3Ir15 3Ir16 19 4Tr22 4Ssr17	4Tr37	250	999989	exact
4Lr35 3Ir15 3Ir16 19 4Tr22 4Tr13	4S1	250	999989	exact
4Lr35 3Ir15 3Ir16 19 4Tr22 4Tr31	4Sr11	250	999989	exact
4Lr35 3Ir15 3Ir16 19 4Tr22 4Tr32	4Lr15	250	999989	exact
4Lr35 3Ir15 3Ir16 19 4Tr22 4Tr38	4Ss8	250	999991	exact
4Lr35 3Ir15 3Ir16 21	4Lr15	18	999983	exact
4Lr35 3Ir15 3Ir16 21 4Lr15 12	2r16	250	999997	exact
4Lr35 3Ir15 3Ir16 21 4Lr15 3Lr21	2r16	250	999997	exact
4Lr35 3Ir15 3Ir16 21 4Lr15 4Lr37	2r16	250	999997	exact
4Lr35 3Ir15 3Ir16 21 4Lr15 4Ss2	2r16	250	999997	exact
4Lr35 3Ir15 3Ir16 22	4Ls2	20	999987	exact
4Lr35 3Ir15 3Ir16 23	3Lr23	19	999986	exact
4Lr35 3Ir15 3Ir16 23 3Lr23 11	4Tr11	250	999986	exact
4Lr35 3Ir15 3Ir16 23 3Lr23 12	4Tr27	250	999987	exact
4Lr35 3Ir15 3Ir16 23 3Lr23 13	4Tr27	250	999987	exact
4Lr35 3Ir15 3Ir16 23 3Lr23 14	3Lr31	250	999986	exact
4Lr35 3Ir15 3Ir16 23 3Lr23 15	4Tr27	250	999986	exact
4Lr35 3Ir15 3Ir16 23 3Lr23 16	4Tr27	250	999986	exact
4Lr35 3Ir15 3Ir16 23 3Lr23 17	3Lr31	250	999986	exact
4Lr35 3Ir15 3Ir16 23 3Lr23 18	4S3	250	999986	exact
4Lr35 3Ir15 3Ir16 23 3Lr23 19	4S3	250	999986	exact
4Lr35 3Ir15 3Ir16 23 3Lr23 21	4S3	250	999986	exact
4Lr35 3Ir15 3Ir16 23 3Lr23 27	4S3	250	999986	exact
4Lr35 3Ir15 3Ir16 23 3Lr23 28	4S3	250	999986	exact
4Lr35 3Ir15 3Ir16 23 3Lr23 2r11	4Tr27	250	999986	exact
4Lr35 3Ir15 3Ir16 23 3Lr23 2r12	4S3	250	999986	exact
4Lr35 3Ir15 3Ir16 23 3Lr23 2r13	4Lsr11	250	999986	exact
4Lr35 3Ir15 3Ir16 23 3Lr23 2r14	4Lr15	250	999986	exact
4Lr35 3Ir15 3Ir16 23 3Lr23 2r15	4Tr27	250	999987	exact
4Lr35 3Ir15 3Ir16 23 3Lr23 2r16	4S3	250	999986	exact
4Lr35 3Ir15 3Ir16 23 3Lr23 2r17	4S3	250	999986	exact
4Lr35 3Ir15 3Ir16 23 3Lr23 2r18	4S3	250	999986	exact
4Lr35 3Ir15 3Ir16 23 3Lr23 2r19	4S3	250	999986	exact
4Lr35 3Ir15 3Ir16 23 3Lr23 3I7	4Tr27	250	999986	exact
4Lr35 3Ir15 3Ir16 23 3Lr23 3Ir11	4S3	250	999986	exact
4Lr35 3Ir15 3Ir16 23 3Lr23 3Ir12	4S3	250	999986	exact
4Lr35 3Ir15 3Ir16 23 3Lr23 3Ir13	3Lr21	250	999986	exact
4Lr35 3Ir15 3Ir16 23 3Lr23 3Ir14	3Lr21	250	999987	exact
4Lr35 3Ir15 3Ir16 23 3Lr23 3Ir15	4Tr27	250	999986	exact
4Lr35 3Ir15 3Ir16 23 3Lr23 3Ir16	4Tr27	250	999986	exact
4Lr35 3Ir15 3Ir16 23 3Lr23 3Ir17	4Tr16	250	999987	exact
4Lr35 3Ir15 3Ir16 23 3Lr23 3Ir18	3Lr21	250	999986	exact
4Lr35 3Ir15 3Ir16 23 3Lr23 3Ir19	3Lr21	250	999986	exact
4Lr35 3Ir15 3Ir16 23 3Lr23 3L3	3Lr21	250	999986	exact
4Lr35 3Ir15 3Ir16 23 3Lr23 3Lr21	4S1	250	999986	exact
4Lr35 3Ir15 3Ir16 23 3Lr23 3Lr27	4S3	250	999986	exact
4Lr35 3Ir15 3Ir16 23 3Lr23 3Lr28	4S3	250	999986	exact
4Lr35 3Ir15 3Ir16 23 3Lr23 3Lr31	4S3	250	999986	exact
4Lr35 3Ir15 3Ir16 23 3Lr23 3Lr37	4Ss7	250	999987	exact
4Lr35 3Ir15 3Ir16 23 3Lr23 3Lr38	4S3	250	999986	exact
4Lr35 3Ir15 3Ir16 23 3Lr23 4Lr15	4Tr27	250	999993	exact
4Lr35 3Ir15 3Ir16 23 3Lr23 4Lr27	4S3	250	999986	exact
4Lr35 3Ir15 3Ir16 23 3Lr23 4Lr31	4S3	250	999986	exact
4Lr35 3Ir15 3Ir16 23 3Lr23 4Lr37	4Tr16	250	999986	exact
4Lr35 3Ir15 3Ir16 23 3Lr23 4Lr38	4S3	250	999986	exact
4Lr35 3Ir15 3Ir16 23 3Lr23 4Lsr11	4Ss2	250	999993	exact
4Lr35 3Ir15 3Ir16 23 3Lr23 4Lsr17	4S3	250	999986	exact
4Lr35 3Ir15 3Ir16 23 3Lr23 4Lsr18	4S3	250	999986	exact
4Lr35 3Ir15 3Ir16 23 3Lr23 4Lsr27	4S3	250	999986	exact
4Lr35 3Ir15 3Ir16 23 3Lr23 4Lsr32	3Ir15	250	999995	exact
4Lr35 3Ir15 3Ir16 23 3Lr23 4S3	4S3	250	999986	exact
4Lr35 3Ir15 3Ir16 23 3Lr23 4Tr27	4S3	250	999986	exact
4Lr35 3Ir15 3Ir16 23 3Lr23 4Tr33	3Lr21	250	999986	exact
4Lr35 3Ir15 3Ir16 27	4Tr22	18	999985	exact
4Lr35 3Ir15 3Ir16 27 4Tr22 11	4Lr15	250	999985	exact
4Lr35 3Ir15 3Ir16 27 4Tr22 12	4Lr37	250	999987	exact
4Lr35 3Ir15 3Ir16 27 4Tr22 13	4S1	250	999985	exact
4Lr35 3Ir15 3Ir16 27 4Tr22 14	4Ls7	250	999987	exact
4Lr35 3Ir15 3Ir16 27 4Tr22 15	4Ls7	250	999986	exact
4Lr35 3Ir15 3Ir16 27 4Tr22 16	4Lsr17	250	999987	exact
4Lr35 3Ir15 3Ir16 27 4Tr22 17	4Lr15	250	999985	exact
4Lr35 3Ir15 3Ir16 27 4Tr22 18	4Lr15	250	999986	exact
4Lr35 3Ir15 3Ir16 27 4Tr22 19	3I7	250	999993	exact
4Lr35 3Ir15 3Ir16 27 4Tr22 27	4Lr37	250	999987	exact
4Lr35 3Ir15 3Ir16 27 4Tr22 2r11	4Ss1	250	999985	exact
4Lr35 3Ir15 3Ir16 27 4Tr22 2r12	4Lr15	250	999985	exact
4Lr35 3Ir15 3Ir16 27 4Tr22 2r13	4S1	250	999985	exact
4Lr35 3Ir15 3Ir16 27 4Tr22 2r14	3Lr27	250	999987	exact
4Lr35 3Ir15 3Ir16 27 4Tr22 2r15	4Lsr17	250	999985	exact
4Lr35 3Ir15 3Ir16 27 4Tr22 2r16	4Ls7	250	999986	exact
4Lr35 3Ir15 3Ir16 27 4Tr22 2r17	4Lr15	250	999985	exact
4Lr35 3Ir15 3Ir16 27 4Tr22 2r18	4S1	250	999985	exact
4Lr35 3Ir15 3Ir16 27 4Tr22 2r19	4S1	250	999985	exact
4Lr35 3Ir15 3Ir16 27 4Tr22 3Ir11	4Lr15	250	999985	exact
4Lr35 3Ir15 3Ir16 27 4Tr22 3Ir12	4Ss8	250	999985	exact
4Lr35 3Ir15 3Ir16 27 4Tr22 3Ir13	4Tr31	250	999985	exact
4Lr35 3Ir15 3Ir16 27 4Tr22 3Ir14	4Ls7	250	999993	exact
4Lr35 3Ir15 3Ir16 27 4Tr22 3Ir15	4Lsr17	250	999987	exact
4Lr35 3Ir15 3Ir16 27 4Tr22 3Ir16	4Lsr17	250	999985	exact
4Lr35 3Ir15 3Ir16 27 4Tr22 3Ir17	4Lr15	250	999985	exact
4Lr35 3Ir15 3Ir16 27 4Tr22 3Ir18	4S1	250	999985	exact
4Lr35 3Ir15 3Ir16 27 4Tr22 3Ir19	4S1	250	999985	exact
4Lr35 3Ir15 3Ir16 27 4Tr22 3L1	4Tr21	250	999985	exact
4Lr35 3Ir15 3Ir16 27 4Tr22 3L2	3Ir11	250	999985	exact
4Lr35 3Ir15 3Ir16 27 4Tr22 3Lr13	3Ir15	250	999995	exact
4Lr35 3Ir15 3Ir16 27 4Tr22 3Lr18	4S7	250	999987	exact
4Lr35 3Ir15 3Ir16 27 4Tr22 3Lr27	4Lr15	250	999985	exact
4Lr35 3Ir15 3Ir16 27 4Tr22 3Lr37	4Lr15	250	999986	exact
4Lr35 3Ir15 3Ir16 27 4Tr22 4Lr15	4Lsr17	250	999985	exact
4Lr35 3Ir15 3Ir16 27 4Tr22 4Lr37	4Lr15	250	999985	exact
4Lr35 3Ir15 3Ir16 27 4Tr22 4Ls7	4Lr15	250	999985	exact
4Lr35 3Ir15 3Ir16 27 4Tr22 4Lsr17	4Lsr37	250	999985	exact
4Lr35 3Ir15 3Ir16 27 4Tr22 4S1	4Ss2	250	999985	exact
4Lr35 3Ir15 3Ir16 27 4Tr22 4S2	4Lr15	250	999985	exact
4Lr35 3Ir15 3Ir16 27 4Tr22 4Ss3	3Ir15	250	999995	exact
4Lr35 3Ir15 3Ir16 27 4Tr22 4Ss8	4Lr15	250	999985	exact
4Lr35 3Ir15 3Ir16 27 4Tr22 4Tr13	4S1	250	999991	exact
4Lr35 3Ir15 3Ir16 27 4Tr22 4Tr18	4Lr15	250	999985	exact
4Lr35 3Ir15 3Ir16 27 4Tr22 4Tr31	4Sr11	250	999985	exact
4Lr35 3Ir15 3Ir16 27 4Tr22 4Tr32	4Lr15	250	999985	exact
4Lr35 3Ir15 3Ir16 28	4Tr22	19	999984	exact
4Lr35 3Ir15 3Ir16 2r11	3Lr23	20	999982	exact
4Lr35 3Ir15 3Ir16 2r12	4Lr15	19	999982	exact
4Lr35 3Ir15 3Ir16 2r13	4Tr27	19	999985	exact
4Lr35 3Ir15 3Ir16 2r13 4Tr27 14	4Lr15	250	999985	exact
4Lr35 3Ir15 3Ir16 2r13 4Tr27 2r14	3Lr33	250	999986	exact
4Lr35 3Ir15 3Ir16 2r13 4Tr27 2r16	4Lr13	250	999985	exact
4Lr35 3Ir15 3Ir16 2r13 4Tr27 2r19	4Lr13	250	999985	exact
4Lr35 3Ir15 3Ir16 2r13 4Tr27 3Ir12	4Lr15	250	999985	exact
4Lr35 3Ir15 3Ir16 2r13 4Tr27 3Lr21	4L1	250	999995	exact
4Lr35 3Ir15 3Ir16 2r13 4Tr27 3Lr31	4T1	250	999995	exact
4Lr35 3Ir15 3Ir16 2r13 4Tr27 4Lsr32	4Lr15	250	999985	exact
4Lr35 3Ir15 3Ir16 2r13 4Tr27 4Tr18	4Lsr32	250	999993	exact
4Lr35 3Ir15 3Ir16 2r14	4Tr27	20	999985	exact
4Lr35 3Ir15 3Ir16 2r14 4Tr27 11	2r14	250	999985	exact
4Lr35 3Ir15 3Ir16 2r14 4Tr27 12	2r14	250	999985	exact
4Lr35 3Ir15 3Ir16 2r14 4Tr27 13	4Lr15	250	999985	exact
4Lr35 3Ir15 3Ir16 2r14 4Tr27 14	4Lr15	250	999985	exact
4Lr35 3Ir15 3Ir16 2r14 4Tr27 15	2r14	250	999985	exact
4Lr35 3Ir15 3Ir16 2r14 4Tr27 16	2r14	250	999985	exact
4Lr35 3Ir15 3Ir16 2r14 4Tr27 17	3Ir15	250	999993	exact
4Lr35 3Ir15 3Ir16 2r14 4Tr27 18	2r14	250	999985	exact
4Lr35 3Ir15 3Ir16 2r14 4Tr27 19	2r14	250	999985	exact
4Lr35 3Ir15 3Ir16 2r14 4Tr27 21	3Ir15	250	999985	exact
4Lr35 3Ir15 3Ir16 2r14 4Tr27 22	4Lr15	250	999985	exact
4Lr35 3Ir15 3Ir16 2r14 4Tr27 2r11	4Lr15	250	999985	exact
4Lr35 3Ir15 3Ir16 2r14 4Tr27 2r12	2r14	250	999985	exact
4Lr35 3Ir15 3Ir16 2r14 4Tr27 2r13	3Ir15	250	999993	exact
4Lr35 3Ir15 3Ir16 2r14 4Tr27 2r14	4Lr15	250	999985	exact
4Lr35 3Ir15 3Ir16 2r14 4Tr27 2r15	4Lsr33	250	999985	exact
4Lr35 3Ir15 3Ir16 2r14 4Tr27 2r16	4Lsr33	250	999985	exact
4Lr35 3Ir15 3Ir16 2r14 4Tr27 2r17	4Lsr33	250	999985	exact
4Lr35 3Ir15 3Ir16 2r14 4Tr27 2r18	2r14	250	999985	exact
4Lr35 3Ir15 3Ir16 2r14 4Tr27 2r19	2r14	250	999985	exact
4Lr35 3Ir15 3Ir16 2r14 4Tr27 3I1	4Tr33	250	999985	exact
4Lr35 3Ir15 3Ir16 2r14 4Tr27 3Ir11	4Lr15	250	999985	exact
4Lr35 3Ir15 3Ir16 2r14 4Tr27 3Ir12	4Lr15	250	999985	exact
4Lr35 3Ir15 3Ir16 2r14 4Tr27 3Ir13	4Ss3	250	999985	exact
4Lr35 3Ir15 3Ir16 2r14 4Tr27 3Ir14	4Lr15	250	999985	exact
4Lr35 3Ir15 3Ir16 2r14 4Tr27 3Ir15	4Lsr33	250	999985	exact
4Lr35 3Ir15 3Ir16 2r14 4Tr27 3Ir16	3Ir14	250	999987	exact
4Lr35 3Ir15 3Ir16 2r14 4Tr27 3Ir17	2r14	250	999985	exact
4Lr35 3Ir15 3Ir16 2r14 4Tr27 3Ir18	2r14	250	999985	exact
4Lr35 3Ir15 3Ir16 2r14 4Tr27 3Ir19	2r14	250	999985	exact
4Lr35 3Ir15 3Ir16 2r14 4Tr27 3L7	2r14	250	999985	exact
4Lr35 3Ir15 3Ir16 2r14 4Tr27 3Lr18	2r14	250	999985	exact
4Lr35 3Ir15 3Ir16 2r14 4Tr27 3Lr21	4Lr15	250	999985	exact
4Lr35 3Ir15 3Ir16 2r14 4Tr27 3Lr22	4L2	250	999995	exact
4Lr35 3Ir15 3Ir16 2r14 4Tr27 3Lr31	4Lr15	250	999985	exact
4Lr35 3Ir15 3Ir16 2r14 4Tr27 3Lr32	4T2	250	999995	exact
4Lr35 3Ir15 3Ir16 2r14 4Tr27 4Lr15	4Lsr33	250	999985	exact
4Lr35 3Ir15 3Ir16 2r14 4Tr27 4Lr21	4Lr33	250	999985	exact
4Lr35 3Ir15 3Ir16 2r14 4Tr27 4Lr31	2r14	250	999987	exact
4Lr35 3Ir15 3Ir16 2r14 4Tr27 4Lr32	2r14	250	999987	exact
4Lr35 3Ir15 3Ir16 2r14 4Tr27 4Lsr11	2r14	250	999985	exact
4Lr35 3Ir15 3Ir16 2r14 4Tr27 4Lsr12	4Ss3	250	999993	exact
4Lr35 3Ir15 3Ir16 2r14 4Tr27 4Lsr21	4S3	250	999986	exact
4Lr35 3Ir15 3Ir16 2r14 4Tr27 4Lsr33	3Ir15	250	999995	exact
4Lr35 3Ir15 3Ir16 2r14 4Tr27 4S7	4Lsr33	250	999985	exact
4Lr35 3Ir15 3Ir16 2r14 4Tr27 4Ss8	3Ir14	250	999985	exact
4Lr35 3Ir15 3Ir16 2r14 4Tr27 4Tr18	2r14	250	999985	exact
4Lr35 3Ir15 3Ir16 2r14 4Tr27 4Tr21	4T2	250	999995	exact
4Lr35 3Ir15 3Ir16 2r14 4Tr27 4Tr37	3Ir14	250	999985	exact
4Lr35 3Ir15 3Ir16 2r15	4Tr22	16	999987	exact
4Lr35 3Ir15 3Ir16 2r15 4Tr22 11	4Ssr11	250	999987	exact
4Lr35 3Ir15 3Ir16 2r15 4Tr22 12	4Tr27	250	999991	exact
4Lr35 3Ir15 3Ir16 2r15 4Tr22 13	4S1	250	999987	exact
4Lr35 3Ir15 3Ir16 2r15 4Tr22 14	4S1	250	999987	exact
4Lr35 3Ir15 3Ir16 2r15 4Tr22 15	4S1	250	999987	exact
4Lr35 3Ir15 3Ir16 2r15 4Tr22 16	4Tr27	250	999989	exact
4Lr35 3Ir15 3Ir16 2r15 4Tr22 17	3L1	250	999989	exact
4Lr35 3Ir15 3Ir16 2r15 4Tr22 18	4Ss8	250	999987	exact
4Lr35 3Ir15 3Ir16 2r15 4Tr22 19	4Ssr17	250	999989	exact
4Lr35 3Ir15 3Ir16 2r15 4Tr22 27	4Ls7	250	999989	exact
4Lr35 3Ir15 3Ir16 2r15 4Tr22 28	4L7	250	999989	exact
4Lr35 3Ir15 3Ir16 2r15 4Tr22 2r11	4Ss1	250	999987	exact
4Lr35 3Ir15 3Ir16 2r15 4Tr22 2r12	4Tr12	250	999987	exact
4Lr35 3Ir15 3Ir16 2r15 4Tr22 2r13	4S1	250	999987	exact
4Lr35 3Ir15 3Ir16 2r15 4Tr22 2r14	4S1	250	999987	exact
4Lr35 3Ir15 3Ir16 2r15 4Tr22 2r16	4Tr27	250	999993	exact
4Lr35 3Ir15 3Ir16 2r15 4Tr22 2r17	4Lr16	250	999987	exact
4Lr35 3Ir15 3Ir16 2r15 4Tr22 2r18	4S2	250	999987	exact
4Lr35 3Ir15 3Ir16 2r15 4Tr22 2r19	3L1	250	999987	exact
4Lr35 3Ir15 3Ir16 2r15 4Tr22 3I7	4Tr27	250	999993	exact
4Lr35 3Ir15 3Ir16 2r15 4Tr22 3Ir11	4Lr11	250	999987	exact
4Lr35 3Ir15 3Ir16 2r15 4Tr22 3Ir12	4Tr27	250	999991	exact
4Lr35 3Ir15 3Ir16 2r15 4Tr22 3Ir13	4S1	250	999987	exact
4Lr35 3Ir15 3Ir16 2r15 4Tr22 3Ir14	3L1	250	999987	exact
4Lr35 3Ir15 3Ir16 2r15 4Tr22 3Ir16	4Tr27	250	999987	exact
4Lr35 3Ir15 3Ir16 2r15 4Tr22 3Ir17	4Ss6	250	999987	exact
4Lr35 3Ir15 3Ir16 2r15 4Tr22 3Ir18	4S1	250	999987	exact
4Lr35 3Ir15 3Ir16 2r15 4Tr22 3Ir19	3L1	250	999987	exact
4Lr35 3Ir15 3Ir16 2r15 4Tr22 3L1	4Tr21	250	999987	exact
4Lr35 3Ir15 3Ir16 2r15 4Tr22 3L2	11	250	999987	exact
4Lr35 3Ir15 3Ir16 2r15 4Tr22 3Lr13	4S1	250	999987	exact
4Lr35 3Ir15 3Ir16 2r15 4Tr22 3Lr27	4S7	250	999987	exact
4Lr35 3Ir15 3Ir16 2r15 4Tr22 3Lr28	4Tr38	250	999989	exact
4Lr35 3Ir15 3Ir16 2r15 4Tr22 3Lr37	4Tr17	250	999989	exact
4Lr35 3Ir15 3Ir16 2r15 4Tr22 3Lr38	4Ss8	250	999987	exact
4Lr35 3Ir15 3Ir16 2r15 4Tr22 4Lr27	4Ssr17	250	999993	exact
4Lr35 3Ir15 3Ir16 2r15 4Tr22 4Lr37	4Tr16	250	999987	exact
4Lr35 3Ir15 3Ir16 2r15 4Tr22 4Lr38	4Lr18	250	999987	exact
4Lr35 3Ir15 3Ir16 2r15 4Tr22 4Lsr17	4Lsr37	250	999987	exact
4Lr35 3Ir15 3Ir16 2r15 4Tr22 4Lsr18	4Lsr38	250	999987	exact
4Lr35 3Ir15 3Ir16 2r15 4Tr22 4Lsr27	4Sr17	250	999993	exact
4Lr35 3Ir15 3Ir16 2r15 4Tr22 4S1	4Ss2	250	999987	exact
4Lr35 3Ir15 3Ir16 2r15 4Tr22 4S2	2r11	250	999987	exact
4Lr35 3Ir15 3Ir16 2r15 4Tr22 4Ss3	4S1	250	999987	exact
4Lr35 3Ir15 3Ir16 2r15 4Tr22 4Tr13	4S1	250	999989	exact
4Lr35 3Ir15 3Ir16 2r15 4Tr22 4Tr27	4Ss8	250	999987	exact
4Lr35 3Ir15 3Ir16 2r15 4Tr22 4Tr31	4Sr11	250	999987	exact
4Lr35 3Ir15 3Ir16 2r15 4Tr22 4Tr32	11	250	999987	exact
4Lr35 3Ir15 3Ir16 2r16	4Tr22	16	999986	exact
4Lr35 3Ir15 3Ir16 2r16 4Tr22 11	4Ssr11	250	999986	exact
4Lr35 3Ir15 3Ir16 2r16 4Tr22 12	4Tr27	250	999995	exact
4Lr35 3Ir15 3Ir16 2r16 4Tr22 13	4S1	250	999987	exact
4Lr35 3Ir15 3Ir16 2r16 4Tr22 14	4Tr27	250	999987	exact
4Lr35 3Ir15 3Ir16 2r16 4Tr22 15	4Tr27	250	999989	exact
4Lr35 3Ir15 3Ir16 2r16 4Tr22 16	4Tr27	250	999991	exact
4Lr35 3Ir15 3Ir16 2r16 4Tr22 17	4Sr17	250	999989	exact
4Lr35 3Ir15 3Ir16 2r16 4Tr22 18	4S7	250	999989	exact
4Lr35 3Ir15 3Ir16 2r16 4Tr22 19	4Ssr17	250	999989	exact
4Lr35 3Ir15 3Ir16 2r16 4Tr22 25	4Tr27	250	999989	exact
4Lr35 3Ir15 3Ir16 2r16 4Tr22 27	4Ls7	250	999989	exact
4Lr35 3Ir15 3Ir16 2r16 4Tr22 28	4Tr37	250	999989	exact
4Lr35 3Ir15 3Ir16 2r16 4Tr22 2r11	4T1	250	999986	exact
4Lr35 3Ir15 3Ir16 2r16 4Tr22 2r12	4Tr27	250	999989	exact
4Lr35 3Ir15 3Ir16 2r16 4Tr22 2r13	4S1	250	999987	exact
4Lr35 3Ir15 3Ir16 2r16 4Tr22 2r14	4Tr27	250	999987	exact
4Lr35 3Ir15 3Ir16 2r16 4Tr22 2r15	4Tr27	250	999989	exact
4Lr35 3Ir15 3Ir16 2r16 4Tr22 2r16	4Tr27	250	999989	exact
4Lr35 3Ir15 3Ir16 2r16 4Tr22 2r17	3Ir17	250	999989	exact
4Lr35 3Ir15 3Ir16 2r16 4Tr22 2r18	4S1	250	999986	exact
4Lr35 3Ir15 3Ir16 2r16 4Tr22 2r19	4Tr32	250	999986	exact
4Lr35 3Ir15 3Ir16 2r16 4Tr22 3I7	4Tr27	250	999987	exact
4Lr35 3Ir15 3Ir16 2r16 4Tr22 3Ir11	4Lr11	250	999987	exact
4Lr35 3Ir15 3Ir16 2r16 4Tr22 3Ir12	4Tr27	250	999993	exact
4Lr35 3Ir15 3Ir16 2r16 4Tr22 3Ir13	4S1	250	999987	exact
4Lr35 3Ir15 3Ir16 2r16 4Tr22 3Ir14	4S1	250	999987	exact
4Lr35 3Ir15 3Ir16 2r16 4Tr22 3Ir15	4Tr27	250	999993	exact
4Lr35 3Ir15 3Ir16 2r16 4Tr22 3Ir16	4S1	250	999989	exact
4Lr35 3Ir15 3Ir16 2r16 4Tr22 3Ir17	3Ir17	250	999987	exact
4Lr35 3Ir15 3Ir16 2r16 4Tr22 3Ir18	4S1	250	999987	exact
4Lr35 3Ir15 3Ir16 2r16 4Tr22 3Ir19	4S2	250	999987	exact
4Lr35 3Ir15 3Ir16 2r16 4Tr22 3L1	4Tr21	250	999987	exact
4Lr35 3Ir15 3Ir16 2r16 4Tr22 3L2	2r11	250	999986	exact
4Lr35 3Ir15 3Ir16 2r16 4Tr22 3Lr13	4S1	250	999989	exact
4Lr35 3Ir15 3Ir16 2r16 4Tr22 3Lr25	4S1	250	999987	exact
4Lr35 3Ir15 3Ir16 2r16 4Tr22 3Lr27	4S7	250	999987	exact
4Lr35 3Ir15 3Ir16 2r16 4Tr22 3Lr28	4S8	250	999987	exact
4Lr35 3Ir15 3Ir16 2r16 4Tr22 3Lr35	4S1	250	999989	exact
4Lr35 3Ir15 3Ir16 2r16 4Tr22 3Lr37	4Ss7	250	999989	exact
4Lr35 3Ir15 3Ir16 2r16 4Tr22 3Lr38	4Ss8	250	999989	exact
4Lr35 3Ir15 3Ir16 2r16 4Tr22 4Lr27	4Ssr17	250	999986	exact
4Lr35 3Ir15 3Ir16 2r16 4Tr22 4Lr35	4Tr27	250	999987	exact
4Lr35 3Ir15 3Ir16 2r16 4Tr22 4Lr37	4Lr17	250	999987	exact
4Lr35 3Ir15 3Ir16 2r16 4Tr22 4Lr38	4Lr18	250	999986	exact
4Lr35 3Ir15 3Ir16 2r16 4Tr22 4Lsr15	4S1	250	999989	exact
4Lr35 3Ir15 3Ir16 2r16 4Tr22 4Lsr17	4Lsr37	250	999986	exact
4Lr35 3Ir15 3Ir16 2r16 4Tr22 4Lsr18	4Ss3	250	999986	exact
4Lr35 3Ir15 3Ir16 2r16 4Tr22 4Lsr27	4Sr17	250	999989	exact
4Lr35 3Ir15 3Ir16 2r16 4Tr22 4S1	4Ss2	250	999986	exact
4Lr35 3Ir15 3Ir16 2r16 4Tr22 4S2	2r11	250	999986	exact
4Lr35 3Ir15 3Ir16 2r16 4Tr22 4Ss3	4S1	250	999987	exact
4Lr35 3Ir15 3Ir16 2r16 4Tr22 4Tr13	4S1	250	999987	exact
4Lr35 3Ir15 3Ir16 2r16 4Tr22 4Tr27	4S7	250	999987	exact
4Lr35 3Ir15 3Ir16 2r16 4Tr22 4Tr31	4Sr11	250	999987	exact
4Lr35 3Ir15 3Ir16 2r16 4Tr22 4Tr32	2r11	250	999986	exact
4Lr35 3Ir15 3Ir16 2r17	4Lr15	19	999983	exact
4Lr35 3Ir15 3Ir16 2r17 4Lr15 11	2r15	250	999997	exact
4Lr35 3Ir15 3Ir16 2r17 4Lr15 12	3Lr25	250	999997	exact
4Lr35 3Ir15 3Ir16 2r17 4Lr15 13	3Lr25	250	999997	exact
4Lr35 3Ir15 3Ir16 2r17 4Lr15 14	3Lr25	250	999997	exact
4Lr35 3Ir15 3Ir16 2r17 4Lr15 15	3Lr15	250	999997	exact
4Lr35 3Ir15 3Ir16 2r17 4Lr15 16	3L5	250	999997	exact
4Lr35 3Ir15 3Ir16 2r17 4Lr15 17	3Lr25	250	999997	exact
4Lr35 3Ir15 3Ir16 2r17 4Lr15 18	3Lr25	250	999997	exact
4Lr35 3Ir15 3Ir16 2r17 4Lr15 19	3Lr25	250	999997	exact
4Lr35 3Ir15 3Ir16 2r17 4Lr15 21	3Lr25	250	999997	exact
4Lr35 3Ir15 3Ir16 2r17 4Lr15 22	3Lr25	250	999997	exact
4Lr35 3Ir15 3Ir16 2r17 4Lr15 23	3Lr25	250	999997	exact
4Lr35 3Ir15 3Ir16 2r17 4Lr15 25	4Tr22	250	999983	exact
4Lr35 3Ir15 3Ir16 2r17 4Lr15 28	3Lr25	250	999997	exact
4Lr35 3Ir15 3Ir16 2r17 4Lr15 2r11	3Lr25	250	999997	exact
4Lr35 3Ir15 3Ir16 2r17 4Lr15 2r12	3Lr25	250	999997	exact
4Lr35 3Ir15 3Ir16 2r17 4Lr15 2r13	3Lr25	250	999997	exact
4Lr35 3Ir15 3Ir16 2r17 4Lr15 2r14	3Lr25	250	999997	exact
4Lr35 3Ir15 3Ir16 2r17 4Lr15 2r15	2r16	250	999997	exact
4Lr35 3Ir15 3Ir16 2r17 4Lr15 2r16	2r15	250	999997	exact
4Lr35 3Ir15 3Ir16 2r17 4Lr15 2r17	3Lr25	250	999997	exact
4Lr35 3Ir15 3Ir16 2r17 4Lr15 2r18	3Lr25	250	999997	exact
4Lr35 3Ir15 3Ir16 2r17 4Lr15 2r19	3Lr25	250	999997	exact
4Lr35 3Ir15 3Ir16 2r17 4Lr15 3I1	3Lr25	250	999997	exact
4Lr35 3Ir15 3Ir16 2r17 4Lr15 3I2	3Lr25	250	999997	exact
4Lr35 3Ir15 3Ir16 2r17 4Lr15 3Ir11	3Lr25	250	999997	exact
4Lr35 3Ir15 3Ir16 2r17 4Lr15 3Ir12	3Lr25	250	999997	exact
4Lr35 3Ir15 3Ir16 2r17 4Lr15 3Ir13	3Lr25	250	999997	exact
4Lr35 3Ir15 3Ir16 2r17 4Lr15 3Ir14	3Lr25	250	999997	exact
4Lr35 3Ir15 3Ir16 2r17 4Lr15 3Ir17	3Lr25	250	999997	exact
4Lr35 3Ir15 3Ir16 2r17 4Lr15 3Ir18	3Lr25	250	999997	exact
4Lr35 3Ir15 3Ir16 2r17 4Lr15 3Ir19	3Lr25	250	999997	exact
4Lr35 3Ir15 3Ir16 2r17 4Lr15 3Lr21	3Lr25	250	999997	exact
4Lr35 3Ir15 3Ir16 2r17 4Lr15 3Lr22	3Lr25	250	999997	exact
4Lr35 3Ir15 3Ir16 2r17 4Lr15 3Lr23	3Lr25	250	999997	exact
4Lr35 3Ir15 3Ir16 2r17 4Lr15 3Lr25	4Tr22	250	999983	exact
4Lr35 3Ir15 3Ir16 2r17 4Lr15 3Lr28	3Lr25	250	999997	exact
4Lr35 3Ir15 3Ir16 2r17 4Lr15 3Lr31	3Lr25	250	999997	exact
4Lr35 3Ir15 3Ir16 2r17 4Lr15 3Lr32	3Lr25	250	999997	exact
4Lr35 3Ir15 3Ir16 2r17 4Lr15 3Lr33	3Lr25	250	999997	exact
4Lr35 3Ir15 3Ir16 2r17 4Lr15 3Lr35	4Tr22	250	999983	exact
4Lr35 3Ir15 3Ir16 2r17 4Lr15 3Lr38	2r16	250	999997	exact
4Lr35 3Ir15 3Ir16 2r17 4Lr15 4Lr17	3Lr25	250	999997	exact
4Lr35 3Ir15 3Ir16 2r17 4Lr15 4Lr21	3Lr25	250	999997	exact
4Lr35 3Ir15 3Ir16 2r17 4Lr15 4Lr22	3Lr25	250	999997	exact
4Lr35 3Ir15 3Ir16 2r17 4Lr15 4Lr31	3Lr25	250	999997	exact
4Lr35 3Ir15 3Ir16 2r17 4Lr15 4Lr32	3Lr25	250	999997	exact
4Lr35 3Ir15 3Ir16 2r17 4Lr15 4Lr33	3Lr25	250	999997	exact
4Lr35 3Ir15 3Ir16 2r17 4Lr15 4Lr38	3Lr25	250	999997	exact
4Lr35 3Ir15 3Ir16 2r17 4Lr15 4Lsr11	3Lr25	250	999997	exact
4Lr35 3Ir15 3Ir16 2r17 4Lr15 4Lsr12	3Lr25	250	999997	exact
4Lr35 3Ir15 3Ir16 2r17 4Lr15 4Lsr13	3Lr25	250	999997	exact
4Lr35 3Ir15 3Ir16 2r17 4Lr15 4Lsr18	3Lr25	250	999997	exact
4Lr35 3Ir15 3Ir16 2r17 4Lr15 4Lsr21	3Lr25	250	999997	exact
4Lr35 3Ir15 3Ir16 2r17 4Lr15 4Lsr22	3Lr25	250	999997	exact
4Lr35 3Ir15 3Ir16 2r17 4Lr15 4Tr21	3Lr25	250	999997	exact
4Lr35 3Ir15 3Ir16 2r17 4Lr15 4Tr22	3Lr25	250	999997	exact
4Lr35 3Ir15 3Ir16 2r18	4Lr15	18	999983	exact
4Lr35 3Ir15 3Ir16 2r18 4Lr15 11	2r15	250	999997	exact
4Lr35 3Ir15 3Ir16 2r18 4Lr15 12	2r15	250	999997	exact
4Lr35 3Ir15 3Ir16 2r18 4Lr15 13	2r15	250	999997	exact
4Lr35 3Ir15 3Ir16 2r18 4Lr15 14	2r15	250	999997	exact
4Lr35 3Ir15 3Ir16 2r18 4Lr15 15	3Lr15	250	999997	exact
4Lr35 3Ir15 3Ir16 2r18 4Lr15 16	3L5	250	999997	exact
4Lr35 3Ir15 3Ir16 2r18 4Lr15 17	2r15	250	999997	exact
4Lr35 3Ir15 3Ir16 2r18 4Lr15 18	3Lr25	250	999997	exact
4Lr35 3Ir15 3Ir16 2r18 4Lr15 19	3Lr25	250	999997	exact
4Lr35 3Ir15 3Ir16 2r18 4Lr15 21	2r15	250	999997	exact
4Lr35 3Ir15 3Ir16 2r18 4Lr15 22	2r15	250	999997	exact
4Lr35 3Ir15 3Ir16 2r18 4Lr15 23	2r15	250	999997	exact
4Lr35 3Ir15 3Ir16 2r18 4Lr15 25	4Tr22	250	999983	exact
4Lr35 3Ir15 3Ir16 2r18 4Lr15 2r11	2r15	250	999997	exact
4Lr35 3Ir15 3Ir16 2r18 4Lr15 2r12	2r15	250	999997	exact
4Lr35 3Ir15 3Ir16 2r18 4Lr15 2r13	2r15	250	999997	exact
4Lr35 3Ir15 3Ir16 2r18 4Lr15 2r14	2r15	250	999997	exact
4Lr35 3Ir15 3Ir16 2r18 4Lr15 2r15	2r16	250	999997	exact
4Lr35 3Ir15 3Ir16 2r18 4Lr15 2r16	2r15	250	999997	exact
4Lr35 3Ir15 3Ir16 2r18 4Lr15 2r17	2r15	250	999997	exact
4Lr35 3Ir15 3Ir16 2r18 4Lr15 2r18	2r15	250	999997	exact
4Lr35 3Ir15 3Ir16 2r18 4Lr15 2r19	2r15	250	999997	exact
4Lr35 3Ir15 3Ir16 2r18 4Lr15 3I1	2r15	250	999997	exact
4Lr35 3Ir15 3Ir16 2r18 4Lr15 3I2	2r15	250	999997	exact
4Lr35 3Ir15 3Ir16 2r18 4Lr15 3Ir11	2r15	250	999997	exact
4Lr35 3Ir15 3Ir16 2r18 4Lr15 3Ir12	2r15	250	999997	exact
4Lr35 3Ir15 3Ir16 2r18 4Lr15 3Ir13	2r15	250	999997	exact
4Lr35 3Ir15 3Ir16 2r18 4Lr15 3Ir14	2r15	250	999997	exact
4Lr35 3Ir15 3Ir16 2r18 4Lr15 3Ir17	2r15	250	999997	exact
4Lr35 3Ir15 3Ir16 2r18 4Lr15 3Ir18	2r15	250	999997	exact
4Lr35 3Ir15 3Ir16 2r18 4Lr15 3Ir19	2r15	250	999997	exact
4Lr35 3Ir15 3Ir16 2r18 4Lr15 3Lr21	2r15	250	999997	exact
4Lr35 3Ir15 3Ir16 2r18 4Lr15 3Lr22	2r15	250	999997	exact
4Lr35 3Ir15 3Ir16 2r18 4Lr15 3Lr23	2r15	250	999997	exact
4Lr35 3Ir15 3Ir16 2r18 4Lr15 3Lr25	4Tr22	250	999983	exact
4Lr35 3Ir15 3Ir16 2r18 4Lr15 3Lr31	2r15	250	999997	exact
4Lr35 3Ir15 3Ir16 2r18 4Lr15 3Lr32	2r15	250	999997	exact
4Lr35 3Ir15 3Ir16 2r18 4Lr15 3Lr33	2r15	250	999997	exact
4Lr35 3Ir15 3Ir16 2r18 4Lr15 3Lr35	4Tr22	250	999983	exact
4Lr35 3Ir15 3Ir16 2r18 4Lr15 4Lr18	2r15	250	999997	exact
4Lr35 3Ir15 3Ir16 2r18 4Lr15 4Lr21	2r15	250	999997	exact
4Lr35 3Ir15 3Ir16 2r18 4Lr15 4Lr22	2r15	250	999997	exact
4Lr35 3Ir15 3Ir16 2r18 4Lr15 4Lr31	2r15	250	999997	exact
4Lr35 3Ir15 3Ir16 2r18 4Lr15 4Lr32	2r15	250	999997	exact
4Lr35 3Ir15 3Ir16 2r18 4Lr15 4Lr33	2r15	250	999997	exact
4Lr35 3Ir15 3Ir16 2r18 4Lr15 4Lsr11	2r15	250	999997	exact
4Lr35 3Ir15 3Ir16 2r18 4Lr15 4Lsr12	2r15	250	999997	exact
4Lr35 3Ir15 3Ir16 2r18 4Lr15 4Lsr13	2r15	250	999997	exact
4Lr35 3Ir15 3Ir16 2r18 4Lr15 4Lsr21	2r15	250	999997	exact
4Lr35 3Ir15 3Ir16 2r18 4Lr15 4Lsr22	2r15	250	999997	exact
4Lr35 3Ir15 3Ir16 2r18 4Lr15 4Lsr37	2r15	250	999997	exact
4Lr35 3Ir15 3Ir16 2r18 4Lr15 4Tr21	2r15	250	999997	exact
4Lr35 3Ir15 3Ir16 2r18 4Lr15 4Tr22	2r15	250	999997	exact
4Lr35 3Ir15 3Ir16 2r19	4Lr15	18	999984	exact
4Lr35 3Ir15 3Ir16 2r19 4Lr15 11	3Lr25	250	999997	exact
4Lr35 3Ir15 3Ir16 2r19 4Lr15 12	3Lr25	250	999997	exact
4Lr35 3Ir15 3Ir16 2r19 4Lr15 13	3Lr25	250	999997	exact
4Lr35 3Ir15 3Ir16 2r19 4Lr15 14	3Lr25	250	999997	exact
4Lr35 3Ir15 3Ir16 2r19 4Lr15 15	3Lr15	250	999997	exact
4Lr35 3Ir15 3Ir16 2r19 4Lr15 16	3L5	250	999997	exact
4Lr35 3Ir15 3Ir16 2r19 4Lr15 17	3Lr25	250	999997	exact
4Lr35 3Ir15 3Ir16 2r19 4Lr15 18	3Lr25	250	999997	exact
4Lr35 3Ir15 3Ir16 2r19 4Lr15 19	3Lr25	250	999997	exact
4Lr35 3Ir15 3Ir16 2r19 4Lr15 21	3Lr25	250	999997	exact
4Lr35 3Ir15 3Ir16 2r19 4Lr15 22	3Lr25	250	999997	exact
4Lr35 3Ir15 3Ir16 2r19 4Lr15 23	3Lr25	250	999997	exact
4Lr35 3Ir15 3Ir16 2r19 4Lr15 25	4Tr22	250	999984	exact
4Lr35 3Ir15 3Ir16 2r19 4Lr15 27	2r16	250	999997	exact
4Lr35 3Ir15 3Ir16 2r19 4Lr15 2r11	3Lr25	250	999997	exact
4Lr35 3Ir15 3Ir16 2r19 4Lr15 2r12	3Lr25	250	999997	exact
4Lr35 3Ir15 3Ir16 2r19 4Lr15 2r13	3Lr25	250	999997	exact
4Lr35 3Ir15 3Ir16 2r19 4Lr15 2r14	3Lr25	250	999997	exact
4Lr35 3Ir15 3Ir16 2r19 4Lr15 2r15	2r16	250	999997	exact
4Lr35 3Ir15 3Ir16 2r19 4Lr15 2r16	2r15	250	999997	exact
4Lr35 3Ir15 3Ir16 2r19 4Lr15 2r17	2r16	250	999997	exact
4Lr35 3Ir15 3Ir16 2r19 4Lr15 2r18	2r16	250	999997	exact
4Lr35 3Ir15 3Ir16 2r19 4Lr15 2r19	2r15	250	999997	exact
4Lr35 3Ir15 3Ir16 2r19 4Lr15 3I1	2r16	250	999997	exact
4Lr35 3Ir15 3Ir16 2r19 4Lr15 3I2	3Lr25	250	999997	exact
4Lr35 3Ir15 3Ir16 2r19 4Lr15 3Ir11	3Lr25	250	999997	exact
4Lr35 3Ir15 3Ir16 2r19 4Lr15 3Ir12	3Lr25	250	999997	exact
4Lr35 3Ir15 3Ir16 2r19 4Lr15 3Ir13	3Lr25	250	999997	exact
4Lr35 3Ir15 3Ir16 2r19 4Lr15 3Ir14	3Lr25	250	999997	exact
4Lr35 3Ir15 3Ir16 2r19 4Lr15 3Ir17	3Lr25	250	999997	exact
4Lr35 3Ir15 3Ir16 2r19 4Lr15 3Ir18	2r16	250	999997	exact
4Lr35 3Ir15 3Ir16 2r19 4Lr15 3Ir19	3Lr25	250	999997	exact
4Lr35 3Ir15 3Ir16 2r19 4Lr15 3Lr21	3Lr25	250	999997	exact
4Lr35 3Ir15 3Ir16 2r19 4Lr15 3Lr22	3Lr25	250	999997	exact
4Lr35 3Ir15 3Ir16 2r19 4Lr15 3Lr23	3Lr25	250	999997	exact
4Lr35 3Ir15 3Ir16 2r19 4Lr15 3Lr25	4Tr22	250	999984	exact
4Lr35 3Ir15 3Ir16 2r19 4Lr15 3Lr27	2r15	250	999997	exact
4Lr35 3Ir15 3Ir16 2r19 4Lr15 3Lr31	3Lr25	250	999997	exact
4Lr35 3Ir15 3Ir16 2r19 4Lr15 3Lr32	3Lr25	250	999997	exact
4Lr35 3Ir15 3Ir16 2r19 4Lr15 3Lr33	3Lr25	250	999997	exact
4Lr35 3Ir15 3Ir16 2r19 4Lr15 3Lr35	4Tr22	250	999984	exact
4Lr35 3Ir15 3Ir16 2r19 4Lr15 3Lr37	2r16	250	999997	exact
4Lr35 3Ir15 3Ir16 2r19 4Lr15 4Lr21	3Lr25	250	999997	exact
4Lr35 3Ir15 3Ir16 2r19 4Lr15 4Lr22	3Lr25	250	999997	exact
4Lr35 3Ir15 3Ir16 2r19 4Lr15 4Lr31	3Lr25	250	999997	exact
4Lr35 3Ir15 3Ir16 2r19 4Lr15 4Lr32	3Lr25	250	999997	exact
4Lr35 3Ir15 3Ir16 2r19 4Lr15 4Lr33	3Lr25	250	999997	exact
4Lr35 3Ir15 3Ir16 2r19 4Lr15 4Lr37	3Lr25	250	999997	exact
4Lr35 3Ir15 3Ir16 2r19 4Lr15 4Lsr11	3Lr25	250	999997	exact
4Lr35 3Ir15 3Ir16 2r19 4Lr15 4Lsr12	3Lr25	250	999997	exact
4Lr35 3Ir15 3Ir16 2r19 4Lr15 4Lsr13	3Lr25	250	999997	exact
4Lr35 3Ir15 3Ir16 2r19 4Lr15 4Lsr17	3Lr25	250	999997	exact
4Lr35 3Ir15 3Ir16 2r19 4Lr15 4Lsr21	3Lr25	250	999997	exact
4Lr35 3Ir15 3Ir16 2r19 4Lr15 4Lsr22	3Lr25	250	999997	exact
4Lr35 3Ir15 3Ir16 2r19 4Lr15 4Lsr38	3Lr25	250	999997	exact
4Lr35 3Ir15 3Ir16 2r19 4Lr15 4Tr21	3Lr25	250	999997	exact
4Lr35 3Ir15 3Ir16 2r19 4Lr15 4Tr22	3Lr25	250	999997	exact
4Lr35 3Ir15 3Ir16 3I1	4Tr13	18	999987	exact
4Lr35 3Ir15 3Ir16 3I1 4Tr13 11	4Lr15	250	999987	exact
4Lr35 3Ir15 3Ir16 3I1 4Tr13 12	4Tr31	250	999987	exact
4Lr35 3Ir15 3Ir16 3I1 4Tr13 13	3Lr21	250	999987	exact
4Lr35 3Ir15 3Ir16 3I1 4Tr13 14	4Ssr11	250	999987	exact
4Lr35 3Ir15 3Ir16 3I1 4Tr13 15	4Ssr11	250	999987	exact
4Lr35 3Ir15 3Ir16 3I1 4Tr13 16	4Tr27	250	999987	exact
4Lr35 3Ir15 3Ir16 3I1 4Tr13 17	4Ssr11	250	999987	exact
4Lr35 3Ir15 3Ir16 3I1 4Tr13 18	4Ssr11	250	999987	exact
4Lr35 3Ir15 3Ir16 3I1 4Tr13 19	4Ssr11	250	999987	exact
4Lr35 3Ir15 3Ir16 3I1 4Tr13 21	4Lr15	250	999987	exact
4Lr35 3Ir15 3Ir16 3I1 4Tr13 27	4Ssr11	250	999987	exact
4Lr35 3Ir15 3Ir16 3I1 4Tr13 28	4Ssr11	250	999987	exact
4Lr35 3Ir15 3Ir16 3I1 4Tr13 2r11	4S3	250	999987	exact
4Lr35 3Ir15 3Ir16 3I1 4Tr13 2r12	4S3	250	999987	exact
4Lr35 3Ir15 3Ir16 3I1 4Tr13 2r13	4Lr31	250	999987	exact
4Lr35 3Ir15 3Ir16 3I1 4Tr13 2r14	4Ssr11	250	999987	exact
4Lr35 3Ir15 3Ir16 3I1 4Tr13 2r15	4Ssr11	250	999987	exact
4Lr35 3Ir15 3Ir16 3I1 4Tr13 2r16	4Tr27	250	999987	exact
4Lr35 3Ir15 3Ir16 3I1 4Tr13 2r17	4Lr15	250	999987	exact
4Lr35 3Ir15 3Ir16 3I1 4Tr13 2r18	4Ssr11	250	999987	exact
4Lr35 3Ir15 3Ir16 3I1 4Tr13 2r19	4Ssr11	250	999987	exact
4Lr35 3Ir15 3Ir16 3I1 4Tr13 3L2	4Lsr22	250	999987	exact
4Lr35 3Ir15 3Ir16 3I1 4Tr13 3L3	4Tr27	250	999987	exact
4Lr35 3Ir15 3Ir16 3I1 4Tr13 3Lr21	4Ss2	250	999987	exact
4Lr35 3Ir15 3Ir16 3I1 4Tr13 3Lr27	4S7	250	999987	exact
4Lr35 3Ir15 3Ir16 3I1 4Tr13 3Lr28	4Lr15	250	999987	exact
4Lr35 3Ir15 3Ir16 3I1 4Tr13 3Lr31	4Sr11	250	999987	exact
4Lr35 3Ir15 3Ir16 3I1 4Tr13 3Lr37	4Lr15	250	999987	exact
4Lr35 3Ir15 3Ir16 3I1 4Tr13 3Lr38	4Ss8	250	999987	exact
4Lr35 3Ir15 3Ir16 3I1 4Tr13 4Lr15	4Ssr11	250	999993	exact
4Lr35 3Ir15 3Ir16 3I1 4Tr13 4Lr27	4Ssr11	250	999987	exact
4Lr35 3Ir15 3Ir16 3I1 4Tr13 4Lr31	4Lr11	250	999987	exact
4Lr35 3Ir15 3Ir16 3I1 4Tr13 4Lr37	4Ss6	250	999987	exact
4Lr35 3Ir15 3Ir16 3I1 4Tr13 4Lr38	4Ssr11	250	999987	exact
4Lr35 3Ir15 3Ir16 3I1 4Tr13 4Lsr11	4Lr12	250	999987	exact
4Lr35 3Ir15 3Ir16 3I1 4Tr13 4Lsr17	4Ssr11	250	999987	exact
4Lr35 3Ir15 3Ir16 3I1 4Tr13 4Lsr18	4Ssr11	250	999987	exact
4Lr35 3Ir15 3Ir16 3I1 4Tr13 4Lsr27	4Ssr11	250	999987	exact
4Lr35 3Ir15 3Ir16 3I1 4Tr13 4S2	3Ir15	250	999995	exact
4Lr35 3Ir15 3Ir16 3I1 4Tr13 4S3	4Lr15	250	999987	exact
4Lr35 3Ir15 3Ir16 3I1 4Tr13 4Ssr11	3Ir15	250	999995	exact
4Lr35 3Ir15 3Ir16 3I1 4Tr13 4Tr27	4Ssr11	250	999993	exact
4Lr35 3Ir15 3Ir16 3I1 4Tr13 4Tr32	3Ir15	250	999993	exact
4Lr35 3Ir15 3Ir16 3I1 4Tr13 4Tr33	4Lr15	250	999987	exact
4Lr35 3Ir15 3Ir16 3I2	4Tr22	18	999991	exact
4Lr35 3Ir15 3Ir16 3I2 4Tr22 11	4S1	250	999991	exact
4Lr35 3Ir15 3Ir16 3I2 4Tr22 12	4Tr27	250	999995	exact
4Lr35 3Ir15 3Ir16 3I2 4Tr22 13	4Lr15	250	999993	exact
4Lr35 3Ir15 3Ir16 3I2 4Tr22 14	4Lr15	250	999993	exact
4Lr35 3Ir15 3Ir16 3I2 4Tr22 15	4Tr27	250	999995	exact
4Lr35 3Ir15 3Ir16 3I2 4Tr22 16	4Tr27	250	999995	exact
4Lr35 3Ir15 3Ir16 3I2 4Tr22 17	4Sr17	250	999995	exact
4Lr35 3Ir15 3Ir16 3I2 4Tr22 18	4Lr15	250	999991	exact
4Lr35 3Ir15 3Ir16 3I2 4Tr22 19	4Ssr17	250	999995	exact
4Lr35 3Ir15 3Ir16 3I2 4Tr22 27	4Ls7	250	999995	exact
4Lr35 3Ir15 3Ir16 3I2 4Tr22 28	4L7	250	999995	exact
4Lr35 3Ir15 3Ir16 3I2 4Tr22 2r11	4Ssr11	250	999991	exact
4Lr35 3Ir15 3Ir16 3I2 4Tr22 2r12	4Tr27	250	999995	exact
4Lr35 3Ir15 3Ir16 3I2 4Tr22 2r13	4Tr27	250	999995	exact
4Lr35 3Ir15 3Ir16 3I2 4Tr22 2r14	4Tr27	250	999995	exact
4Lr35 3Ir15 3Ir16 3I2 4Tr22 2r15	4Tr27	250	999995	exact
4Lr35 3Ir15 3Ir16 3I2 4Tr22 2r16	4Tr27	250	999995	exact
4Lr35 3Ir15 3Ir16 3I2 4Tr22 2r17	4Lr17	250	999991	exact
4Lr35 3Ir15 3Ir16 3I2 4Tr22 2r18	4Lsr37	250	999991	exact
4Lr35 3Ir15 3Ir16 3I2 4Tr22 2r19	4Tr13	250	999991	exact
4Lr35 3Ir15 3Ir16 3I2 4Tr22 3L2	4Tr27	250	999995	exact
4Lr35 3Ir15 3Ir16 3I2 4Tr22 3Lr13	4Tr27	250	999995	exact
4Lr35 3Ir15 3Ir16 3I2 4Tr22 3Lr27	4Lr15	250	999991	exact
4Lr35 3Ir15 3Ir16 3I2 4Tr22 3Lr28	4Lr15	250	999991	exact
4Lr35 3Ir15 3Ir16 3I2 4Tr22 3Lr37	4Lr15	250	999991	exact
4Lr35 3Ir15 3Ir16 3I2 4Tr22 3Lr38	4Lsr37	250	999991	exact
4Lr35 3Ir15 3Ir16 3I2 4Tr22 4Lr15	4Tr27	250	999995	exact
4Lr35 3Ir15 3Ir16 3I2 4Tr22 4Lr27	4Ssr17	250	999995	exact
4Lr35 3Ir15 3Ir16 3I2 4Tr22 4Lr37	4Ss6	250	999993	exact
4Lr35 3Ir15 3Ir16 3I2 4Tr22 4Lr38	4Lr18	250	999993	exact
4Lr35 3Ir15 3Ir16 3I2 4Tr22 4Lsr17	4Lsr37	250	999993	exact
4Lr35 3Ir15 3Ir16 3I2 4Tr22 4Lsr18	4Lsr38	250	999991	exact
4Lr35 3Ir15 3Ir16 3I2 4Tr22 4Lsr27	4Sr17	250	999995	exact
4Lr35 3Ir15 3Ir16 3I2 4Tr22 4Lsr31	4Lsr11	250	999995	exact
4Lr35 3Ir15 3Ir16 3I2 4Tr22 4S2	4Tr27	250	999995	exact
4Lr35 3Ir15 3Ir16 3I2 4Tr22 4Ss3	4Tr27	250	999995	exact
4Lr35 3Ir15 3Ir16 3I2 4Tr22 4Tr13	4Tr27	250	999995	exact
4Lr35 3Ir15 3Ir16 3I2 4Tr22 4Tr27	4Ss8	250	999993	exact
4Lr35 3Ir15 3Ir16 3I2 4Tr22 4Tr32	4Tr27	250	999995	exact
4Lr35 3Ir15 3Ir16 3I7	4Tr27	16	999989	exact
4Lr35 3Ir15 3Ir16 3I7 4Tr27 11	4Tr11	250	999991	exact
4Lr35 3Ir15 3Ir16 3I7 4Tr27 12	3Ir15	250	999989	exact
4Lr35 3Ir15 3Ir16 3I7 4Tr27 13	4Ssr11	250	999991	exact
4Lr35 3Ir15 3Ir16 3I7 4Tr27 14	4Lsr11	250	999991	exact
4Lr35 3Ir15 3Ir16 3I7 4Tr27 15	4Tr22	250	999993	exact
4Lr35 3Ir15 3Ir16 3I7 4Tr27 16	4Lsr12	250	999991	exact
4Lr35 3Ir15 3Ir16 3I7 4Tr27 17	4Lsr17	250	999991	exact
4Lr35 3Ir15 3Ir16 3I7 4Tr27 18	4Lsr12	250	999991	exact
4Lr35 3Ir15 3Ir16 3I7 4Tr27 19	3Ir15	250	999991	exact
4Lr35 3Ir15 3Ir16 3I7 4Tr27 21	4Lsr11	250	999991	exact
4Lr35 3Ir15 3Ir16 3I7 4Tr27 22	4Lsr12	250	999993	exact
4Lr35 3Ir15 3Ir16 3I7 4Tr27 23	4Lsr13	250	999991	exact
4Lr35 3Ir15 3Ir16 3I7 4Tr27 2r11	4Lr11	250	999991	exact
4Lr35 3Ir15 3Ir16 3I7 4Tr27 2r12	4Lsr31	250	999991	exact
4Lr35 3Ir15 3Ir16 3I7 4Tr27 2r13	4Lsr32	250	999991	exact
4Lr35 3Ir15 3Ir16 3I7 4Tr27 2r14	4Lsr33	250	999991	exact
4Lr35 3Ir15 3Ir16 3I7 4Tr27 2r15	4Tr22	250	999991	exact
4Lr35 3Ir15 3Ir16 3I7 4Tr27 2r16	4Tr22	250	999993	exact
4Lr35 3Ir15 3Ir16 3I7 4Tr27 2r17	3Ir15	250	999989	exact
4Lr35 3Ir15 3Ir16 3I7 4Tr27 2r18	4Tr22	250	999989	exact
4Lr35 3Ir15 3Ir16 3I7 4Tr27 2r19	4Lsr11	250	999989	exact
4Lr35 3Ir15 3Ir16 3I7 4Tr27 3L7	4Lsr12	250	999991	exact
4Lr35 3Ir15 3Ir16 3I7 4Tr27 3Lr18	4Lsr11	250	999991	exact
4Lr35 3Ir15 3Ir16 3I7 4Tr27 3Lr21	4S1	250	999989	exact
4Lr35 3Ir15 3Ir16 3I7 4Tr27 3Lr22	4S2	250	999989	exact
4Lr35 3Ir15 3Ir16 3I7 4Tr27 3Lr23	4S3	250	999991	exact
4Lr35 3Ir15 3Ir16 3I7 4Tr27 3Lr31	4Lr33	250	999989	exact
4Lr35 3Ir15 3Ir16 3I7 4Tr27 3Lr32	4Tr12	250	999991	exact
4Lr35 3Ir15 3Ir16 3I7 4Tr27 3Lr33	4Tr13	250	999989	exact
4Lr35 3Ir15 3Ir16 3I7 4Tr27 4Lr15	4Tr18	250	999989	exact
4Lr35 3Ir15 3Ir16 3I7 4Tr27 4Lr16	4Lr33	250	999989	exact
4Lr35 3Ir15 3Ir16 3I7 4Tr27 4Lr21	4Ssr11	250	999995	exact
4Lr35 3Ir15 3Ir16 3I7 4Tr27 4Lr22	4Tr33	250	999989	exact
4Lr35 3Ir15 3Ir16 3I7 4Tr27 4Lr31	4S7	250	999989	exact
4Lr35 3Ir15 3Ir16 3I7 4Tr27 4Lr32	4S7	250	999991	exact
4Lr35 3Ir15 3Ir16 3I7 4Tr27 4Lr33	3Ir15	250	999989	exact
4Lr35 3Ir15 3Ir16 3I7 4Tr27 4Lsr11	4S7	250	999989	exact
4Lr35 3Ir15 3Ir16 3I7 4Tr27 4Lsr12	4S7	250	999991	exact
4Lr35 3Ir15 3Ir16 3I7 4Tr27 4Lsr13	3Ir15	250	999993	exact
4Lr35 3Ir15 3Ir16 3I7 4Tr27 4Lsr21	4Tr13	250	999989	exact
4Lr35 3Ir15 3Ir16 3I7 4Tr27 4Lsr22	4S7	250	999989	exact
4Lr35 3Ir15 3Ir16 3I7 4Tr27 4S7	4Tr21	250	999989	exact
4Lr35 3Ir15 3Ir16 3I7 4Tr27 4Ss8	4Tr18	250	999989	exact
4Lr35 3Ir15 3Ir16 3I7 4Tr27 4Tr18	4Tr21	250	999991	exact
4Lr35 3Ir15 3Ir16 3I7 4Tr27 4Tr21	4S1	250	999989	exact
4Lr35 3Ir15 3Ir16 3I7 4Tr27 4Tr22	4Ss3	250	999989	exact
4Lr35 3Ir15 3Ir16 3I7 4Tr27 4Tr37	4Lsr11	250	999991	exact
4Lr35 3Ir15 3Ir16 3Ir11	4Lr15	17	999985	exact
4Lr35 3Ir15 3Ir16 3Ir11 4Lr15 11	2r15	250	999997	exact
4Lr35 3Ir15 3Ir16 3Ir11 4Lr15 12	2r15	250	999997	exact
4Lr35 3Ir15 3Ir16 3Ir11 4Lr15 13	2r15	250	999997	exact
4Lr35 3Ir15 3Ir16 3Ir11 4Lr15 14	2r15	250	999997	exact
4Lr35 3Ir15 3Ir16 3Ir11 4Lr15 15	3Lr15	250	999997	exact
4Lr35 3Ir15 3Ir16 3Ir11 4Lr15 16	2r15	250	999997	exact
4Lr35 3Ir15 3Ir16 3Ir11 4Lr15 17	2r15	250	999997	exact
4Lr35 3Ir15 3Ir16 3Ir11 4Lr15 18	2r15	250	999997	exact
4Lr35 3Ir15 3Ir16 3Ir11 4Lr15 19	2r15	250	999997	exact
4Lr35 3Ir15 3Ir16 3Ir11 4Lr15 22	2r15	250	999997	exact
4Lr35 3Ir15 3Ir16 3Ir11 4Lr15 23	2r15	250	999997	exact
4Lr35 3Ir15 3Ir16 3Ir11 4Lr15 25	3Lr33	250	999985	exact
4Lr35 3Ir15 3Ir16 3Ir11 4Lr15 27	2r15	250	999997	exact
4Lr35 3Ir15 3Ir16 3Ir11 4Lr15 28	2r15	250	999997	exact
4Lr35 3Ir15 3Ir16 3Ir11 4Lr15 2r11	2r15	250	999997	exact
4Lr35 3Ir15 3Ir16 3Ir11 4Lr15 2r12	2r15	250	999997	exact
4Lr35 3Ir15 3Ir16 3Ir11 4Lr15 2r13	2r15	250	999997	exact
4Lr35 3Ir15 3Ir16 3Ir11 4Lr15 2r14	2r15	250	999997	exact
4Lr35 3Ir15 3Ir16 3Ir11 4Lr15 2r15	2r16	250	999997	exact
4Lr35 3Ir15 3Ir16 3Ir11 4Lr15 2r16	2r15	250	999997	exact
4Lr35 3Ir15 3Ir16 3Ir11 4Lr15 2r17	2r15	250	999997	exact
4Lr35 3Ir15 3Ir16 3Ir11 4Lr15 2r18	2r15	250	999997	exact
4Lr35 3Ir15 3Ir16 3Ir11 4Lr15 2r19	2r15	250	999997	exact
4Lr35 3Ir15 3Ir16 3Ir11 4Lr15 3Lr22	2r15	250	999997	exact
4Lr35 3Ir15 3Ir16 3Ir11 4Lr15 3Lr23	2r15	250	999997	exact
4Lr35 3Ir15 3Ir16 3Ir11 4Lr15 3Lr25	4Tr27	250	999985	exact
4Lr35 3Ir15 3Ir16 3Ir11 4Lr15 3Lr27	2r15	250	999997	exact
4Lr35 3Ir15 3Ir16 3Ir11 4Lr15 3Lr28	2r15	250	999997	exact
4Lr35 3Ir15 3Ir16 3Ir11 4Lr15 3Lr32	2r15	250	999997	exact
4Lr35 3Ir15 3Ir16 3Ir11 4Lr15 3Lr33	2r15	250	999997	exact
4Lr35 3Ir15 3Ir16 3Ir11 4Lr15 3Lr35	4Tr27	250	999985	exact
4Lr35 3Ir15 3Ir16 3Ir11 4Lr15 3Lr37	2r15	250	999997	exact
4Lr35 3Ir15 3Ir16 3Ir11 4Lr15 3Lr38	2r15	250	999997	exact
4Lr35 3Ir15 3Ir16 3Ir11 4Lr15 4Lr22	2r15	250	999997	exact
4Lr35 3Ir15 3Ir16 3Ir11 4Lr15 4Lr27	2r15	250	999997	exact
4Lr35 3Ir15 3Ir16 3Ir11 4Lr15 4Lr32	2r15	250	999997	exact
4Lr35 3Ir15 3Ir16 3Ir11 4Lr15 4Lr33	2r15	250	999997	exact
4Lr35 3Ir15 3Ir16 3Ir11 4Lr15 4Lr37	2r15	250	999997	exact
4Lr35 3Ir15 3Ir16 3Ir11 4Lr15 4Lr38	2r15	250	999997	exact
4Lr35 3Ir15 3Ir16 3Ir11 4Lr15 4Lsr12	2r15	250	999997	exact
4Lr35 3Ir15 3Ir16 3Ir11 4Lr15 4Lsr13	2r15	250	999997	exact
4Lr35 3Ir15 3Ir16 3Ir11 4Lr15 4Lsr17	2r15	250	999997	exact
4Lr35 3Ir15 3Ir16 3Ir11 4Lr15 4Lsr18	2r15	250	999997	exact
4Lr35 3Ir15 3Ir16 3Ir11 4Lr15 4Lsr22	2r15	250	999997	exact
4Lr35 3Ir15 3Ir16 3Ir11 4Lr15 4Lsr27	2r15	250	999997	exact
4Lr35 3Ir15 3Ir16 3Ir11 4Lr15 4Tr22	2r15	250	999997	exact
4Lr35 3Ir15 3Ir16 3Ir11 4Lr15 4Tr27	2r15	250	999997	exact
4Lr35 3Ir15 3Ir16 3Ir12	4Tr27	19	999984	exact
4Lr35 3Ir15 3Ir16 3Ir12 4Tr27 16	2r12	250	999984	exact
4Lr35 3Ir15 3Ir16 3Ir12 4Tr27 2r13	4Lr15	250	999984	exact
4Lr35 3Ir15 3Ir16 3Ir13	4Lr15	18	999985	exact
4Lr35 3Ir15 3Ir16 3Ir13 4Lr15 11	2r16	250	999997	exact
4Lr35 3Ir15 3Ir16 3Ir13 4Lr15 12	2r16	250	999997	exact
4Lr35 3Ir15 3Ir16 3Ir13 4Lr15 13	2r16	250	999997	exact
4Lr35 3Ir15 3Ir16 3Ir13 4Lr15 14	2r16	250	999997	exact
4Lr35 3Ir15 3Ir16 3Ir13 4Lr15 15	2r16	250	999997	exact
4Lr35 3Ir15 3Ir16 3Ir13 4Lr15 16	3L5	250	999997	exact
4Lr35 3Ir15 3Ir16 3Ir13 4Lr15 17	2r16	250	999997	exact
4Lr35 3Ir15 3Ir16 3Ir13 4Lr15 18	2r16	250	999997	exact
4Lr35 3Ir15 3Ir16 3Ir13 4Lr15 19	2r15	250	999997	exact
4Lr35 3Ir15 3Ir16 3Ir13 4Lr15 21	2r16	250	999997	exact
4Lr35 3Ir15 3Ir16 3Ir13 4Lr15 25	4Tr27	250	999987	exact
4Lr35 3Ir15 3Ir16 3Ir13 4Lr15 27	2r16	250	999997	exact
4Lr35 3Ir15 3Ir16 3Ir13 4Lr15 28	2r16	250	999997	exact
4Lr35 3Ir15 3Ir16 3Ir13 4Lr15 2r11	2r16	250	999997	exact
4Lr35 3Ir15 3Ir16 3Ir13 4Lr15 2r12	2r16	250	999997	exact
4Lr35 3Ir15 3Ir16 3Ir13 4Lr15 2r13	2r16	250	999997	exact
4Lr35 3Ir15 3Ir16 3Ir13 4Lr15 2r14	2r16	250	999997	exact
4Lr35 3Ir15 3Ir16 3Ir13 4Lr15 2r15	2r16	250	999997	exact
4Lr35 3Ir15 3Ir16 3Ir13 4Lr15 2r16	2r15	250	999997	exact
4Lr35 3Ir15 3Ir16 3Ir13 4Lr15 2r17	2r16	250	999997	exact
4Lr35 3Ir15 3Ir16 3Ir13 4Lr15 2r18	2r16	250	999997	exact
4Lr35 3Ir15 3Ir16 3Ir13 4Lr15 2r19	2r16	250	999997	exact
4Lr35 3Ir15 3Ir16 3Ir13 4Lr15 3Lr21	2r16	250	999997	exact
4Lr35 3Ir15 3Ir16 3Ir13 4Lr15 3Lr25	4Tr27	250	999985	exact
4Lr35 3Ir15 3Ir16 3Ir13 4Lr15 3Lr27	2r16	250	999997	exact
4Lr35 3Ir15 3Ir16 3Ir13 4Lr15 3Lr28	2r16	250	999997	exact
4Lr35 3Ir15 3Ir16 3Ir13 4Lr15 3Lr31	2r16	250	999997	exact
4Lr35 3Ir15 3Ir16 3Ir13 4Lr15 3Lr35	4Tr27	250	999985	exact
4Lr35 3Ir15 3Ir16 3Ir13 4Lr15 3Lr37	2r16	250	999997	exact
4Lr35 3Ir15 3Ir16 3Ir13 4Lr15 3Lr38	2r16	250	999997	exact
4Lr35 3Ir15 3Ir16 3Ir13 4Lr15 4Lr27	2r16	250	999997	exact
4Lr35 3Ir15 3Ir16 3Ir13 4Lr15 4Lr31	2r16	250	999997	exact
4Lr35 3Ir15 3Ir16 3Ir13 4Lr15 4Lr37	2r16	250	999997	exact
4Lr35 3Ir15 3Ir16 3Ir13 4Lr15 4Lr38	2r16	250	999997	exact
4Lr35 3Ir15 3Ir16 3Ir13 4Lr15 4Lsr11	2r15	250	999997	exact
4Lr35 3Ir15 3Ir16 3Ir13 4Lr15 4Lsr17	2r16	250	999997	exact
4Lr35 3Ir15 3Ir16 3Ir13 4Lr15 4Lsr18	2r16	250	999997	exact
4Lr35 3Ir15 3Ir16 3Ir13 4Lr15 4Lsr27	2r16	250	999997	exact
4Lr35 3Ir15 3Ir16 3Ir13 4Lr15 4Tr27	2r16	250	999997	exact
4Lr35 3Ir15 3Ir16 3Ir14	4Lr15	19	999984	exact
4Lr35 3Ir15 3Ir16 3Ir14 4Lr15 11	3Lr25	250	999997	exact
4Lr35 3Ir15 3Ir16 3Ir14 4Lr15 12	3Lr25	250	999997	exact
4Lr35 3Ir15 3Ir16 3Ir14 4Lr15 13	3Lr25	250	999997	exact
4Lr35 3Ir15 3Ir16 3Ir14 4Lr15 14	3Lr25	250	999997	exact
4Lr35 3Ir15 3Ir16 3Ir14 4Lr15 15	3Lr15	250	999997	exact
4Lr35 3Ir15 3Ir16 3Ir14 4Lr15 16	2r15	250	999997	exact
4Lr35 3Ir15 3Ir16 3Ir14 4Lr15 17	3Lr25	250	999997	exact
4Lr35 3Ir15 3Ir16 3Ir14 4Lr15 18	3Lr25	250	999997	exact
4Lr35 3Ir15 3Ir16 3Ir14 4Lr15 19	3Lr25	250	999997	exact
4Lr35 3Ir15 3Ir16 3Ir14 4Lr15 21	3Lr25	250	999997	exact
4Lr35 3Ir15 3Ir16 3Ir14 4Lr15 22	3Lr25	250	999997	exact
4Lr35 3Ir15 3Ir16 3Ir14 4Lr15 25	4Tr27	250	999984	exact
4Lr35 3Ir15 3Ir16 3Ir14 4Lr15 27	3Lr25	250	999997	exact
4Lr35 3Ir15 3Ir16 3Ir14 4Lr15 28	3Lr25	250	999997	exact
4Lr35 3Ir15 3Ir16 3Ir14 4Lr15 2r11	3Lr25	250	999997	exact
4Lr35 3Ir15 3Ir16 3Ir14 4Lr15 2r12	3Lr25	250	999997	exact
4Lr35 3Ir15 3Ir16 3Ir14 4Lr15 2r13	3Lr25	250	999997	exact
4Lr35 3Ir15 3Ir16 3Ir14 4Lr15 2r14	3Lr25	250	999997	exact
4Lr35 3Ir15 3Ir16 3Ir14 4Lr15 2r15	2r16	250	999997	exact
4Lr35 3Ir15 3Ir16 3Ir14 4Lr15 2r16	2r15	250	999997	exact
4Lr35 3Ir15 3Ir16 3Ir14 4Lr15 2r17	3Lr25	250	999997	exact
4Lr35 3Ir15 3Ir16 3Ir14 4Lr15 2r18	3Lr25	250	999997	exact
4Lr35 3Ir15 3Ir16 3Ir14 4Lr15 2r19	3Lr25	250	999997	exact
4Lr35 3Ir15 3Ir16 3Ir14 4Lr15 3Lr21	3Lr25	250	999997	exact
4Lr35 3Ir15 3Ir16 3Ir14 4Lr15 3Lr22	3Lr25	250	999997	exact
4Lr35 3Ir15 3Ir16 3Ir14 4Lr15 3Lr25	4Tr27	250	999984	exact
4Lr35 3Ir15 3Ir16 3Ir14 4Lr15 3Lr27	3Lr25	250	999997	exact
4Lr35 3Ir15 3Ir16 3Ir14 4Lr15 3Lr28	3Lr25	250	999997	exact
4Lr35 3Ir15 3Ir16 3Ir14 4Lr15 3Lr31	3Lr25	250	999997	exact
4Lr35 3Ir15 3Ir16 3Ir14 4Lr15 3Lr32	3Lr25	250	999997	exact
4Lr35 3Ir15 3Ir16 3Ir14 4Lr15 3Lr35	4Tr27	250	999984	exact
4Lr35 3Ir15 3Ir16 3Ir14 4Lr15 3Lr37	3Lr25	250	999997	exact
4Lr35 3Ir15 3Ir16 3Ir14 4Lr15 3Lr38	3Lr25	250	999997	exact
4Lr35 3Ir15 3Ir16 3Ir14 4Lr15 4Lr21	2r16	250	999997	exact
4Lr35 3Ir15 3Ir16 3Ir14 4Lr15 4Lr27	3Lr25	250	999997	exact
4Lr35 3Ir15 3Ir16 3Ir14 4Lr15 4Lr31	3Lr25	250	999997	exact
4Lr35 3Ir15 3Ir16 3Ir14 4Lr15 4Lr32	3Lr25	250	999997	exact
4Lr35 3Ir15 3Ir16 3Ir14 4Lr15 4Lr37	3Lr25	250	999997	exact
4Lr35 3Ir15 3Ir16 3Ir14 4Lr15 4Lr38	3Lr25	250	999997	exact
4Lr35 3Ir15 3Ir16 3Ir14 4Lr15 4Lsr11	3Lr25	250	999997	exact
4Lr35 3Ir15 3Ir16 3Ir14 4Lr15 4Lsr12	3Lr25	250	999997	exact
4Lr35 3Ir15 3Ir16 3Ir14 4Lr15 4Lsr17	3Lr25	250	999997	exact
4Lr35 3Ir15 3Ir16 3Ir14 4Lr15 4Lsr18	3Lr25	250	999997	exact
4Lr35 3Ir15 3Ir16 3Ir14 4Lr15 4Lsr21	3Lr25	250	999997	exact
4Lr35 3Ir15 3Ir16 3Ir14 4Lr15 4Lsr27	3Lr25	250	999997	exact
4Lr35 3Ir15 3Ir16 3Ir14 4Lr15 4Tr21	3Lr25	250	999997	exact
4Lr35 3Ir15 3Ir16 3Ir14 4Lr15 4Tr27	3Lr25	250	999997	exact
4Lr35 3Ir15 3Ir16 3Ir15	4Tr22	11	999991	exact
4Lr35 3Ir15 3Ir16 3Ir15 4Tr22 11	4Ssr11	250	999991	exact
4Lr35 3Ir15 3Ir16 3Ir15 4Tr22 12	4Tr27	250	999995	exact
4Lr35 3Ir15 3Ir16 3Ir15 4Tr22 13	4S1	250	999993	exact
4Lr35 3Ir15 3Ir16 3Ir15 4Tr22 14	4Tr27	250	999993	exact
4Lr35 3Ir15 3Ir16 3Ir15 4Tr22 16	4Lsr27	250	999993	exact
4Lr35 3Ir15 3Ir16 3Ir15 4Tr22 17	4Sr17	250	999993	exact
4Lr35 3Ir15 3Ir16 3Ir15 4Tr22 18	4S7	250	999991	exact
4Lr35 3Ir15 3Ir16 3Ir15 4Tr22 19	4Ssr17	250	999993	exact
4Lr35 3Ir15 3Ir16 3Ir15 4Tr22 27	4Ls7	250	999993	exact
4Lr35 3Ir15 3Ir16 3Ir15 4Tr22 28	4L7	250	999993	exact
4Lr35 3Ir15 3Ir16 3Ir15 4Tr22 2r11	4T1	250	999991	exact
4Lr35 3Ir15 3Ir16 3Ir15 4Tr22 2r12	4Tr27	250	999993	exact
4Lr35 3Ir15 3Ir16 3Ir15 4Tr22 2r13	4S1	250	999991	exact
4Lr35 3Ir15 3Ir16 3Ir15 4Tr22 2r14	4S1	250	999991	exact
4Lr35 3Ir15 3Ir16 3Ir15 4Tr22 2r16	11	250	999991	exact
4Lr35 3Ir15 3Ir16 3Ir15 4Tr22 2r17	3Ir17	250	999991	exact
4Lr35 3Ir15 3Ir16 3Ir15 4Tr22 2r18	4Lr18	250	999991	exact
4Lr35 3Ir15 3Ir16 3Ir15 4Tr22 2r19	4Lsr38	250	999991	exact
4Lr35 3Ir15 3Ir16 3Ir15 4Tr22 3L1	4Lsr21	250	999991	exact
4Lr35 3Ir15 3Ir16 3Ir15 4Tr22 3L2	11	250	999991	exact
4Lr35 3Ir15 3Ir16 3Ir15 4Tr22 3Lr13	4S1	250	999993	exact
4Lr35 3Ir15 3Ir16 3Ir15 4Tr22 3Lr27	4S7	250	999991	exact
4Lr35 3Ir15 3Ir16 3Ir15 4Tr22 3Lr28	4S8	250	999991	exact
4Lr35 3Ir15 3Ir16 3Ir15 4Tr22 3Lr37	4Ss7	250	999991	exact
4Lr35 3Ir15 3Ir16 3Ir15 4Tr22 3Lr38	4Ss8	250	999991	exact
4Lr35 3Ir15 3Ir16 3Ir15 4Tr22 4Lr27	4S1	250	999991	exact
4Lr35 3Ir15 3Ir16 3Ir15 4Tr22 4Lr37	4Tr16	250	999991	exact
4Lr35 3Ir15 3Ir16 3Ir15 4Tr22 4Lr38	4Lr18	250	999991	exact
4Lr35 3Ir15 3Ir16 3Ir15 4Tr22 4Lsr17	4Lsr37	250	999991	exact
4Lr35 3Ir15 3Ir16 3Ir15 4Tr22 4Lsr18	4Lsr38	250	999991	exact
4Lr35 3Ir15 3Ir16 3Ir15 4Tr22 4Lsr27	4Sr17	250	999993	exact
4Lr35 3Ir15 3Ir16 3Ir15 4Tr22 4S1	4Ss2	250	999991	exact
4Lr35 3Ir15 3Ir16 3Ir15 4Tr22 4S2	2r11	250	999991	exact
4Lr35 3Ir15 3Ir16 3Ir15 4Tr22 4Ss3	4S1	250	999991	exact
4Lr35 3Ir15 3Ir16 3Ir15 4Tr22 4Tr13	4S1	250	999991	exact
4Lr35 3Ir15 3Ir16 3Ir15 4Tr22 4Tr27	4Ss8	250	999991	exact
4Lr35 3Ir15 3Ir16 3Ir15 4Tr22 4Tr31	4Sr11	250	999991	exact
4Lr35 3Ir15 3Ir16 3Ir15 4Tr22 4Tr32	2r11	250	999991	exact
4Lr35 3Ir15 3Ir16 3Ir16	4Tr22	16	999991	exact
4Lr35 3Ir15 3Ir16 3Ir16 4Tr22 11	4Ssr11	250	999991	exact
4Lr35 3Ir15 3Ir16 3Ir16 4Tr22 12	4Tr27	250	999995	exact
4Lr35 3Ir15 3Ir16 3Ir16 4Tr22 13	4S1	250	999991	exact
4Lr35 3Ir15 3Ir16 3Ir16 4Tr22 14	4Tr27	250	999991	exact
4Lr35 3Ir15 3Ir16 3Ir16 4Tr22 15	4Tr27	250	999991	exact
4Lr35 3Ir15 3Ir16 3Ir16 4Tr22 16	4Tr27	250	999991	exact
4Lr35 3Ir15 3Ir16 3Ir16 4Tr22 17	4Ss7	250	999991	exact
4Lr35 3Ir15 3Ir16 3Ir16 4Tr22 18	4S7	250	999991	exact
4Lr35 3Ir15 3Ir16 3Ir16 4Tr22 19	4Ssr17	250	999991	exact
4Lr35 3Ir15 3Ir16 3Ir16 4Tr22 27	4Ls7	250	999991	exact
4Lr35 3Ir15 3Ir16 3Ir16 4Tr22 28	4L7	250	999991	exact
4Lr35 3Ir15 3Ir16 3Ir16 4Tr22 2r11	4T1	250	999991	exact
4Lr35 3Ir15 3Ir16 3Ir16 4Tr22 2r12	4Tr27	250	999991	exact
4Lr35 3Ir15 3Ir16 3Ir16 4Tr22 2r13	4S1	250	999991	exact
4Lr35 3Ir15 3Ir16 3Ir16 4Tr22 2r14	4Tr27	250	999991	exact
4Lr35 3Ir15 3Ir16 3Ir16 4Tr22 2r15	4Tr27	250	999991	exact
4Lr35 3Ir15 3Ir16 3Ir16 4Tr22 2r16	4Tr27	250	999991	exact
4Lr35 3Ir15 3Ir16 3Ir16 4Tr22 2r17	3Ir17	250	999991	exact
4Lr35 3Ir15 3Ir16 3Ir16 4Tr22 2r18	4Lr18	250	999991	exact
4Lr35 3Ir15 3Ir16 3Ir16 4Tr22 2r19	3Ir19	250	999991	exact
4Lr35 3Ir15 3Ir16 3Ir16 4Tr22 3L1	4Tr21	250	999991	exact
4Lr35 3Ir15 3Ir16 3Ir16 4Tr22 3L2	11	250	999991	exact
4Lr35 3Ir15 3Ir16 3Ir16 4Tr22 3L5	4Tr27	250	999991	exact
4Lr35 3Ir15 3Ir16 3Ir16 4Tr22 3Lr13	4S1	250	999991	exact
4Lr35 3Ir15 3Ir16 3Ir16 4Tr22 3Lr27	4S7	250	999991	exact
4Lr35 3Ir15 3Ir16 3Ir16 4Tr22 3Lr28	4S8	250	999991	exact
4Lr35 3Ir15 3Ir16 3Ir16 4Tr22 3Lr37	4Ss7	250	999991	exact
4Lr35 3Ir15 3Ir16 3Ir16 4Tr22 3Lr38	4Ss8	250	999991	exact
4Lr35 3Ir15 3Ir16 3Ir16 4Tr22 4Lr27	4Ssr17	250	999993	exact
4Lr35 3Ir15 3Ir16 3Ir16 4Tr22 4Lr37	4Lr17	250	999991	exact
4Lr35 3Ir15 3Ir16 3Ir16 4Tr22 4Lr38	4Ss3	250	999991	exact
4Lr35 3Ir15 3Ir16 3Ir16 4Tr22 4Lsr17	4Lsr37	250	999991	exact
4Lr35 3Ir15 3Ir16 3Ir16 4Tr22 4Lsr18	4Lsr38	250	999991	exact
4Lr35 3Ir15 3Ir16 3Ir16 4Tr22 4Lsr27	4Sr17	250	999993	exact
4Lr35 3Ir15 3Ir16 3Ir16 4Tr22 4S1	4Tr12	250	999991	exact
4Lr35 3Ir15 3Ir16 3Ir16 4Tr22 4S2	2r11	250	999991	exact
4Lr35 3Ir15 3Ir16 3Ir16 4Tr22 4S5	4Lsr27	250	999993	exact
4Lr35 3Ir15 3Ir16 3Ir16 4Tr22 4Ss3	4S1	250	999991	exact
4Lr35 3Ir15 3Ir16 3Ir16 4Tr22 4Tr13	4S1	250	999991	exact
4Lr35 3Ir15 3Ir16 3Ir16 4Tr22 4Tr27	4S7	250	999991	exact
4Lr35 3Ir15 3Ir16 3Ir16 4Tr22 4Tr31	4Sr11	250	999991	exact
4Lr35 3Ir15 3Ir16 3Ir16 4Tr22 4Tr32	2r11	250	999991	exact
4Lr35 3Ir15 3Ir16 3Ir16 4Tr22 4Tr35	4Tr27	250	999991	exact
4Lr35 3Ir15 3Ir16 3Ir17	4Tr16	12	999989	exact
4Lr35 3Ir15 3Ir16 3Ir17 4Tr16 11	3Ir17	250	999997	exact
4Lr35 3Ir15 3Ir16 3Ir17 4Tr16 12	3Ir17	250	999997	exact
4Lr35 3Ir15 3Ir16 3Ir17 4Tr16 13	3Ir17	250	999997	exact
4Lr35 3Ir15 3Ir16 3Ir17 4Tr16 14	3Ir17	250	999997	exact
4Lr35 3Ir15 3Ir16 3Ir17 4Tr16 15	3Ir17	250	999997	exact
4Lr35 3Ir15 3Ir16 3Ir17 4Tr16 16	3Ir17	250	999997	exact
4Lr35 3Ir15 3Ir16 3Ir17 4Tr16 17	4Lsr36	250	999995	exact
4Lr35 3Ir15 3Ir16 3Ir17 4Tr16 18	3Ir17	250	999997	exact
4Lr35 3Ir15 3Ir16 3Ir17 4Tr16 19	3Ir17	250	999997	exact
4Lr35 3Ir15 3Ir16 3Ir17 4Tr16 21	3Ir17	250	999997	exact
4Lr35 3Ir15 3Ir16 3Ir17 4Tr16 22	3Ir17	250	999997	exact
4Lr35 3Ir15 3Ir16 3Ir17 4Tr16 23	3Ir17	250	999997	exact
4Lr35 3Ir15 3Ir16 3Ir17 4Tr16 28	3Ir17	250	999997	exact
4Lr35 3Ir15 3Ir16 3Ir17 4Tr16 2r11	3Ir17	250	999997	exact
4Lr35 3Ir15 3Ir16 3Ir17 4Tr16 2r12	3Ir17	250	999997	exact
4Lr35 3Ir15 3Ir16 3Ir17 4Tr16 2r13	3Ir17	250	999997	exact
4Lr35 3Ir15 3Ir16 3Ir17 4Tr16 2r14	3Ir17	250	999997	exact
4Lr35 3Ir15 3Ir16 3Ir17 4Tr16 2r15	3Ir17	250	999997	exact
4Lr35 3Ir15 3Ir16 3Ir17 4Tr16 2r16	4Ss6	250	999997	exact
4Lr35 3Ir15 3Ir16 3Ir17 4Tr16 2r17	3Ir16	250	999993	exact
4Lr35 3Ir15 3Ir16 3Ir17 4Tr16 2r18	3Ir17	250	999997	exact
4Lr35 3Ir15 3Ir16 3Ir17 4Tr16 2r19	3Ir17	250	999997	exact
4Lr35 3Ir15 3Ir16 3Ir17 4Tr16 3L6	4Tr22	250	999989	exact
4Lr35 3Ir15 3Ir16 3Ir17 4Tr16 3Lr15	3Ir17	250	999997	exact
4Lr35 3Ir15 3Ir16 3Ir17 4Tr16 3Lr21	3Ir17	250	999997	exact
4Lr35 3Ir15 3Ir16 3Ir17 4Tr16 3Lr22	3Ir17	250	999997	exact
4Lr35 3Ir15 3Ir16 3Ir17 4Tr16 3Lr23	3Ir17	250	999997	exact
4Lr35 3Ir15 3Ir16 3Ir17 4Tr16 3Lr28	3Ir17	250	999997	exact
4Lr35 3Ir15 3Ir16 3Ir17 4Tr16 3Lr31	3Ir17	250	999997	exact
4Lr35 3Ir15 3Ir16 3Ir17 4Tr16 3Lr32	3Ir17	250	999997	exact
4Lr35 3Ir15 3Ir16 3Ir17 4Tr16 3Lr33	3Ir17	250	999997	exact
4Lr35 3Ir15 3Ir16 3Ir17 4Tr16 3Lr38	3Ir17	250	999997	exact
4Lr35 3Ir15 3Ir16 3Ir17 4Tr16 4Lr21	3Ir17	250	999997	exact
4Lr35 3Ir15 3Ir16 3Ir17 4Tr16 4Lr22	3Ir17	250	999997	exact
4Lr35 3Ir15 3Ir16 3Ir17 4Tr16 4Lr31	3Ir17	250	999997	exact
4Lr35 3Ir15 3Ir16 3Ir17 4Tr16 4Lr32	3Ir17	250	999997	exact
4Lr35 3Ir15 3Ir16 3Ir17 4Tr16 4Lr33	3Ir17	250	999997	exact
4Lr35 3Ir15 3Ir16 3Ir17 4Tr16 4Lr38	3Ir17	250	999997	exact
4Lr35 3Ir15 3Ir16 3Ir17 4Tr16 4Lsr11	3Ir17	250	999997	exact
4Lr35 3Ir15 3Ir16 3Ir17 4Tr16 4Lsr12	3Ir17	250	999997	exact
4Lr35 3Ir15 3Ir16 3Ir17 4Tr16 4Lsr13	3Ir17	250	999997	exact
4Lr35 3Ir15 3Ir16 3Ir17 4Tr16 4Lsr18	3Ir17	250	999997	exact
4Lr35 3Ir15 3Ir16 3Ir17 4Tr16 4Lsr21	3Ir17	250	999997	exact
4Lr35 3Ir15 3Ir16 3Ir17 4Tr16 4Lsr22	3Ir17	250	999997	exact
4Lr35 3Ir15 3Ir16 3Ir17 4Tr16 4S6	4Tr22	250	999989	exact
4Lr35 3Ir15 3Ir16 3Ir17 4Tr16 4Ss5	3Ir17	250	999997	exact
4Lr35 3Ir15 3Ir16 3Ir17 4Tr16 4T5	4Tr22	250	999989	exact
4Lr35 3Ir15 3Ir16 3Ir17 4Tr16 4Tr15	3Ir17	250	999997	exact
4Lr35 3Ir15 3Ir16 3Ir17 4Tr16 4Tr21	3Ir17	250	999997	exact
4Lr35 3Ir15 3Ir16 3Ir17 4Tr16 4Tr22	3Ir17	250	999997	exact
4Lr35 3Ir15 3Ir16 3Ir17 4Tr16 4Tr36	4Tr22	250	999989	exact
4Lr35 3Ir15 3Ir16 3Ir18	4Lr15	17	999985	exact
4Lr35 3Ir15 3Ir16 3Ir18 4Lr15 11	3Lr25	250	999997	exact
4Lr35 3Ir15 3Ir16 3Ir18 4Lr15 12	3Lr25	250	999997	exact
4Lr35 3Ir15 3Ir16 3Ir18 4Lr15 13	3Lr25	250	999997	exact
4Lr35 3Ir15 3Ir16 3Ir18 4Lr15 14	3Lr25	250	999997	exact
4Lr35 3Ir15 3Ir16 3Ir18 4Lr15 15	2r16	250	999997	exact
4Lr35 3Ir15 3Ir16 3Ir18 4Lr15 16	2r15	250	999997	exact
4Lr35 3Ir15 3Ir16 3Ir18 4Lr15 17	2r16	250	999997	exact
4Lr35 3Ir15 3Ir16 3Ir18 4Lr15 18	2r16	250	999997	exact
4Lr35 3Ir15 3Ir16 3Ir18 4Lr15 19	2r16	250	999997	exact
4Lr35 3Ir15 3Ir16 3Ir18 4Lr15 21	3Lr25	250	999997	exact
4Lr35 3Ir15 3Ir16 3Ir18 4Lr15 22	3Lr25	250	999997	exact
4Lr35 3Ir15 3Ir16 3Ir18 4Lr15 23	3Lr25	250	999997	exact
4Lr35 3Ir15 3Ir16 3Ir18 4Lr15 25	4Tr22	250	999985	exact
4Lr35 3Ir15 3Ir16 3Ir18 4Lr15 2r11	2r16	250	999997	exact
4Lr35 3Ir15 3Ir16 3Ir18 4Lr15 2r12	3Lr25	250	999997	exact
4Lr35 3Ir15 3Ir16 3Ir18 4Lr15 2r13	3Lr25	250	999997	exact
4Lr35 3Ir15 3Ir16 3Ir18 4Lr15 2r14	3Lr25	250	999997	exact
4Lr35 3Ir15 3Ir16 3Ir18 4Lr15 2r15	2r16	250	999997	exact
4Lr35 3Ir15 3Ir16 3Ir18 4Lr15 2r16	2r15	250	999997	exact
4Lr35 3Ir15 3Ir16 3Ir18 4Lr15 2r17	2r16	250	999997	exact
4Lr35 3Ir15 3Ir16 3Ir18 4Lr15 2r18	2r16	250	999997	exact
4Lr35 3Ir15 3Ir16 3Ir18 4Lr15 2r19	2r16	250	999997	exact
4Lr35 3Ir15 3Ir16 3Ir18 4Lr15 3Lr21	3Lr25	250	999997	exact
4Lr35 3Ir15 3Ir16 3Ir18 4Lr15 3Lr22	3Lr25	250	999997	exact
4Lr35 3Ir15 3Ir16 3Ir18 4Lr15 3Lr23	3Lr25	250	999997	exact
4Lr35 3Ir15 3Ir16 3Ir18 4Lr15 3Lr25	4Tr22	250	999985	exact
4Lr35 3Ir15 3Ir16 3Ir18 4Lr15 3Lr31	3Lr25	250	999997	exact
4Lr35 3Ir15 3Ir16 3Ir18 4Lr15 3Lr32	3Lr25	250	999997	exact
4Lr35 3Ir15 3Ir16 3Ir18 4Lr15 3Lr33	3Lr25	250	999997	exact
4Lr35 3Ir15 3Ir16 3Ir18 4Lr15 3Lr35	4Tr22	250	999985	exact
4Lr35 3Ir15 3Ir16 3Ir18 4Lr15 4Lr21	3Lr25	250	999997	exact
4Lr35 3Ir15 3Ir16 3Ir18 4Lr15 4Lr22	3Lr25	250	999997	exact
4Lr35 3Ir15 3Ir16 3Ir18 4Lr15 4Lr31	3Lr25	250	999997	exact
4Lr35 3Ir15 3Ir16 3Ir18 4Lr15 4Lr32	3Lr25	250	999997	exact
4Lr35 3Ir15 3Ir16 3Ir18 4Lr15 4Lr33	3Lr25	250	999997	exact
4Lr35 3Ir15 3Ir16 3Ir18 4Lr15 4Lsr11	3Lr25	250	999997	exact
4Lr35 3Ir15 3Ir16 3Ir18 4Lr15 4Lsr12	3Lr25	250	999997	exact
4Lr35 3Ir15 3Ir16 3Ir18 4Lr15 4Lsr13	3Lr25	250	999997	exact
4Lr35 3Ir15 3Ir16 3Ir18 4Lr15 4Lsr21	3Lr25	250	999997	exact
4Lr35 3Ir15 3Ir16 3Ir18 4Lr15 4Lsr22	3Lr25	250	999997	exact
4Lr35 3Ir15 3Ir16 3Ir18 4Lr15 4Tr21	3Lr25	250	999997	exact
4Lr35 3Ir15 3Ir16 3Ir18 4Lr15 4Tr22	3Lr25	250	999997	exact
4Lr35 3Ir15 3Ir16 3Ir19	4Lr15	19	999984	exact
4Lr35 3Ir15 3Ir16 3Ir19 4Lr15 11	3Lr25	250	999997	exact
4Lr35 3Ir15 3Ir16 3Ir19 4Lr15 12	3Lr25	250	999997	exact
4Lr35 3Ir15 3Ir16 3Ir19 4Lr15 13	3Lr25	250	999997	exact
4Lr35 3Ir15 3Ir16 3Ir19 4Lr15 14	3Lr25	250	999997	exact
4Lr35 3Ir15 3Ir16 3Ir19 4Lr15 15	3Lr15	250	999997	exact
4Lr35 3Ir15 3Ir16 3Ir19 4Lr15 16	3L5	250	999997	exact
4Lr35 3Ir15 3Ir16 3Ir19 4Lr15 17	3Lr25	250	999997	exact
4Lr35 3Ir15 3Ir16 3Ir19 4Lr15 18	3Lr25	250	999997	exact
4Lr35 3Ir15 3Ir16 3Ir19 4Lr15 19	3Lr25	250	999997	exact
4Lr35 3Ir15 3Ir16 3Ir19 4Lr15 21	3Lr25	250	999997	exact
4Lr35 3Ir15 3Ir16 3Ir19 4Lr15 22	3Lr25	250	999997	exact
4Lr35 3Ir15 3Ir16 3Ir19 4Lr15 23	3Lr25	250	999997	exact
4Lr35 3Ir15 3Ir16 3Ir19 4Lr15 25	4Tr22	250	999984	exact
4Lr35 3Ir15 3Ir16 3Ir19 4Lr15 27	3Lr25	250	999997	exact
4Lr35 3Ir15 3Ir16 3Ir19 4Lr15 2r11	3Lr25	250	999997	exact
4Lr35 3Ir15 3Ir16 3Ir19 4Lr15 2r12	3Lr25	250	999997	exact
4Lr35 3Ir15 3Ir16 3Ir19 4Lr15 2r13	3Lr25	250	999997	exact
4Lr35 3Ir15 3Ir16 3Ir19 4Lr15 2r14	3Lr25	250	999997	exact
4Lr35 3Ir15 3Ir16 3Ir19 4Lr15 2r15	2r16	250	999997	exact
4Lr35 3Ir15 3Ir16 3Ir19 4Lr15 2r16	2r15	250	999997	exact
4Lr35 3Ir15 3Ir16 3Ir19 4Lr15 2r17	3Lr25	250	999997	exact
4Lr35 3Ir15 3Ir16 3Ir19 4Lr15 2r18	3Lr25	250	999997	exact
4Lr35 3Ir15 3Ir16 3Ir19 4Lr15 2r19	3Lr25	250	999997	exact
4Lr35 3Ir15 3Ir16 3Ir19 4Lr15 3Lr21	3Lr25	250	999997	exact
4Lr35 3Ir15 3Ir16 3Ir19 4Lr15 3Lr22	3Lr25	250	999997	exact
4Lr35 3Ir15 3Ir16 3Ir19 4Lr15 3Lr23	3Lr25	250	999997	exact
4Lr35 3Ir15 3Ir16 3Ir19 4Lr15 3Lr25	4Tr22	250	999984	exact
4Lr35 3Ir15 3Ir16 3Ir19 4Lr15 3Lr27	3Lr25	250	999997	exact
4Lr35 3Ir15 3Ir16 3Ir19 4Lr15 3Lr31	3Lr25	250	999997	exact
4Lr35 3Ir15 3Ir16 3Ir19 4Lr15 3Lr32	3Lr25	250	999997	exact
4Lr35 3Ir15 3Ir16 3Ir19 4Lr15 3Lr33	3Lr25	250	999997	exact
4Lr35 3Ir15 3Ir16 3Ir19 4Lr15 3Lr35	4Tr22	250	999984	exact
4Lr35 3Ir15 3Ir16 3Ir19 4Lr15 3Lr37	3Lr25	250	999997	exact
4Lr35 3Ir15 3Ir16 3Ir19 4Lr15 4Lr21	3Lr25	250	999997	exact
4Lr35 3Ir15 3Ir16 3Ir19 4Lr15 4Lr22	3Lr25	250	999997	exact
4Lr35 3Ir15 3Ir16 3Ir19 4Lr15 4Lr31	3Lr25	250	999997	exact
4Lr35 3Ir15 3Ir16 3Ir19 4Lr15 4Lr32	3Lr25	250	999997	exact
4Lr35 3Ir15 3Ir16 3Ir19 4Lr15 4Lr33	2r15	250	999997	exact
4Lr35 3Ir15 3Ir16 3Ir19 4Lr15 4Lr37	3Lr25	250	999997	exact
4Lr35 3Ir15 3Ir16 3Ir19 4Lr15 4Lsr11	3Lr25	250	999997	exact
4Lr35 3Ir15 3Ir16 3Ir19 4Lr15 4Lsr12	3Lr25	250	999997	exact
4Lr35 3Ir15 3Ir16 3Ir19 4Lr15 4Lsr13	3Lr25	250	999997	exact
4Lr35 3Ir15 3Ir16 3Ir19 4Lr15 4Lsr17	3Lr25	250	999997	exact
4Lr35 3Ir15 3Ir16 3Ir19 4Lr15 4Lsr21	3Lr25	250	999997	exact
4Lr35 3Ir15 3Ir16 3Ir19 4Lr15 4Lsr22	3Lr25	250	999997	exact
4Lr35 3Ir15 3Ir16 3Ir19 4Lr15 4Tr21	3Lr25	250	999997	exact
4Lr35 3Ir15 3Ir16 3Ir19 4Lr15 4Tr22	3Lr25	250	999997	exact
4Lr35 3Ir15 3Ir16 3Lr21	4S1	18	999983	exact
4Lr35 3Ir15 3Ir16 3Lr22	4Tr27	18	999982	exact
4Lr35 3Ir15 3Ir16 3Lr22 4Tr27 3L1	4Lr15	250	999987	exact
4Lr35 3Ir15 3Ir16 3Lr23	4Tr33	11	999993	exact
4Lr35 3Ir15 3Ir16 3Lr23 4Tr33 11	3Ir15	250	999993	exact
4Lr35 3Ir15 3Ir16 3Lr23 4Tr33 12	3Ir15	250	999993	exact
4Lr35 3Ir15 3Ir16 3Lr23 4Tr33 13	3Ir15	250	999993	exact
4Lr35 3Ir15 3Ir16 3Lr23 4Tr33 14	4Tr27	250	999993	exact
4Lr35 3Ir15 3Ir16 3Lr23 4Tr33 15	4Lr27	250	999993	exact
4Lr35 3Ir15 3Ir16 3Lr23 4Tr33 16	4Tr27	250	999993	exact
4Lr35 3Ir15 3Ir16 3Lr23 4Tr33 17	3Ir15	250	999993	exact
4Lr35 3Ir15 3Ir16 3Lr23 4Tr33 18	3Ir15	250	999995	exact
4Lr35 3Ir15 3Ir16 3Lr23 4Tr33 19	3Ir15	250	999995	exact
4Lr35 3Ir15 3Ir16 3Lr23 4Tr33 21	3Ir15	250	999993	exact
4Lr35 3Ir15 3Ir16 3Lr23 4Tr33 27	3Ir15	250	999995	exact
4Lr35 3Ir15 3Ir16 3Lr23 4Tr33 28	3Ir15	250	999993	exact
4Lr35 3Ir15 3Ir16 3Lr23 4Tr33 2r11	3Ir15	250	999993	exact
4Lr35 3Ir15 3Ir16 3Lr23 4Tr33 2r12	3Ir15	250	999993	exact
4Lr35 3Ir15 3Ir16 3Lr23 4Tr33 2r13	4Tr27	250	999993	exact
4Lr35 3Ir15 3Ir16 3Lr23 4Tr33 2r14	4Tr27	250	999993	exact
4Lr35 3Ir15 3Ir16 3Lr23 4Tr33 2r15	4Tr27	250	999993	exact
4Lr35 3Ir15 3Ir16 3Lr23 4Tr33 2r16	4Tr27	250	999993	exact
4Lr35 3Ir15 3Ir16 3Lr23 4Tr33 2r17	3Ir15	250	999995	exact
4Lr35 3Ir15 3Ir16 3Lr23 4Tr33 2r18	3Ir15	250	999993	exact
4Lr35 3Ir15 3Ir16 3Lr23 4Tr33 2r19	3Ir15	250	999995	exact
4Lr35 3Ir15 3Ir16 3Lr23 4Tr33 3I7	3Ir15	250	999993	exact
4Lr35 3Ir15 3Ir16 3Lr23 4Tr33 3Ir11	3Ir15	250	999995	exact
4Lr35 3Ir15 3Ir16 3Lr23 4Tr33 3Ir12	3Ir15	250	999993	exact
4Lr35 3Ir15 3Ir16 3Lr23 4Tr33 3Ir13	3Ir15	250	999993	exact
4Lr35 3Ir15 3Ir16 3Lr23 4Tr33 3Ir14	3Ir15	250	999995	exact
4Lr35 3Ir15 3Ir16 3Lr23 4Tr33 3Ir15	4Lr27	250	999993	exact
4Lr35 3Ir15 3Ir16 3Lr23 4Tr33 3Ir16	4Lr27	250	999993	exact
4Lr35 3Ir15 3Ir16 3Lr23 4Tr33 3Ir17	3Ir15	250	999993	exact
4Lr35 3Ir15 3Ir16 3Lr23 4Tr33 3Ir18	3Ir15	250	999995	exact
4Lr35 3Ir15 3Ir16 3Lr23 4Tr33 3Ir19	3Ir15	250	999993	exact
4Lr35 3Ir15 3Ir16 3Lr23 4Tr33 3Lr13	4Lr27	250	999993	exact
4Lr35 3Ir15 3Ir16 3Lr23 4Tr33 3Lr21	3Ir15	250	999993	exact
4Lr35 3Ir15 3Ir16 3Lr23 4Tr33 3Lr27	3Ir15	250	999995	exact
4Lr35 3Ir15 3Ir16 3Lr23 4Tr33 3Lr28	3Ir15	250	999995	exact
4Lr35 3Ir15 3Ir16 3Lr23 4Tr33 3Lr31	4Ss1	250	999993	exact
4Lr35 3Ir15 3Ir16 3Lr23 4Tr33 3Lr37	3Ir15	250	999993	exact
4Lr35 3Ir15 3Ir16 3Lr23 4Tr33 3Lr38	3Ir15	250	999995	exact
4Lr35 3Ir15 3Ir16 3Lr23 4Tr33 4Lr15	4Tr27	250	999993	exact
4Lr35 3Ir15 3Ir16 3Lr23 4Tr33 4Lr27	4Lsr11	250	999993	exact
4Lr35 3Ir15 3Ir16 3Lr23 4Tr33 4Lr31	3Ir15	250	999995	exact
4Lr35 3Ir15 3Ir16 3Lr23 4Tr33 4Lr37	3Ir15	250	999995	exact
4Lr35 3Ir15 3Ir16 3Lr23 4Tr33 4Lr38	3Ir15	250	999995	exact
4Lr35 3Ir15 3Ir16 3Lr23 4Tr33 4Lsr11	4Tr32	250	999993	exact
4Lr35 3Ir15 3Ir16 3Lr23 4Tr33 4Lsr17	3Ir15	250	999995	exact
4Lr35 3Ir15 3Ir16 3Lr23 4Tr33 4Lsr18	3Ir15	250	999995	exact
4Lr35 3Ir15 3Ir16 3Lr23 4Tr33 4Lsr27	4Sr17	250	999993	exact
4Lr35 3Ir15 3Ir16 3Lr23 4Tr33 4Ss3	4Tr27	250	999993	exact
4Lr35 3Ir15 3Ir16 3Lr23 4Tr33 4Tr13	4Lr27	250	999993	exact
4Lr35 3Ir15 3Ir16 3Lr23 4Tr33 4Tr27	4Lsr11	250	999993	exact
4Lr35 3Ir15 3Ir16 3Lr27	4Lr15	18	999983	exact
4Lr35 3Ir15 3Ir16 3Lr27 4Lr15 11	3Lr25	250	999997	exact
4Lr35 3Ir15 3Ir16 3Lr27 4Lr15 12	2r15	250	999997	exact
4Lr35 3Ir15 3Ir16 3Lr27 4Lr15 13	2r15	250	999997	exact
4Lr35 3Ir15 3Ir16 3Lr27 4Lr15 14	2r15	250	999997	exact
4Lr35 3Ir15 3Ir16 3Lr27 4Lr15 16	2r15	250	999997	exact
4Lr35 3Ir15 3Ir16 3Lr27 4Lr15 17	2r15	250	999997	exact
4Lr35 3Ir15 3Ir16 3Lr27 4Lr15 19	2r15	250	999997	exact
4Lr35 3Ir15 3Ir16 3Lr27 4Lr15 23	2r15	250	999997	exact
4Lr35 3Ir15 3Ir16 3Lr27 4Lr15 25	4Tr22	250	999983	exact
4Lr35 3Ir15 3Ir16 3Lr27 4Lr15 2r11	2r15	250	999997	exact
4Lr35 3Ir15 3Ir16 3Lr27 4Lr15 2r12	2r15	250	999997	exact
4Lr35 3Ir15 3Ir16 3Lr27 4Lr15 2r13	2r15	250	999997	exact
4Lr35 3Ir15 3Ir16 3Lr27 4Lr15 2r14	2r15	250	999997	exact
4Lr35 3Ir15 3Ir16 3Lr27 4Lr15 2r15	2r16	250	999997	exact
4Lr35 3Ir15 3Ir16 3Lr27 4Lr15 2r17	2r15	250	999997	exact
4Lr35 3Ir15 3Ir16 3Lr27 4Lr15 2r19	2r15	250	999997	exact
4Lr35 3Ir15 3Ir16 3Lr27 4Lr15 3I2	2r15	250	999997	exact
4Lr35 3Ir15 3Ir16 3Lr27 4Lr15 3Ir11	2r15	250	999997	exact
4Lr35 3Ir15 3Ir16 3Lr27 4Lr15 3Ir14	2r15	250	999997	exact
4Lr35 3Ir15 3Ir16 3Lr27 4Lr15 3Ir19	2r16	250	999997	exact
4Lr35 3Ir15 3Ir16 3Lr27 4Lr15 3Lr21	2r15	250	999997	exact
4Lr35 3Ir15 3Ir16 3Lr27 4Lr15 3Lr22	2r15	250	999997	exact
4Lr35 3Ir15 3Ir16 3Lr27 4Lr15 3Lr23	2r15	250	999997	exact
4Lr35 3Ir15 3Ir16 3Lr27 4Lr15 3Lr25	4Tr22	250	999983	exact
4Lr35 3Ir15 3Ir16 3Lr27 4Lr15 3Lr31	2r15	250	999997	exact
4Lr35 3Ir15 3Ir16 3Lr27 4Lr15 3Lr32	2r15	250	999997	exact
4Lr35 3Ir15 3Ir16 3Lr27 4Lr15 3Lr33	2r15	250	999997	exact
4Lr35 3Ir15 3Ir16 3Lr27 4Lr15 4Lr18	2r15	250	999997	exact
4Lr35 3Ir15 3Ir16 3Lr27 4Lr15 4Lr21	2r15	250	999997	exact
4Lr35 3Ir15 3Ir16 3Lr27 4Lr15 4Lr22	2r15	250	999997	exact
4Lr35 3Ir15 3Ir16 3Lr27 4Lr15 4Lr31	2r15	250	999997	exact
4Lr35 3Ir15 3Ir16 3Lr27 4Lr15 4Lr33	2r15	250	999997	exact
4Lr35 3Ir15 3Ir16 3Lr27 4Lr15 4Lsr11	2r15	250	999997	exact
4Lr35 3Ir15 3Ir16 3Lr27 4Lr15 4S7	2r15	250	999997	exact
4Lr35 3Ir15 3Ir16 3Lr27 4Lr15 4Tr37	2r15	250	999997	exact
4Lr35 3Ir15 3Ir16 3Lr28	4Lr15	18	999984	exact
4Lr35 3Ir15 3Ir16 3Lr28 4Lr15 11	2r15	250	999997	exact
4Lr35 3Ir15 3Ir16 3Lr28 4Lr15 14	2r15	250	999997	exact
4Lr35 3Ir15 3Ir16 3Lr28 4Lr15 15	3Lr15	250	999997	exact
4Lr35 3Ir15 3Ir16 3Lr28 4Lr15 22	2r15	250	999997	exact
4Lr35 3Ir15 3Ir16 3Lr28 4Lr15 2r11	2r15	250	999997	exact
4Lr35 3Ir15 3Ir16 3Lr28 4Lr15 2r13	2r15	250	999997	exact
4Lr35 3Ir15 3Ir16 3Lr28 4Lr15 3Ir12	2r15	250	999997	exact
4Lr35 3Ir15 3Ir16 3Lr28 4Lr15 3Ir17	2r15	250	999997	exact
4Lr35 3Ir15 3Ir16 3Lr28 4Lr15 3Ir18	2r15	250	999997	exact
4Lr35 3Ir15 3Ir16 3Lr28 4Lr15 3L8	2r15	250	999997	exact
4Lr35 3Ir15 3Ir16 3Lr28 4Lr15 3Lr22	2r15	250	999997	exact
4Lr35 3Ir15 3Ir16 3Lr28 4Lr15 3Lr23	2r15	250	999997	exact
4Lr35 3Ir15 3Ir16 3Lr28 4Lr15 3Lr31	2r15	250	999997	exact
4Lr35 3Ir15 3Ir16 3Lr28 4Lr15 3Lr35	4Tr22	250	999984	exact
4Lr35 3Ir15 3Ir16 3Lr28 4Lr15 4Lr32	2r15	250	999997	exact
4Lr35 3Ir15 3Ir16 3Lr28 4Lr15 4Lr33	2r15	250	999997	exact
4Lr35 3Ir15 3Ir16 3Lr28 4Lr15 4Lsr11	2r15	250	999997	exact
4Lr35 3Ir15 3Ir16 3Lr28 4Lr15 4Lsr13	2r15	250	999997	exact
4Lr35 3Ir15 3Ir16 3Lr28 4Lr15 4Lsr21	2r15	250	999997	exact
4Lr35 3Ir15 3Ir16 3Lr28 4Lr15 4S7	2r15	250	999997	exact
4Lr35 3Ir15 3Ir16 3Lr28 4Lr15 4S8	2r15	250	999997	exact
4Lr35 3Ir15 3Ir16 3Lr28 4Lr15 4Tr21	2r15	250	999997	exact
4Lr35 3Ir15 3Ir16 3Lr28 4Lr15 4Tr37	2r15	250	999997	exact
4Lr35 3Ir15 3Ir16 3Lr31	4Lr15	19	999984	exact
4Lr35 3Ir15 3Ir16 3Lr32	4Lr15	18	999982	exact
4Lr35 3Ir15 3Ir16 3Lr32 4Lr15 11	2r15	250	999997	exact
4Lr35 3Ir15 3Ir16 3Lr32 4Lr15 12	2r15	250	999997	exact
4Lr35 3Ir15 3Ir16 3Lr32 4Lr15 13	2r15	250	999997	exact
4Lr35 3Ir15 3Ir16 3Lr32 4Lr15 14	2r15	250	999997	exact
4Lr35 3Ir15 3Ir16 3Lr32 4Lr15 15	3Lr15	250	999997	exact
4Lr35 3Ir15 3Ir16 3Lr32 4Lr15 16	3L5	250	999997	exact
4Lr35 3Ir15 3Ir16 3Lr32 4Lr15 17	2r15	250	999997	exact
4Lr35 3Ir15 3Ir16 3Lr32 4Lr15 18	2r15	250	999997	exact
4Lr35 3Ir15 3Ir16 3Lr32 4Lr15 19	2r15	250	999997	exact
4Lr35 3Ir15 3Ir16 3Lr32 4Lr15 25	4Tr27	250	999982	exact
4Lr35 3Ir15 3Ir16 3Lr32 4Lr15 27	2r15	250	999997	exact
4Lr35 3Ir15 3Ir16 3Lr32 4Lr15 28	3Lr25	250	999997	exact
4Lr35 3Ir15 3Ir16 3Lr32 4Lr15 2r11	3Lr25	250	999997	exact
4Lr35 3Ir15 3Ir16 3Lr32 4Lr15 2r12	3Lr25	250	999997	exact
4Lr35 3Ir15 3Ir16 3Lr32 4Lr15 2r13	2r15	250	999997	exact
4Lr35 3Ir15 3Ir16 3Lr32 4Lr15 2r14	2r15	250	999997	exact
4Lr35 3Ir15 3Ir16 3Lr32 4Lr15 2r15	2r16	250	999997	exact
4Lr35 3Ir15 3Ir16 3Lr32 4Lr15 2r16	2r15	250	999997	exact
4Lr35 3Ir15 3Ir16 3Lr32 4Lr15 2r17	3Lr25	250	999997	exact
4Lr35 3Ir15 3Ir16 3Lr32 4Lr15 2r18	2r15	250	999997	exact
4Lr35 3Ir15 3Ir16 3Lr32 4Lr15 2r19	3Lr25	250	999997	exact
4Lr35 3Ir15 3Ir16 3Lr32 4Lr15 3I7	2r15	250	999997	exact
4Lr35 3Ir15 3Ir16 3Lr32 4Lr15 3Ir11	2r15	250	999997	exact
4Lr35 3Ir15 3Ir16 3Lr32 4Lr15 3Ir12	2r15	250	999997	exact
4Lr35 3Ir15 3Ir16 3Lr32 4Lr15 3Ir13	2r15	250	999997	exact
4Lr35 3Ir15 3Ir16 3Lr32 4Lr15 3Ir14	2r15	250	999997	exact
4Lr35 3Ir15 3Ir16 3Lr32 4Lr15 3Ir17	2r15	250	999997	exact
4Lr35 3Ir15 3Ir16 3Lr32 4Lr15 3Ir18	2r15	250	999997	exact
4Lr35 3Ir15 3Ir16 3Lr32 4Lr15 3Ir19	2r15	250	999997	exact
4Lr35 3Ir15 3Ir16 3Lr32 4Lr15 3Lr12	2r15	250	999997	exact
4Lr35 3Ir15 3Ir16 3Lr32 4Lr15 3Lr13	2r15	250	999997	exact
4Lr35 3Ir15 3Ir16 3Lr32 4Lr15 3Lr25	4Tr27	250	999982	exact
4Lr35 3Ir15 3Ir16 3Lr32 4Lr15 3Lr27	2r15	250	999997	exact
4Lr35 3Ir15 3Ir16 3Lr32 4Lr15 3Lr28	3Lr25	250	999997	exact
4Lr35 3Ir15 3Ir16 3Lr32 4Lr15 3Lr35	4Ss2	250	999982	exact
4Lr35 3Ir15 3Ir16 3Lr32 4Lr15 3Lr37	3Lr25	250	999997	exact
4Lr35 3Ir15 3Ir16 3Lr32 4Lr15 3Lr38	3Lr25	250	999997	exact
4Lr35 3Ir15 3Ir16 3Lr32 4Lr15 4Lr27	2r15	250	999997	exact
4Lr35 3Ir15 3Ir16 3Lr32 4Lr15 4Lr37	2r15	250	999997	exact
4Lr35 3Ir15 3Ir16 3Lr32 4Lr15 4Lr38	2r15	250	999997	exact
4Lr35 3Ir15 3Ir16 3Lr32 4Lr15 4Lsr17	2r15	250	999997	exact
4Lr35 3Ir15 3Ir16 3Lr32 4Lr15 4Lsr18	2r16	250	999997	exact
4Lr35 3Ir15 3Ir16 3Lr32 4Lr15 4Lsr27	2r15	250	999997	exact
4Lr35 3Ir15 3Ir16 3Lr32 4Lr15 4Lsr31	2r15	250	999997	exact
4Lr35 3Ir15 3Ir16 3Lr32 4Lr15 4Ss2	2r15	250	999997	exact
4Lr35 3Ir15 3Ir16 3Lr32 4Lr15 4Ss3	2r15	250	999997	exact
4Lr35 3Ir15 3Ir16 3Lr32 4Lr15 4Tr12	2r15	250	999997	exact
4Lr35 3Ir15 3Ir16 3Lr32 4Lr15 4Tr13	2r15	250	999997	exact
4Lr35 3Ir15 3Ir16 3Lr32 4Lr15 4Tr27	2r15	250	999997	exact
4Lr35 3Ir15 3Ir16 3Lr33	4Ss3	9	999993	exact
4Lr35 3Ir15 3Ir16 3Lr33 4Ss3 11	3Ir15	250	999993	exact
4Lr35 3Ir15 3Ir16 3Lr33 4Ss3 12	4Tr27	250	999993	exact
4Lr35 3Ir15 3Ir16 3Lr33 4Ss3 13	3Ir15	250	999995	exact
4Lr35 3Ir15 3Ir16 3Lr33 4Ss3 14	3Ir15	250	999995	exact
4Lr35 3Ir15 3Ir16 3Lr33 4Ss3 15	4Tr27	250	999993	exact
4Lr35 3Ir15 3Ir16 3Lr33 4Ss3 16	4Tr27	250	999993	exact
4Lr35 3Ir15 3Ir16 3Lr33 4Ss3 17	3Ir15	250	999995	exact
4Lr35 3Ir15 3Ir16 3Lr33 4Ss3 18	3Ir15	250	999995	exact
4Lr35 3Ir15 3Ir16 3Lr33 4Ss3 19	3Ir15	250	999995	exact
4Lr35 3Ir15 3Ir16 3Lr33 4Ss3 21	3Ir15	250	999995	exact
4Lr35 3Ir15 3Ir16 3Lr33 4Ss3 27	3Ir15	250	999995	exact
4Lr35 3Ir15 3Ir16 3Lr33 4Ss3 28	3Ir15	250	999995	exact
4Lr35 3Ir15 3Ir16 3Lr33 4Ss3 2r11	3Ir15	250	999995	exact
4Lr35 3Ir15 3Ir16 3Lr33 4Ss3 2r12	3Ir15	250	999995	exact
4Lr35 3Ir15 3Ir16 3Lr33 4Ss3 2r13	4Tr27	250	999993	exact
4Lr35 3Ir15 3Ir16 3Lr33 4Ss3 2r14	3Ir15	250	999995	exact
4Lr35 3Ir15 3Ir16 3Lr33 4Ss3 2r15	4Tr27	250	999993	exact
4Lr35 3Ir15 3Ir16 3Lr33 4Ss3 2r16	4Tr27	250	999993	exact
4Lr35 3Ir15 3Ir16 3Lr33 4Ss3 2r17	3Ir15	250	999995	exact
4Lr35 3Ir15 3Ir16 3Lr33 4Ss3 2r18	3Ir15	250	999995	exact
4Lr35 3Ir15 3Ir16 3Lr33 4Ss3 2r19	3Ir15	250	999995	exact
4Lr35 3Ir15 3Ir16 3Lr33 4Ss3 3I7	3Ir15	250	999995	exact
4Lr35 3Ir15 3Ir16 3Lr33 4Ss3 3Ir11	4Tr27	250	999993	exact
4Lr35 3Ir15 3Ir16 3Lr33 4Ss3 3Ir12	3Ir15	250	999995	exact
4Lr35 3Ir15 3Ir16 3Lr33 4Ss3 3Ir13	3Ir15	250	999993	exact
4Lr35 3Ir15 3Ir16 3Lr33 4Ss3 3Ir14	4Tr27	250	999993	exact
4Lr35 3Ir15 3Ir16 3Lr33 4Ss3 3Ir15	4Ss3	250	999993	exact
4Lr35 3Ir15 3Ir16 3Lr33 4Ss3 3Ir16	4Tr27	250	999993	exact
4Lr35 3Ir15 3Ir16 3Lr33 4Ss3 3Ir17	3Ir15	250	999995	exact
4Lr35 3Ir15 3Ir16 3Lr33 4Ss3 3Ir18	3Ir15	250	999995	exact
4Lr35 3Ir15 3Ir16 3Lr33 4Ss3 3Ir19	3Ir15	250	999995	exact
4Lr35 3Ir15 3Ir16 3Lr33 4Ss3 3Lr13	4Tr27	250	999993	exact
4Lr35 3Ir15 3Ir16 3Lr33 4Ss3 3Lr21	3Ir15	250	999993	exact
4Lr35 3Ir15 3Ir16 3Lr33 4Ss3 3Lr27	3Ir15	250	999995	exact
4Lr35 3Ir15 3Ir16 3Lr33 4Ss3 3Lr28	3Ir15	250	999995	exact
4Lr35 3Ir15 3Ir16 3Lr33 4Ss3 3Lr31	3Ir15	250	999995	exact
4Lr35 3Ir15 3Ir16 3Lr33 4Ss3 3Lr37	3Ir15	250	999995	exact
4Lr35 3Ir15 3Ir16 3Lr33 4Ss3 3Lr38	3Ir15	250	999995	exact
4Lr35 3Ir15 3Ir16 3Lr33 4Ss3 4Lr15	4Tr27	250	999993	exact
4Lr35 3Ir15 3Ir16 3Lr33 4Ss3 4Lr27	3Ir15	250	999995	exact
4Lr35 3Ir15 3Ir16 3Lr33 4Ss3 4Lr31	3Ir15	250	999993	exact
4Lr35 3Ir15 3Ir16 3Lr33 4Ss3 4Lr37	3Ir15	250	999993	exact
4Lr35 3Ir15 3Ir16 3Lr33 4Ss3 4Lr38	3Ir15	250	999995	exact
4Lr35 3Ir15 3Ir16 3Lr33 4Ss3 4Lsr11	3Ir15	250	999995	exact
4Lr35 3Ir15 3Ir16 3Lr33 4Ss3 4Lsr17	3Ir15	250	999993	exact
4Lr35 3Ir15 3Ir16 3Lr33 4Ss3 4Lsr18	3Ir15	250	999995	exact
4Lr35 3Ir15 3Ir16 3Lr33 4Ss3 4Lsr27	3Ir15	250	999995	exact
4Lr35 3Ir15 3Ir16 3Lr33 4Ss3 4Ss3	4Tr27	250	999993	exact
4Lr35 3Ir15 3Ir16 3Lr33 4Ss3 4Tr13	4Tr27	250	999993	exact
4Lr35 3Ir15 3Ir16 3Lr33 4Ss3 4Tr27	4S7	250	999993	exact
4Lr35 3Ir15 3Ir16 3Lr37	4Lr15	18	999984	exact
4Lr35 3Ir15 3Ir16 3Lr37 4Lr15 11	2r15	250	999997	exact
4Lr35 3Ir15 3Ir16 3Lr37 4Lr15 12	2r15	250	999997	exact
4Lr35 3Ir15 3Ir16 3Lr37 4Lr15 13	2r15	250	999997	exact
4Lr35 3Ir15 3Ir16 3Lr37 4Lr15 14	2r15	250	999997	exact
4Lr35 3Ir15 3Ir16 3Lr37 4Lr15 15	3Lr15	250	999997	exact
4Lr35 3Ir15 3Ir16 3Lr37 4Lr15 16	2r15	250	999997	exact
4Lr35 3Ir15 3Ir16 3Lr37 4Lr15 17	2r15	250	999997	exact
4Lr35 3Ir15 3Ir16 3Lr37 4Lr15 18	2r15	250	999997	exact
4Lr35 3Ir15 3Ir16 3Lr37 4Lr15 19	2r15	250	999997	exact
4Lr35 3Ir15 3Ir16 3Lr37 4Lr15 21	3Lr25	250	999997	exact
4Lr35 3Ir15 3Ir16 3Lr37 4Lr15 22	3Lr25	250	999997	exact
4Lr35 3Ir15 3Ir16 3Lr37 4Lr15 23	3Lr25	250	999997	exact
4Lr35 3Ir15 3Ir16 3Lr37 4Lr15 25	4Tr22	250	999984	exact
4Lr35 3Ir15 3Ir16 3Lr37 4Lr15 2r11	3Lr25	250	999997	exact
4Lr35 3Ir15 3Ir16 3Lr37 4Lr15 2r12	3Lr25	250	999997	exact
4Lr35 3Ir15 3Ir16 3Lr37 4Lr15 2r13	3Lr25	250	999997	exact
4Lr35 3Ir15 3Ir16 3Lr37 4Lr15 2r14	3Lr25	250	999997	exact
4Lr35 3Ir15 3Ir16 3Lr37 4Lr15 2r15	2r16	250	999997	exact
4Lr35 3Ir15 3Ir16 3Lr37 4Lr15 2r16	2r15	250	999997	exact
4Lr35 3Ir15 3Ir16 3Lr37 4Lr15 2r17	2r15	250	999997	exact
4Lr35 3Ir15 3Ir16 3Lr37 4Lr15 2r18	2r15	250	999997	exact
4Lr35 3Ir15 3Ir16 3Lr37 4Lr15 2r19	2r15	250	999997	exact
4Lr35 3Ir15 3Ir16 3Lr37 4Lr15 3I1	3Lr25	250	999997	exact
4Lr35 3Ir15 3Ir16 3Lr37 4Lr15 3I2	3Lr25	250	999997	exact
4Lr35 3Ir15 3Ir16 3Lr37 4Lr15 3Ir11	3Lr25	250	999997	exact
4Lr35 3Ir15 3Ir16 3Lr37 4Lr15 3Ir12	3Lr25	250	999997	exact
4Lr35 3Ir15 3Ir16 3Lr37 4Lr15 3Ir13	3Lr25	250	999997	exact
4Lr35 3Ir15 3Ir16 3Lr37 4Lr15 3Ir14	3Lr25	250	999997	exact
4Lr35 3Ir15 3Ir16 3Lr37 4Lr15 3Ir17	3Lr25	250	999997	exact
4Lr35 3Ir15 3Ir16 3Lr37 4Lr15 3Ir18	3Lr25	250	999997	exact
4Lr35 3Ir15 3Ir16 3Lr37 4Lr15 3Ir19	3Lr25	250	999997	exact
4Lr35 3Ir15 3Ir16 3Lr37 4Lr15 3Lr17	3Lr25	250	999997	exact
4Lr35 3Ir15 3Ir16 3Lr37 4Lr15 3Lr18	3Lr25	250	999997	exact
4Lr35 3Ir15 3Ir16 3Lr37 4Lr15 3Lr21	3Lr25	250	999997	exact
4Lr35 3Ir15 3Ir16 3Lr37 4Lr15 3Lr22	3Lr25	250	999997	exact
4Lr35 3Ir15 3Ir16 3Lr37 4Lr15 3Lr23	3Lr25	250	999997	exact
4Lr35 3Ir15 3Ir16 3Lr37 4Lr15 3Lr25	4Tr22	250	999984	exact
4Lr35 3Ir15 3Ir16 3Lr37 4Lr15 3Lr31	3Lr25	250	999997	exact
4Lr35 3Ir15 3Ir16 3Lr37 4Lr15 3Lr32	3Lr25	250	999997	exact
4Lr35 3Ir15 3Ir16 3Lr37 4Lr15 3Lr33	3Lr25	250	999997	exact
4Lr35 3Ir15 3Ir16 3Lr37 4Lr15 3Lr35	4Tr22	250	999984	exact
4Lr35 3Ir15 3Ir16 3Lr37 4Lr15 4Lr21	3Lr25	250	999997	exact
4Lr35 3Ir15 3Ir16 3Lr37 4Lr15 4Lr22	3Lr25	250	999997	exact
4Lr35 3Ir15 3Ir16 3Lr37 4Lr15 4Lr31	3Lr25	250	999997	exact
4Lr35 3Ir15 3Ir16 3Lr37 4Lr15 4Lr32	3Lr25	250	999997	exact
4Lr35 3Ir15 3Ir16 3Lr37 4Lr15 4Lr33	3Lr25	250	999997	exact
4Lr35 3Ir15 3Ir16 3Lr37 4Lr15 4Lsr11	3Lr25	250	999997	exact
4Lr35 3Ir15 3Ir16 3Lr37 4Lr15 4Lsr12	3Lr25	250	999997	exact
4Lr35 3Ir15 3Ir16 3Lr37 4Lr15 4Lsr13	3Lr25	250	999997	exact
4Lr35 3Ir15 3Ir16 3Lr37 4Lr15 4Lsr21	3Lr25	250	999997	exact
4Lr35 3Ir15 3Ir16 3Lr37 4Lr15 4Lsr22	3Lr25	250	999997	exact
4Lr35 3Ir15 3Ir16 3Lr37 4Lr15 4Ss7	3Lr25	250	999997	exact
4Lr35 3Ir15 3Ir16 3Lr37 4Lr15 4Ss8	3Lr25	250	999997	exact
4Lr35 3Ir15 3Ir16 3Lr37 4Lr15 4Tr17	3Lr25	250	999997	exact
4Lr35 3Ir15 3Ir16 3Lr37 4Lr15 4Tr18	3Lr25	250	999997	exact
4Lr35 3Ir15 3Ir16 3Lr37 4Lr15 4Tr21	3Lr25	250	999997	exact
4Lr35 3Ir15 3Ir16 3Lr37 4Lr15 4Tr22	3Lr25	250	999997	exact
4Lr35 3Ir15 3Ir16 3Lr38	4Tr22	18	999984	exact
4Lr35 3Ir15 3Ir16 3Lr38 4Tr22 11	4Ss8	250	999984	exact
4Lr35 3Ir15 3Ir16 3Lr38 4Tr22 12	4Ss8	250	999985	exact
4Lr35 3Ir15 3Ir16 3Lr38 4Tr22 13	4Ss8	250	999985	exact
4Lr35 3Ir15 3Ir16 3Lr38 4Tr22 14	4Ss8	250	999984	exact
4Lr35 3Ir15 3Ir16 3Lr38 4Tr22 16	4Ss8	250	999987	exact
4Lr35 3Ir15 3Ir16 3Lr38 4Tr22 17	4Ss8	250	999985	exact
4Lr35 3Ir15 3Ir16 3Lr38 4Tr22 18	4S2	250	999984	exact
4Lr35 3Ir15 3Ir16 3Lr38 4Tr22 19	4Lr15	250	999985	exact
4Lr35 3Ir15 3Ir16 3Lr38 4Tr22 2r11	4Ss8	250	999984	exact
4Lr35 3Ir15 3Ir16 3Lr38 4Tr22 2r12	4Lr15	250	999984	exact
4Lr35 3Ir15 3Ir16 3Lr38 4Tr22 2r13	4Ss8	250	999984	exact
4Lr35 3Ir15 3Ir16 3Lr38 4Tr22 2r15	4Ss8	250	999985	exact
4Lr35 3Ir15 3Ir16 3Lr38 4Tr22 2r17	4Lr15	250	999984	exact
4Lr35 3Ir15 3Ir16 3Lr38 4Tr22 2r18	4S2	250	999984	exact
4Lr35 3Ir15 3Ir16 3Lr38 4Tr22 3Ir13	4S1	250	999984	exact
4Lr35 3Ir15 3Ir16 3Lr38 4Tr22 3Ir14	4Ss8	250	999985	exact
4Lr35 3Ir15 3Ir16 3Lr38 4Tr22 3Ir15	4Ss8	250	999985	exact
4Lr35 3Ir15 3Ir16 3Lr38 4Tr22 3Ir16	4S2	250	999984	exact
4Lr35 3Ir15 3Ir16 3Lr38 4Tr22 3Ir17	4Lr15	250	999985	exact
4Lr35 3Ir15 3Ir16 3Lr38 4Tr22 3Ir18	4S2	250	999984	exact
4Lr35 3Ir15 3Ir16 3Lr38 4Tr22 3Ir19	4Lsr38	250	999985	exact
4Lr35 3Ir15 3Ir16 3Lr38 4Tr22 3L1	4Lr15	250	999985	exact
4Lr35 3Ir15 3Ir16 3Lr38 4Tr22 3Lr13	4Ss8	250	999985	exact
4Lr35 3Ir15 3Ir16 3Lr38 4Tr22 3Lr18	4Lr15	250	999984	exact
4Lr35 3Ir15 3Ir16 3Lr38 4Tr22 4Lr15	4Ss8	250	999985	exact
4Lr35 3Ir15 3Ir16 3Lr38 4Tr22 4Lsr37	4Lr15	250	999984	exact
4Lr35 3Ir15 3Ir16 3Lr38 4Tr22 4S1	4Ss2	250	999984	exact
4Lr35 3Ir15 3Ir16 3Lr38 4Tr22 4S2	4Ss8	250	999984	exact
4Lr35 3Ir15 3Ir16 3Lr38 4Tr22 4Ss3	4Ss8	250	999984	exact
4Lr35 3Ir15 3Ir16 3Lr38 4Tr22 4Tr13	4Ss8	250	999984	exact
4Lr35 3Ir15 3Ir16 3Lr38 4Tr22 4Tr18	4Tr38	250	999985	exact
4Lr35 3Ir15 3Ir16 3Lr38 4Tr22 4Tr31	4Tr13	250	999984	exact
4Lr35 3Ir15 3Ir16 4Lr15	4Tr22	18	999987	exact
4Lr35 3Ir15 3Ir16 4Lr15 4Tr22 11	4Ssr11	250	999987	exact
4Lr35 3Ir15 3Ir16 4Lr15 4Tr22 13	4S1	250	999987	exact
4Lr35 3Ir15 3Ir16 4Lr15 4Tr22 14	4S2	250	999987	exact
4Lr35 3Ir15 3Ir16 4Lr15 4Tr22 15	4Lsr27	250	999987	exact
4Lr35 3Ir15 3Ir16 4Lr15 4Tr22 16	4S1	250	999987	exact
4Lr35 3Ir15 3Ir16 4Lr15 4Tr22 17	4Ss7	250	999987	exact
4Lr35 3Ir15 3Ir16 4Lr15 4Tr22 18	4S7	250	999987	exact
4Lr35 3Ir15 3Ir16 4Lr15 4Tr22 25	4S1	250	999987	exact
4Lr35 3Ir15 3Ir16 4Lr15 4Tr22 28	4Tr37	250	999989	exact
4Lr35 3Ir15 3Ir16 4Lr15 4Tr22 2r12	4Tr27	250	999987	exact
4Lr35 3Ir15 3Ir16 4Lr15 4Tr22 2r13	4S1	250	999987	exact
4Lr35 3Ir15 3Ir16 4Lr15 4Tr22 2r14	4Lsr27	250	999987	exact
4Lr35 3Ir15 3Ir16 4Lr15 4Tr22 2r16	4S1	250	999987	exact
4Lr35 3Ir15 3Ir16 4Lr15 4Tr22 2r17	4Lr17	250	999987	exact
4Lr35 3Ir15 3Ir16 4Lr15 4Tr22 2r18	4S2	250	999987	exact
4Lr35 3Ir15 3Ir16 4Lr15 4Tr22 2r19	3Ir19	250	999987	exact
4Lr35 3Ir15 3Ir16 4Lr15 4Tr22 3I7	4Lr38	250	999987	exact
4Lr35 3Ir15 3Ir16 4Lr15 4Tr22 3Ir12	4Tr27	250	999993	exact
4Lr35 3Ir15 3Ir16 4Lr15 4Tr22 3Ir13	2r11	250	999987	exact
4Lr35 3Ir15 3Ir16 4Lr15 4Tr22 3Ir14	3L1	250	999989	exact
4Lr35 3Ir15 3Ir16 4Lr15 4Tr22 3Ir18	4S2	250	999987	exact
4Lr35 3Ir15 3Ir16 4Lr15 4Tr22 3Ir19	4S2	250	999987	exact
4Lr35 3Ir15 3Ir16 4Lr15 4Tr22 3L1	4Tr21	250	999987	exact
4Lr35 3Ir15 3Ir16 4Lr15 4Tr22 3L2	11	250	999989	exact
4Lr35 3Ir15 3Ir16 4Lr15 4Tr22 3Lr13	4S1	250	999987	exact
4Lr35 3Ir15 3Ir16 4Lr15 4Tr22 3Lr25	4Tr27	250	999993	exact
4Lr35 3Ir15 3Ir16 4Lr15 4Tr22 3Lr27	4S7	250	999987	exact
4Lr35 3Ir15 3Ir16 4Lr15 4Tr22 3Lr28	4S8	250	999987	exact
4Lr35 3Ir15 3Ir16 4Lr15 4Tr22 3Lr37	4Tr17	250	999987	exact
4Lr35 3Ir15 3Ir16 4Lr15 4Tr22 3Lr38	4Ss8	250	999987	exact
4Lr35 3Ir15 3Ir16 4Lr15 4Tr22 4Lsr17	4Lsr37	250	999989	exact
4Lr35 3Ir15 3Ir16 4Lr15 4Tr22 4Lsr18	2r19	250	999987	exact
4Lr35 3Ir15 3Ir16 4Lr15 4Tr22 4Lsr27	4Sr17	250	999987	exact
4Lr35 3Ir15 3Ir16 4Lr15 4Tr22 4S1	4Ss2	250	999989	exact
4Lr35 3Ir15 3Ir16 4Lr15 4Tr22 4Ss3	4S1	250	999987	exact
4Lr35 3Ir15 3Ir16 4Lr15 4Tr22 4Tr13	4S1	250	999989	exact
4Lr35 3Ir15 3Ir16 4Lr15 4Tr22 4Tr27	4S7	250	999987	exact
4Lr35 3Ir15 3Ir16 4Lr15 4Tr22 4Tr31	4Sr11	250	999989	exact
4Lr35 3Ir15 3Ir16 4Lr21	4Ssr11	20	999987	exact
4Lr35 3Ir15 3Ir16 4Lr22	4Tr33	10	999991	exact
4Lr35 3Ir15 3Ir16 4Lr22 4Tr33 11	3Ir15	250	999995	exact
4Lr35 3Ir15 3Ir16 4Lr22 4Tr33 12	3Ir15	250	999995	exact
4Lr35 3Ir15 3Ir16 4Lr22 4Tr33 13	3Ir15	250	999995	exact
4Lr35 3Ir15 3Ir16 4Lr22 4Tr33 14	3Ir15	250	999995	exact
4Lr35 3Ir15 3Ir16 4Lr22 4Tr33 15	4Tr27	250	999991	exact
4Lr35 3Ir15 3Ir16 4Lr22 4Tr33 16	4Tr27	250	999991	exact
4Lr35 3Ir15 3Ir16 4Lr22 4Tr33 17	3Ir15	250	999995	exact
4Lr35 3Ir15 3Ir16 4Lr22 4Tr33 18	3Ir15	250	999995	exact
4Lr35 3Ir15 3Ir16 4Lr22 4Tr33 19	3Ir15	250	999995	exact
4Lr35 3Ir15 3Ir16 4Lr22 4Tr33 27	3Ir15	250	999995	exact
4Lr35 3Ir15 3Ir16 4Lr22 4Tr33 28	3Ir15	250	999995	exact
4Lr35 3Ir15 3Ir16 4Lr22 4Tr33 2r11	3Ir15	250	999995	exact
4Lr35 3Ir15 3Ir16 4Lr22 4Tr33 2r12	3Ir15	250	999995	exact
4Lr35 3Ir15 3Ir16 4Lr22 4Tr33 2r13	4Tr27	250	999991	exact
4Lr35 3Ir15 3Ir16 4Lr22 4Tr33 2r14	4S1	250	999993	exact
4Lr35 3Ir15 3Ir16 4Lr22 4Tr33 2r15	4Tr27	250	999991	exact
4Lr35 3Ir15 3Ir16 4Lr22 4Tr33 2r16	4S1	250	999991	exact
4Lr35 3Ir15 3Ir16 4Lr22 4Tr33 2r17	3Ir15	250	999995	exact
4Lr35 3Ir15 3Ir16 4Lr22 4Tr33 2r18	3Ir15	250	999995	exact
4Lr35 3Ir15 3Ir16 4Lr22 4Tr33 2r19	3Ir15	250	999995	exact
4Lr35 3Ir15 3Ir16 4Lr22 4Tr33 3I7	3Ir15	250	999993	exact
4Lr35 3Ir15 3Ir16 4Lr22 4Tr33 3Ir11	3Ir15	250	999995	exact
4Lr35 3Ir15 3Ir16 4Lr22 4Tr33 3Ir12	3Ir15	250	999995	exact
4Lr35 3Ir15 3Ir16 4Lr22 4Tr33 3Ir13	4S1	250	999993	exact
4Lr35 3Ir15 3Ir16 4Lr22 4Tr33 3Ir14	4Tr27	250	999993	exact
4Lr35 3Ir15 3Ir16 4Lr22 4Tr33 3Ir15	4Tr27	250	999993	exact
4Lr35 3Ir15 3Ir16 4Lr22 4Tr33 3Ir16	4Tr27	250	999993	exact
4Lr35 3Ir15 3Ir16 4Lr22 4Tr33 3Ir17	3Ir15	250	999995	exact
4Lr35 3Ir15 3Ir16 4Lr22 4Tr33 3Ir18	3Ir15	250	999995	exact
4Lr35 3Ir15 3Ir16 4Lr22 4Tr33 3Ir19	3Ir15	250	999995	exact
4Lr35 3Ir15 3Ir16 4Lr22 4Tr33 3L1	3Ir15	250	999995	exact
4Lr35 3Ir15 3Ir16 4Lr22 4Tr33 3Lr13	4Tr27	250	999993	exact
4Lr35 3Ir15 3Ir16 4Lr22 4Tr33 3Lr27	3Ir15	250	999995	exact
4Lr35 3Ir15 3Ir16 4Lr22 4Tr33 3Lr28	3Ir15	250	999995	exact
4Lr35 3Ir15 3Ir16 4Lr22 4Tr33 3Lr37	3Ir15	250	999995	exact
4Lr35 3Ir15 3Ir16 4Lr22 4Tr33 3Lr38	3Ir15	250	999995	exact
4Lr35 3Ir15 3Ir16 4Lr22 4Tr33 4Lr15	4Tr27	250	999991	exact
4Lr35 3Ir15 3Ir16 4Lr22 4Tr33 4Lr27	4S1	250	999993	exact
4Lr35 3Ir15 3Ir16 4Lr22 4Tr33 4Lr37	3Ir15	250	999995	exact
4Lr35 3Ir15 3Ir16 4Lr22 4Tr33 4Lr38	3Ir15	250	999995	exact
4Lr35 3Ir15 3Ir16 4Lr22 4Tr33 4Lsr17	3Ir15	250	999995	exact
4Lr35 3Ir15 3Ir16 4Lr22 4Tr33 4Lsr18	3Ir15	250	999995	exact
4Lr35 3Ir15 3Ir16 4Lr22 4Tr33 4Lsr27	4S1	250	999993	exact
4Lr35 3Ir15 3Ir16 4Lr22 4Tr33 4S1	3Ir15	250	999995	exact
4Lr35 3Ir15 3Ir16 4Lr22 4Tr33 4Ss3	4Tr27	250	999991	exact
4Lr35 3Ir15 3Ir16 4Lr22 4Tr33 4Tr13	4S1	250	999993	exact
4Lr35 3Ir15 3Ir16 4Lr22 4Tr33 4Tr27	3Ir15	250	999995	exact
4Lr35 3Ir15 3Ir16 4Lr22 4Tr33 4Tr31	3Ir15	250	999993	exact
4Lr35 3Ir15 3Ir16 4Lr27	4Tr22	20	999987	exact
4Lr35 3Ir15 3Ir16 4Lr27 4Tr22 2r11	4Lr15	250	999987	exact
4Lr35 3Ir15 3Ir16 4Lr27 4Tr22 4Tr31	4Lr15	250	999987	exact
4Lr35 3Ir15 3Ir16 4Lr31	4Lr15	20	999980	exact
4Lr35 3Ir15 3Ir16 4Lr32	4Lr15	21	999979	exact
4Lr35 3Ir15 3Ir16 4Lr33	4Lr13	14	999989	exact
4Lr35 3Ir15 3Ir16 4Lr33 4Lr13 11	4Tr27	250	999991	exact
4Lr35 3Ir15 3Ir16 4Lr33 4Lr13 12	4Tr27	250	999993	exact
4Lr35 3Ir15 3Ir16 4Lr33 4Lr13 13	4Tr13	250	999989	exact
4Lr35 3Ir15 3Ir16 4Lr33 4Lr13 14	4S3	250	999989	exact
4Lr35 3Ir15 3Ir16 4Lr33 4Lr13 15	4Tr27	250	999989	exact
4Lr35 3Ir15 3Ir16 4Lr33 4Lr13 16	4Tr27	250	999991	exact
4Lr35 3Ir15 3Ir16 4Lr33 4Lr13 17	2r14	250	999989	exact
4Lr35 3Ir15 3Ir16 4Lr33 4Lr13 18	3Ir15	250	999991	exact
4Lr35 3Ir15 3Ir16 4Lr33 4Lr13 19	2r14	250	999989	exact
4Lr35 3Ir15 3Ir16 4Lr33 4Lr13 21	3Ir15	250	999995	exact
4Lr35 3Ir15 3Ir16 4Lr33 4Lr13 23	4Tr27	250	999991	exact
4Lr35 3Ir15 3Ir16 4Lr33 4Lr13 27	3Ir15	250	999995	exact
4Lr35 3Ir15 3Ir16 4Lr33 4Lr13 28	3Ir15	250	999995	exact
4Lr35 3Ir15 3Ir16 4Lr33 4Lr13 2r11	3Ir15	250	999995	exact
4Lr35 3Ir15 3Ir16 4Lr33 4Lr13 2r12	3Ir15	250	999995	exact
4Lr35 3Ir15 3Ir16 4Lr33 4Lr13 2r13	4Tr27	250	999991	exact
4Lr35 3Ir15 3Ir16 4Lr33 4Lr13 2r14	2r14	250	999991	exact
4Lr35 3Ir15 3Ir16 4Lr33 4Lr13 2r15	2r14	250	999991	exact
4Lr35 3Ir15 3Ir16 4Lr33 4Lr13 2r16	2r14	250	999991	exact
4Lr35 3Ir15 3Ir16 4Lr33 4Lr13 2r17	3Ir15	250	999995	exact
4Lr35 3Ir15 3Ir16 4Lr33 4Lr13 2r18	3Ir15	250	999995	exact
4Lr35 3Ir15 3Ir16 4Lr33 4Lr13 2r19	3Ir15	250	999995	exact
4Lr35 3Ir15 3Ir16 4Lr33 4Lr13 3I7	2r14	250	999991	exact
4Lr35 3Ir15 3Ir16 4Lr33 4Lr13 3Ir11	3Ir15	250	999995	exact
4Lr35 3Ir15 3Ir16 4Lr33 4Lr13 3Ir12	4S2	250	999989	exact
4Lr35 3Ir15 3Ir16 4Lr33 4Lr13 3Ir13	4Tr27	250	999991	exact
4Lr35 3Ir15 3Ir16 4Lr33 4Lr13 3Ir14	4Ss4	250	999991	exact
4Lr35 3Ir15 3Ir16 4Lr33 4Lr13 3Ir15	3Lr23	250	999991	exact
4Lr35 3Ir15 3Ir16 4Lr33 4Lr13 3Ir16	4Tr27	250	999991	exact
4Lr35 3Ir15 3Ir16 4Lr33 4Lr13 3Ir17	3Ir15	250	999995	exact
4Lr35 3Ir15 3Ir16 4Lr33 4Lr13 3Ir18	3Ir15	250	999995	exact
4Lr35 3Ir15 3Ir16 4Lr33 4Lr13 3Ir19	3Ir15	250	999993	exact
4Lr35 3Ir15 3Ir16 4Lr33 4Lr13 3Lr21	4Tr27	250	999991	exact
4Lr35 3Ir15 3Ir16 4Lr33 4Lr13 3Lr23	4Tr27	250	999991	exact
4Lr35 3Ir15 3Ir16 4Lr33 4Lr13 3Lr27	3Ir15	250	999995	exact
4Lr35 3Ir15 3Ir16 4Lr33 4Lr13 3Lr28	3Ir15	250	999993	exact
4Lr35 3Ir15 3Ir16 4Lr33 4Lr13 3Lr31	3Ir15	250	999995	exact
4Lr35 3Ir15 3Ir16 4Lr33 4Lr13 3Lr33	4Tr27	250	999991	exact
4Lr35 3Ir15 3Ir16 4Lr33 4Lr13 3Lr37	4Ss7	250	999991	exact
4Lr35 3Ir15 3Ir16 4Lr33 4Lr13 3Lr38	3Ir15	250	999995	exact
4Lr35 3Ir15 3Ir16 4Lr33 4Lr13 4Lr15	4Tr27	250	999993	exact
4Lr35 3Ir15 3Ir16 4Lr33 4Lr13 4Lr27	3Lr23	250	999991	exact
4Lr35 3Ir15 3Ir16 4Lr33 4Lr13 4Lr31	4Tr27	250	999989	exact
4Lr35 3Ir15 3Ir16 4Lr33 4Lr13 4Lr33	4Tr27	250	999991	exact
4Lr35 3Ir15 3Ir16 4Lr33 4Lr13 4Lr37	4Ss6	250	999991	exact
4Lr35 3Ir15 3Ir16 4Lr33 4Lr13 4Lr38	3Ir15	250	999995	exact
4Lr35 3Ir15 3Ir16 4Lr33 4Lr13 4Lsr11	4S2	250	999989	exact
4Lr35 3Ir15 3Ir16 4Lr33 4Lr13 4Lsr13	4Tr27	250	999991	exact
4Lr35 3Ir15 3Ir16 4Lr33 4Lr13 4Lsr17	3Ir15	250	999995	exact
4Lr35 3Ir15 3Ir16 4Lr33 4Lr13 4Lsr18	3Ir15	250	999995	exact
4Lr35 3Ir15 3Ir16 4Lr33 4Lr13 4Lsr27	4Sr17	250	999991	exact
4Lr35 3Ir15 3Ir16 4Lr33 4Lr13 4Lsr34	4Tr27	250	999991	exact
4Lr35 3Ir15 3Ir16 4Lr33 4Lr13 4Tr27	3Ir15	250	999995	exact
4Lr35 3Ir15 3Ir16 4Lr37	4Ss6	18	999986	exact
4Lr35 3Ir15 3Ir16 4Lr37 4Ss6 11	4Lr35	250	999997	exact
4Lr35 3Ir15 3Ir16 4Lr37 4Ss6 12	4Lr35	250	999997	exact
4Lr35 3Ir15 3Ir16 4Lr37 4Ss6 13	4Lr35	250	999997	exact
4Lr35 3Ir15 3Ir16 4Lr37 4Ss6 14	4Lr35	250	999997	exact
4Lr35 3Ir15 3Ir16 4Lr37 4Ss6 15	4Lsr13	250	999987	exact
4Lr35 3Ir15 3Ir16 4Lr37 4Ss6 16	4Tr22	250	999986	exact
4Lr35 3Ir15 3Ir16 4Lr37 4Ss6 17	4Lr35	250	999997	exact
4Lr35 3Ir15 3Ir16 4Lr37 4Ss6 18	4Lr35	250	999997	exact
4Lr35 3Ir15 3Ir16 4Lr37 4Ss6 19	4Lr35	250	999997	exact
4Lr35 3Ir15 3Ir16 4Lr37 4Ss6 21	4Ss8	250	999987	exact
4Lr35 3Ir15 3Ir16 4Lr37 4Ss6 22	4S1	250	999987	exact
4Lr35 3Ir15 3Ir16 4Lr37 4Ss6 23	4Ss8	250	999987	exact
4Lr35 3Ir15 3Ir16 4Lr37 4Ss6 25	4Lr16	250	999986	exact
4Lr35 3Ir15 3Ir16 4Lr37 4Ss6 2r11	4Lr35	250	999997	exact
4Lr35 3Ir15 3Ir16 4Lr37 4Ss6 2r12	4Lr35	250	999997	exact
4Lr35 3Ir15 3Ir16 4Lr37 4Ss6 2r13	4Ss8	250	999987	exact
4Lr35 3Ir15 3Ir16 4Lr37 4Ss6 2r14	4Ss8	250	999987	exact
4Lr35 3Ir15 3Ir16 4Lr37 4Ss6 2r15	4Lsr13	250	999986	exact
4Lr35 3Ir15 3Ir16 4Lr37 4Ss6 2r16	4Lsr13	250	999987	exact
4Lr35 3Ir15 3Ir16 4Lr37 4Ss6 2r17	4Lsr13	250	999987	exact
4Lr35 3Ir15 3Ir16 4Lr37 4Ss6 2r18	4Lr35	250	999997	exact
4Lr35 3Ir15 3Ir16 4Lr37 4Ss6 2r19	4Lr35	250	999997	exact
4Lr35 3Ir15 3Ir16 4Lr37 4Ss6 3I1	4Ss8	250	999987	exact
4Lr35 3Ir15 3Ir16 4Lr37 4Ss6 3I2	4Ss8	250	999987	exact
4Lr35 3Ir15 3Ir16 4Lr37 4Ss6 3Ir11	4Lr35	250	999997	exact
4Lr35 3Ir15 3Ir16 4Lr37 4Ss6 3Ir12	4Lr35	250	999997	exact
4Lr35 3Ir15 3Ir16 4Lr37 4Ss6 3Ir13	4Lr35	250	999997	exact
4Lr35 3Ir15 3Ir16 4Lr37 4Ss6 3Ir14	4Lr35	250	999997	exact
4Lr35 3Ir15 3Ir16 4Lr37 4Ss6 3Ir15	4Tr22	250	999986	exact
4Lr35 3Ir15 3Ir16 4Lr37 4Ss6 3Ir16	4Tr22	250	999987	exact
4Lr35 3Ir15 3Ir16 4Lr37 4Ss6 3Ir17	4Ss8	250	999987	exact
4Lr35 3Ir15 3Ir16 4Lr37 4Ss6 3Ir18	4Lr35	250	999997	exact
4Lr35 3Ir15 3Ir16 4Lr37 4Ss6 3Ir19	4Lr35	250	999997	exact
4Lr35 3Ir15 3Ir16 4Lr37 4Ss6 3Lr16	4S5	250	999997	exact
4Lr35 3Ir15 3Ir16 4Lr37 4Ss6 3Lr18	4Lr35	250	999997	exact
4Lr35 3Ir15 3Ir16 4Lr37 4Ss6 3Lr21	4Lr35	250	999997	exact
4Lr35 3Ir15 3Ir16 4Lr37 4Ss6 3Lr22	4Lr35	250	999997	exact
4Lr35 3Ir15 3Ir16 4Lr37 4Ss6 3Lr23	4Ss8	250	999987	exact
4Lr35 3Ir15 3Ir16 4Lr37 4Ss6 3Lr25	4Tr22	250	999987	exact
4Lr35 3Ir15 3Ir16 4Lr37 4Ss6 3Lr31	4Ss1	250	999987	exact
4Lr35 3Ir15 3Ir16 4Lr37 4Ss6 3Lr32	4Ss3	250	999987	exact
4Lr35 3Ir15 3Ir16 4Lr37 4Ss6 3Lr33	4Ss8	250	999987	exact
4Lr35 3Ir15 3Ir16 4Lr37 4Ss6 3Lr35	4Tr22	250	999987	exact
4Lr35 3Ir15 3Ir16 4Lr37 4Ss6 4Lr21	4Lr35	250	999997	exact
4Lr35 3Ir15 3Ir16 4Lr37 4Ss6 4Lr22	4Lr35	250	999997	exact
4Lr35 3Ir15 3Ir16 4Lr37 4Ss6 4Lr31	4Lr35	250	999997	exact
4Lr35 3Ir15 3Ir16 4Lr37 4Ss6 4Lr32	4Lr35	250	999997	exact
4Lr35 3Ir15 3Ir16 4Lr37 4Ss6 4Lr33	4Lr35	250	999997	exact
4Lr35 3Ir15 3Ir16 4Lr37 4Ss6 4Lr35	4Tr22	250	999986	exact
4Lr35 3Ir15 3Ir16 4Lr37 4Ss6 4Ls5	4Tr22	250	999986	exact
4Lr35 3Ir15 3Ir16 4Lr37 4Ss6 4Lsr11	4Lr35	250	999997	exact
4Lr35 3Ir15 3Ir16 4Lr37 4Ss6 4Lsr12	4Lr35	250	999997	exact
4Lr35 3Ir15 3Ir16 4Lr37 4Ss6 4Lsr13	4Lr35	250	999997	exact
4Lr35 3Ir15 3Ir16 4Lr37 4Ss6 4Lsr15	4Tr22	250	999986	exact
4Lr35 3Ir15 3Ir16 4Lr37 4Ss6 4Lsr21	4Ss8	250	999987	exact
4Lr35 3Ir15 3Ir16 4Lr37 4Ss6 4Lsr22	4Ss8	250	999987	exact
4Lr35 3Ir15 3Ir16 4Lr37 4Ss6 4Ss6	4Lsr35	250	999997	exact
4Lr35 3Ir15 3Ir16 4Lr37 4Ss6 4Ss8	4Ss8	250	999987	exact
4Lr35 3Ir15 3Ir16 4Lr37 4Ss6 4Tr16	4S5	250	999997	exact
4Lr35 3Ir15 3Ir16 4Lr37 4Ss6 4Tr18	4Lr35	250	999997	exact
4Lr35 3Ir15 3Ir16 4Lr37 4Ss6 4Tr21	3Lr25	250	999987	exact
4Lr35 3Ir15 3Ir16 4Lr37 4Ss6 4Tr22	4Tr13	250	999987	exact
4Lr35 3Ir15 3Ir16 4Lr38	4Lr15	19	999981	exact
4Lr35 3Ir15 3Ir16 4Lsr11	4Lr15	21	999979	exact
4Lr35 3Ir15 3Ir16 4Lsr12	4Lr15	20	999980	exact
4Lr35 3Ir15 3Ir16 4Lsr13	4Lr15	20	999981	exact
4Lr35 3Ir15 3Ir16 4Lsr17	4Tr22	20	999983	exact
4Lr35 3Ir15 3Ir16 4Lsr18	4Lr15	19	999983	exact
4Lr35 3Ir15 3Ir16 4Lsr21	4Sr11	16	999985	exact
4Lr35 3Ir15 3Ir16 4Lsr21 4Sr11 11	4Tr27	250	999995	exact
4Lr35 3Ir15 3Ir16 4Lsr21 4Sr11 12	2r14	250	999985	exact
4Lr35 3Ir15 3Ir16 4Lsr21 4Sr11 13	4Lr15	250	999987	exact
4Lr35 3Ir15 3Ir16 4Lsr21 4Sr11 14	3Ir15	250	999989	exact
4Lr35 3Ir15 3Ir16 4Lsr21 4Sr11 15	4Tr27	250	999995	exact
4Lr35 3Ir15 3Ir16 4Lsr21 4Sr11 16	4Tr27	250	999995	exact
4Lr35 3Ir15 3Ir16 4Lsr21 4Sr11 17	2r14	250	999987	exact
4Lr35 3Ir15 3Ir16 4Lsr21 4Sr11 18	4Lr15	250	999985	exact
4Lr35 3Ir15 3Ir16 4Lsr21 4Sr11 19	4Lr15	250	999985	exact
4Lr35 3Ir15 3Ir16 4Lsr21 4Sr11 21	4Tr27	250	999995	exact
4Lr35 3Ir15 3Ir16 4Lsr21 4Sr11 27	4Ls7	250	999995	exact
4Lr35 3Ir15 3Ir16 4Lsr21 4Sr11 28	4L7	250	999995	exact
4Lr35 3Ir15 3Ir16 4Lsr21 4Sr11 2r11	4Tr27	250	999995	exact
4Lr35 3Ir15 3Ir16 4Lsr21 4Sr11 2r12	2r14	250	999987	exact
4Lr35 3Ir15 3Ir16 4Lsr21 4Sr11 2r13	2r14	250	999987	exact
4Lr35 3Ir15 3Ir16 4Lsr21 4Sr11 2r14	4Lr33	250	999987	exact
4Lr35 3Ir15 3Ir16 4Lsr21 4Sr11 2r15	4Tr27	250	999995	exact
4Lr35 3Ir15 3Ir16 4Lsr21 4Sr11 2r16	4Tr27	250	999995	exact
4Lr35 3Ir15 3Ir16 4Lsr21 4Sr11 2r17	4Lr16	250	999987	exact
4Lr35 3Ir15 3Ir16 4Lsr21 4Sr11 2r18	3Ir15	250	999985	exact
4Lr35 3Ir15 3Ir16 4Lsr21 4Sr11 2r19	2r19	250	999989	exact
4Lr35 3Ir15 3Ir16 4Lsr21 4Sr11 3I7	2r14	250	999986	exact
4Lr35 3Ir15 3Ir16 4Lsr21 4Sr11 3Ir11	2r14	250	999987	exact
4Lr35 3Ir15 3Ir16 4Lsr21 4Sr11 3Ir12	4Lr15	250	999987	exact
4Lr35 3Ir15 3Ir16 4Lsr21 4Sr11 3Ir13	4Lr15	250	999989	exact
4Lr35 3Ir15 3Ir16 4Lsr21 4Sr11 3Ir14	4Tr33	250	999991	exact
4Lr35 3Ir15 3Ir16 4Lsr21 4Sr11 3Ir15	2r14	250	999987	exact
4Lr35 3Ir15 3Ir16 4Lsr21 4Sr11 3Ir16	4Lr27	250	999995	exact
4Lr35 3Ir15 3Ir16 4Lsr21 4Sr11 3Ir17	4Ss6	250	999991	exact
4Lr35 3Ir15 3Ir16 4Lsr21 4Sr11 3Ir18	2r14	250	999985	exact
4Lr35 3Ir15 3Ir16 4Lsr21 4Sr11 3Ir19	3Ir19	250	999991	exact
4Lr35 3Ir15 3Ir16 4Lsr21 4Sr11 3Lr12	4Lr15	250	999987	exact
4Lr35 3Ir15 3Ir16 4Lsr21 4Sr11 3Lr21	4Tr27	250	999995	exact
4Lr35 3Ir15 3Ir16 4Lsr21 4Sr11 3Lr27	4Lr15	250	999987	exact
4Lr35 3Ir15 3Ir16 4Lsr21 4Sr11 3Lr28	4Lr15	250	999987	exact
4Lr35 3Ir15 3Ir16 4Lsr21 4Sr11 3Lr31	4Tr27	250	999995	exact
4Lr35 3Ir15 3Ir16 4Lsr21 4Sr11 3Lr37	4Ss7	250	999989	exact
4Lr35 3Ir15 3Ir16 4Lsr21 4Sr11 3Lr38	4Lr15	250	999987	exact
4Lr35 3Ir15 3Ir16 4Lsr21 4Sr11 4Lr13	3Ir15	250	999995	exact
4Lr35 3Ir15 3Ir16 4Lsr21 4Sr11 4Lr15	4Tr27	250	999995	exact
4Lr35 3Ir15 3Ir16 4Lsr21 4Sr11 4Lr27	4Lr15	250	999991	exact
4Lr35 3Ir15 3Ir16 4Lsr21 4Sr11 4Lr31	4Tr27	250	999989	exact
4Lr35 3Ir15 3Ir16 4Lsr21 4Sr11 4Lr37	4Tr16	250	999991	exact
4Lr35 3Ir15 3Ir16 4Lsr21 4Sr11 4Lr38	4Lr18	250	999991	exact
4Lr35 3Ir15 3Ir16 4Lsr21 4Sr11 4Ls1	4Lr15	250	999987	exact
4Lr35 3Ir15 3Ir16 4Lsr21 4Sr11 4Lsr11	4Lr15	250	999985	exact
4Lr35 3Ir15 3Ir16 4Lsr21 4Sr11 4Lsr17	4Lsr37	250	999991	exact
4Lr35 3Ir15 3Ir16 4Lsr21 4Sr11 4Lsr18	4Lsr38	250	999991	exact
4Lr35 3Ir15 3Ir16 4Lsr21 4Sr11 4Lsr27	4Lr15	250	999991	exact
4Lr35 3Ir15 3Ir16 4Lsr21 4Sr11 4Ss2	4Lr15	250	999985	exact
4Lr35 3Ir15 3Ir16 4Lsr21 4Sr11 4Tr12	4Lr15	250	999987	exact
4Lr35 3Ir15 3Ir16 4Lsr21 4Sr11 4Tr27	4S7	250	999991	exact
4Lr35 3Ir15 3Ir16 4Lsr22	4Sr12	16	999989	exact
4Lr35 3Ir15 3Ir16 4Lsr22 4Sr12 11	3I7	250	999995	exact
4Lr35 3Ir15 3Ir16 4Lsr22 4Sr12 12	4Lr15	250	999993	exact
4Lr35 3Ir15 3Ir16 4Lsr22 4Sr12 13	4Tr27	250	999995	exact
4Lr35 3Ir15 3Ir16 4Lsr22 4Sr12 14	4Tr27	250	999995	exact
4Lr35 3Ir15 3Ir16 4Lsr22 4Sr12 15	4Tr27	250	999995	exact
4Lr35 3Ir15 3Ir16 4Lsr22 4Sr12 16	4Tr27	250	999995	exact
4Lr35 3Ir15 3Ir16 4Lsr22 4Sr12 17	4Sr17	250	999995	exact
4Lr35 3Ir15 3Ir16 4Lsr22 4Sr12 18	4Lr15	250	999989	exact
4Lr35 3Ir15 3Ir16 4Lsr22 4Sr12 19	4Ssr17	250	999993	exact
4Lr35 3Ir15 3Ir16 4Lsr22 4Sr12 22	4Tr27	250	999993	exact
4Lr35 3Ir15 3Ir16 4Lsr22 4Sr12 27	4Ls7	250	999995	exact
4Lr35 3Ir15 3Ir16 4Lsr22 4Sr12 28	4L7	250	999995	exact
4Lr35 3Ir15 3Ir16 4Lsr22 4Sr12 2r11	4Tr31	250	999989	exact
4Lr35 3Ir15 3Ir16 4Lsr22 4Sr12 2r12	4Tr27	250	999995	exact
4Lr35 3Ir15 3Ir16 4Lsr22 4Sr12 2r13	4Tr27	250	999995	exact
4Lr35 3Ir15 3Ir16 4Lsr22 4Sr12 2r14	4Tr27	250	999993	exact
4Lr35 3Ir15 3Ir16 4Lsr22 4Sr12 2r15	4Tr27	250	999995	exact
4Lr35 3Ir15 3Ir16 4Lsr22 4Sr12 2r16	4Tr27	250	999995	exact
4Lr35 3Ir15 3Ir16 4Lsr22 4Sr12 2r17	4Lr15	250	999989	exact
4Lr35 3Ir15 3Ir16 4Lsr22 4Sr12 2r18	4Tr13	250	999989	exact
4Lr35 3Ir15 3Ir16 4Lsr22 4Sr12 2r19	4Tr13	250	999989	exact
4Lr35 3Ir15 3Ir16 4Lsr22 4Sr12 3I7	4Tr27	250	999995	exact
4Lr35 3Ir15 3Ir16 4Lsr22 4Sr12 3Ir11	4Lsr11	250	999993	exact
4Lr35 3Ir15 3Ir16 4Lsr22 4Sr12 3Ir12	4Lsr27	250	999995	exact
4Lr35 3Ir15 3Ir16 4Lsr22 4Sr12 3Ir13	4Tr27	250	999995	exact
4Lr35 3Ir15 3Ir16 4Lsr22 4Sr12 3Ir14	4Tr27	250	999993	exact
4Lr35 3Ir15 3Ir16 4Lsr22 4Sr12 3Ir15	4Tr27	250	999995	exact
4Lr35 3Ir15 3Ir16 4Lsr22 4Sr12 3Ir16	4Tr27	250	999995	exact
4Lr35 3Ir15 3Ir16 4Lsr22 4Sr12 3Ir17	4Ss6	250	999993	exact
4Lr35 3Ir15 3Ir16 4Lsr22 4Sr12 3Ir18	4Lr32	250	999989	exact
4Lr35 3Ir15 3Ir16 4Lsr22 4Sr12 3Ir19	3Ir19	250	999993	exact
4Lr35 3Ir15 3Ir16 4Lsr22 4Sr12 3Lr13	4Tr27	250	999995	exact
4Lr35 3Ir15 3Ir16 4Lsr22 4Sr12 3Lr22	4Tr27	250	999995	exact
4Lr35 3Ir15 3Ir16 4Lsr22 4Sr12 3Lr27	4Tr37	250	999993	exact
4Lr35 3Ir15 3Ir16 4Lsr22 4Sr12 3Lr28	4Tr38	250	999993	exact
4Lr35 3Ir15 3Ir16 4Lsr22 4Sr12 3Lr32	4Tr27	250	999993	exact
4Lr35 3Ir15 3Ir16 4Lsr22 4Sr12 3Lr37	4Tr17	250	999993	exact
4Lr35 3Ir15 3Ir16 4Lsr22 4Sr12 3Lr38	4Ss8	250	999993	exact
4Lr35 3Ir15 3Ir16 4Lsr22 4Sr12 4Lr15	4Tr27	250	999995	exact
4Lr35 3Ir15 3Ir16 4Lsr22 4Sr12 4Lr27	4Tr13	250	999993	exact
4Lr35 3Ir15 3Ir16 4Lsr22 4Sr12 4Lr32	4Tr27	250	999995	exact
4Lr35 3Ir15 3Ir16 4Lsr22 4Sr12 4Lr37	4Tr16	250	999993	exact
4Lr35 3Ir15 3Ir16 4Lsr22 4Sr12 4Lr38	4Lr18	250	999993	exact
4Lr35 3Ir15 3Ir16 4Lsr22 4Sr12 4Ls2	4Tr27	250	999995	exact
4Lr35 3Ir15 3Ir16 4Lsr22 4Sr12 4Lsr12	4Tr27	250	999995	exact
4Lr35 3Ir15 3Ir16 4Lsr22 4Sr12 4Lsr17	4Lsr37	250	999993	exact
4Lr35 3Ir15 3Ir16 4Lsr22 4Sr12 4Lsr18	4Lsr38	250	999993	exact
4Lr35 3Ir15 3Ir16 4Lsr22 4Sr12 4Lsr27	4Tr13	250	999993	exact
4Lr35 3Ir15 3Ir16 4Lsr22 4Sr12 4Ss3	4Lsr32	250	999993	exact
4Lr35 3Ir15 3Ir16 4Lsr22 4Sr12 4Tr13	4Tr27	250	999995	exact
4Lr35 3Ir15 3Ir16 4Lsr22 4Sr12 4Tr27	4Tr37	250	999993	exact
4Lr35 3Ir15 3Ir16 4Lsr27	4Lr15	15	999983	exact
4Lr35 3Ir15 3Ir16 4Lsr27 4Lr15 11	3Lr25	250	999997	exact
4Lr35 3Ir15 3Ir16 4Lsr27 4Lr15 12	3Lr25	250	999997	exact
4Lr35 3Ir15 3Ir16 4Lsr27 4Lr15 14	3Lr25	250	999997	exact
4Lr35 3Ir15 3Ir16 4Lsr27 4Lr15 15	3Lr15	250	999997	exact
4Lr35 3Ir15 3Ir16 4Lsr27 4Lr15 16	2r15	250	999997	exact
4Lr35 3Ir15 3Ir16 4Lsr27 4Lr15 18	2r15	250	999997	exact
4Lr35 3Ir15 3Ir16 4Lsr27 4Lr15 23	3Lr25	250	999997	exact
4Lr35 3Ir15 3Ir16 4Lsr27 4Lr15 2r13	3Lr25	250	999997	exact
4Lr35 3Ir15 3Ir16 4Lsr27 4Lr15 2r15	2r16	250	999997	exact
4Lr35 3Ir15 3Ir16 4Lsr27 4Lr15 2r17	3Lr25	250	999997	exact
4Lr35 3Ir15 3Ir16 4Lsr27 4Lr15 2r18	2r16	250	999997	exact
4Lr35 3Ir15 3Ir16 4Lsr27 4Lr15 3Ir11	3Lr25	250	999997	exact
4Lr35 3Ir15 3Ir16 4Lsr27 4Lr15 3Ir13	3Lr25	250	999997	exact
4Lr35 3Ir15 3Ir16 4Lsr27 4Lr15 3Lr17	2r15	250	999997	exact
4Lr35 3Ir15 3Ir16 4Lsr27 4Lr15 3Lr21	3Lr25	250	999997	exact
4Lr35 3Ir15 3Ir16 4Lsr27 4Lr15 3Lr23	3Lr25	250	999997	exact
4Lr35 3Ir15 3Ir16 4Lsr27 4Lr15 3Lr31	3Lr25	250	999997	exact
4Lr35 3Ir15 3Ir16 4Lsr27 4Lr15 3Lr32	3Lr25	250	999997	exact
4Lr35 3Ir15 3Ir16 4Lsr27 4Lr15 3Lr38	3Lr25	250	999997	exact
4Lr35 3Ir15 3Ir16 4Lsr27 4Lr15 4Lr21	3Lr25	250	999997	exact
4Lr35 3Ir15 3Ir16 4Lsr27 4Lr15 4Lr31	3Lr25	250	999997	exact
4Lr35 3Ir15 3Ir16 4Lsr27 4Lr15 4Lsr11	3Lr25	250	999997	exact
4Lr35 3Ir15 3Ir16 4Lsr27 4Lr15 4Lsr18	3Lr25	250	999997	exact
4Lr35 3Ir15 3Ir16 4Lsr27 4Lr15 4Lsr21	3Lr25	250	999997	exact
4Lr35 3Ir15 3Ir16 4Lsr27 4Lr15 4Lsr22	3Lr25	250	999997	exact
4Lr35 3Ir15 3Ir16 4Lsr27 4Lr15 4Tr17	3Lr25	250	999997	exact
4Lr35 3Ir15 3Ir16 4Tr21	4Ss2	18	999986	exact
4Lr35 3Ir15 3Ir16 4Tr21 4Ss2 11	4Lr15	250	999986	exact
4Lr35 3Ir15 3Ir16 4Tr21 4Ss2 12	4Tr27	250	999987	exact
4Lr35 3Ir15 3Ir16 4Tr21 4Ss2 13	4Tr27	250	999987	exact
4Lr35 3Ir15 3Ir16 4Tr21 4Ss2 14	4Lr15	250	999987	exact
4Lr35 3Ir15 3Ir16 4Tr21 4Ss2 15	4Tr27	250	999989	exact
4Lr35 3Ir15 3Ir16 4Tr21 4Ss2 16	4Tr27	250	999989	exact
4Lr35 3Ir15 3Ir16 4Tr21 4Ss2 17	4Lr15	250	999987	exact
4Lr35 3Ir15 3Ir16 4Tr21 4Ss2 18	4Lr15	250	999986	exact
4Lr35 3Ir15 3Ir16 4Tr21 4Ss2 19	4Lr15	250	999987	exact
4Lr35 3Ir15 3Ir16 4Tr21 4Ss2 27	4Ss8	250	999987	exact
4Lr35 3Ir15 3Ir16 4Tr21 4Ss2 28	4Lr38	250	999987	exact
4Lr35 3Ir15 3Ir16 4Tr21 4Ss2 2r11	2r12	250	999987	exact
4Lr35 3Ir15 3Ir16 4Tr21 4Ss2 2r12	4Tr27	250	999989	exact
4Lr35 3Ir15 3Ir16 4Tr21 4Ss2 2r13	4Tr27	250	999987	exact
4Lr35 3Ir15 3Ir16 4Tr21 4Ss2 2r14	4Lr15	250	999987	exact
4Lr35 3Ir15 3Ir16 4Tr21 4Ss2 2r15	2r14	250	999986	exact
4Lr35 3Ir15 3Ir16 4Tr21 4Ss2 2r16	4Lsr15	250	999986	exact
4Lr35 3Ir15 3Ir16 4Tr21 4Ss2 2r17	4Lr16	250	999986	exact
4Lr35 3Ir15 3Ir16 4Tr21 4Ss2 2r18	4Lr18	250	999987	exact
4Lr35 3Ir15 3Ir16 4Tr21 4Ss2 2r19	2r12	250	999987	exact
4Lr35 3Ir15 3Ir16 4Tr21 4Ss2 3I7	2r12	250	999987	exact
4Lr35 3Ir15 3Ir16 4Tr21 4Ss2 3Ir11	4Tr12	250	999986	exact
4Lr35 3Ir15 3Ir16 4Tr21 4Ss2 3Ir12	4Tr27	250	999989	exact
4Lr35 3Ir15 3Ir16 4Tr21 4Ss2 3Ir13	4Tr27	250	999989	exact
4Lr35 3Ir15 3Ir16 4Tr21 4Ss2 3Ir14	4Lr15	250	999987	exact
4Lr35 3Ir15 3Ir16 4Tr21 4Ss2 3Ir15	2r12	250	999987	exact
4Lr35 3Ir15 3Ir16 4Tr21 4Ss2 3Ir16	4Tr12	250	999986	exact
4Lr35 3Ir15 3Ir16 4Tr21 4Ss2 3Ir17	4Tr12	250	999986	exact
4Lr35 3Ir15 3Ir16 4Tr21 4Ss2 3Ir18	2r12	250	999987	exact
4Lr35 3Ir15 3Ir16 4Tr21 4Ss2 3Ir19	4Lr15	250	999986	exact
4Lr35 3Ir15 3Ir16 4Tr21 4Ss2 3Lr12	4Tr27	250	999987	exact
4Lr35 3Ir15 3Ir16 4Tr21 4Ss2 3Lr27	2r12	250	999987	exact
4Lr35 3Ir15 3Ir16 4Tr21 4Ss2 3Lr37	4Ss7	250	999987	exact
4Lr35 3Ir15 3Ir16 4Tr21 4Ss2 3Lr38	2r12	250	999986	exact
4Lr35 3Ir15 3Ir16 4Tr21 4Ss2 4Lr27	4Lr15	250	999987	exact
4Lr35 3Ir15 3Ir16 4Tr21 4Ss2 4Lr37	4Ss6	250	999987	exact
4Lr35 3Ir15 3Ir16 4Tr21 4Ss2 4Lsr17	4Tr12	250	999986	exact
4Lr35 3Ir15 3Ir16 4Tr21 4Ss2 4Lsr18	4Tr12	250	999987	exact
4Lr35 3Ir15 3Ir16 4Tr21 4Ss2 4Lsr27	4Lr15	250	999987	exact
4Lr35 3Ir15 3Ir16 4Tr21 4Ss2 4Tr12	4Tr27	250	999989	exact
4Lr35 3Ir15 3Ir16 4Tr21 4Ss2 4Tr27	4Tr12	250	999986	exact
4Lr35 3Ir15 3Ir16 4Tr22	4Ss3	13	999991	exact
4Lr35 3Ir15 3Ir16 4Tr22 4Ss3 11	4Tr27	250	999993	exact
4Lr35 3Ir15 3Ir16 4Tr22 4Ss3 12	4Tr27	250	999991	exact
4Lr35 3Ir15 3Ir16 4Tr22 4Ss3 13	4Tr31	250	999991	exact
4Lr35 3Ir15 3Ir16 4Tr22 4Ss3 14	4Tr27	250	999993	exact
4Lr35 3Ir15 3Ir16 4Tr22 4Ss3 15	4Tr27	250	999991	exact
4Lr35 3Ir15 3Ir16 4Tr22 4Ss3 16	4Tr27	250	999991	exact
4Lr35 3Ir15 3Ir16 4Tr22 4Ss3 17	4Tr31	250	999991	exact
4Lr35 3Ir15 3Ir16 4Tr22 4Ss3 18	4Tr31	250	999991	exact
4Lr35 3Ir15 3Ir16 4Tr22 4Ss3 19	4Tr31	250	999991	exact
4Lr35 3Ir15 3Ir16 4Tr22 4Ss3 27	4Tr31	250	999991	exact
4Lr35 3Ir15 3Ir16 4Tr22 4Ss3 28	4Tr31	250	999991	exact
4Lr35 3Ir15 3Ir16 4Tr22 4Ss3 2r11	4Tr27	250	999991	exact
4Lr35 3Ir15 3Ir16 4Tr22 4Ss3 2r12	3Ir15	250	999995	exact
4Lr35 3Ir15 3Ir16 4Tr22 4Ss3 2r13	4Tr27	250	999991	exact
4Lr35 3Ir15 3Ir16 4Tr22 4Ss3 2r14	4S3	250	999995	exact
4Lr35 3Ir15 3Ir16 4Tr22 4Ss3 2r15	4Tr27	250	999991	exact
4Lr35 3Ir15 3Ir16 4Tr22 4Ss3 2r16	4Tr27	250	999991	exact
4Lr35 3Ir15 3Ir16 4Tr22 4Ss3 2r17	3Ir15	250	999995	exact
4Lr35 3Ir15 3Ir16 4Tr22 4Ss3 2r18	4Tr31	250	999991	exact
4Lr35 3Ir15 3Ir16 4Tr22 4Ss3 2r19	3Ir15	250	999995	exact
4Lr35 3Ir15 3Ir16 4Tr22 4Ss3 3I7	4Lr15	250	999991	exact
4Lr35 3Ir15 3Ir16 4Tr22 4Ss3 3Ir11	4Tr27	250	999991	exact
4Lr35 3Ir15 3Ir16 4Tr22 4Ss3 3Ir12	4Lr32	250	999991	exact
4Lr35 3Ir15 3Ir16 4Tr22 4Ss3 3Ir13	4Lr27	250	999991	exact
4Lr35 3Ir15 3Ir16 4Tr22 4Ss3 3Ir14	4Lr15	250	999991	exact
4Lr35 3Ir15 3Ir16 4Tr22 4Ss3 3Ir15	4Tr27	250	999991	exact
4Lr35 3Ir15 3Ir16 4Tr22 4Ss3 3Ir16	4Tr27	250	999991	exact
4Lr35 3Ir15 3Ir16 4Tr22 4Ss3 3Ir17	4Ss6	250	999991	exact
4Lr35 3Ir15 3Ir16 4Tr22 4Ss3 3Ir18	3Ir15	250	999995	exact
4Lr35 3Ir15 3Ir16 4Tr22 4Ss3 3Ir19	4Tr31	250	999991	exact
4Lr35 3Ir15 3Ir16 4Tr22 4Ss3 3L1	4Tr27	250	999991	exact
4Lr35 3Ir15 3Ir16 4Tr22 4Ss3 3Lr13	4Tr27	250	999991	exact
4Lr35 3Ir15 3Ir16 4Tr22 4Ss3 3Lr27	4S1	250	999991	exact
4Lr35 3Ir15 3Ir16 4Tr22 4Ss3 3Lr28	4S1	250	999991	exact
4Lr35 3Ir15 3Ir16 4Tr22 4Ss3 3Lr37	4Tr17	250	999991	exact
4Lr35 3Ir15 3Ir16 4Tr22 4Ss3 3Lr38	4S1	250	999991	exact
4Lr35 3Ir15 3Ir16 4Tr22 4Ss3 4Lr15	4Lsr27	250	999991	exact
4Lr35 3Ir15 3Ir16 4Tr22 4Ss3 4Lr27	3Ir15	250	999995	exact
4Lr35 3Ir15 3Ir16 4Tr22 4Ss3 4Lr37	3Ir15	250	999995	exact
4Lr35 3Ir15 3Ir16 4Tr22 4Ss3 4Lr38	3Ir15	250	999995	exact
4Lr35 3Ir15 3Ir16 4Tr22 4Ss3 4Lsr17	4S1	250	999991	exact
4Lr35 3Ir15 3Ir16 4Tr22 4Ss3 4Lsr18	3Ir15	250	999995	exact
4Lr35 3Ir15 3Ir16 4Tr22 4Ss3 4Lsr27	4Tr17	250	999991	exact
4Lr35 3Ir15 3Ir16 4Tr22 4Ss3 4S1	4Tr31	250	999993	exact
4Lr35 3Ir15 3Ir16 4Tr22 4Ss3 4Ss3	4S1	250	999991	exact
4Lr35 3Ir15 3Ir16 4Tr22 4Ss3 4Tr13	4Tr27	250	999993	exact
4Lr35 3Ir15 3Ir16 4Tr22 4Ss3 4Tr27	4S1	250	999991	exact
4Lr35 3Ir15 3Ir16 4Tr22 4Ss3 4Tr31	4Tr11	250	999991	exact
4Lr35 3Ir15 3Ir16 4Tr27	4Tr22	19	999984	exact
4Lr35 3Ir15 3Ir16	4Lr32	22	-999979	exact
