24	4Tr15	20	9562
2r15	4Lsr11	23	3208
3Lr26	4Lr17	23	0
4Lr35 3Ir15 11	3Ir15	3	999997	exact
4Lr35 3Ir15 11 3Ir15 11	4Lsr13	250	999997	exact
4Lr35 3Ir15 11 3Ir15 12	4Lsr13	250	999997	exact
4Lr35 3Ir15 11 3Ir15 13	4Ss6	250	999997	exact
4Lr35 3Ir15 11 3Ir15 14	4Ss6	250	999997	exact
4Lr35 3Ir15 11 3Ir15 16	4Lsr13	250	999997	exact
4Lr35 3Ir15 11 3Ir15 17	4Lsr13	250	999997	exact
4Lr35 3Ir15 11 3Ir15 18	4Lsr13	250	999997	exact
4Lr35 3Ir15 11 3Ir15 19	4Lsr13	250	999997	exact
4Lr35 3Ir15 11 3Ir15 22	4Ss6	250	999997	exact
4Lr35 3Ir15 11 3Ir15 23	4Ss6	250	999997	exact
4Lr35 3Ir15 11 3Ir15 27	4Lsr13	250	999997	exact
4Lr35 3Ir15 11 3Ir15 28	4Ss6	250	999997	exact
4Lr35 3Ir15 11 3Ir15 2r11	4Ss6	250	999997	exact
4Lr35 3Ir15 11 3Ir15 2r12	4Ss6	250	999997	exact
4Lr35 3Ir15 11 3Ir15 2r13	4Ss6	250	999997	exact
4Lr35 3Ir15 11 3Ir15 2r14	4Ss6	250	999997	exact
4Lr35 3Ir15 11 3Ir15 2r16	4Lsr13	250	999997	exact
4Lr35 3Ir15 11 3Ir15 2r17	4Lsr13	250	999997	exact
4Lr35 3Ir15 11 3Ir15 2r18	4Lsr13	250	999997	exact
4Lr35 3Ir15 11 3Ir15 2r19	4Lsr13	250	999997	exact
4Lr35 3Ir15 11 3Ir15 3I2	4Ss6	250	999997	exact
4Lr35 3Ir15 11 3Ir15 3I7	4Lsr13	250	999997	exact
4Lr35 3Ir15 11 3Ir15 3Ir11	4Lsr13	250	999997	exact
4Lr35 3Ir15 11 3Ir15 3Ir12	4Lsr13	250	999997	exact
4Lr35 3Ir15 11 3Ir15 3Ir13	4Ss6	250	999997	exact
4Lr35 3Ir15 11 3Ir15 3Ir14	4Ss6	250	999997	exact
4Lr35 3Ir15 11 3Ir15 3Ir16	4Lsr13	250	999997	exact
4Lr35 3Ir15 11 3Ir15 3Ir17	4Lsr13	250	999997	exact
4Lr35 3Ir15 11 3Ir15 3Ir18	4Lsr13	250	999997	exact
4Lr35 3Ir15 11 3Ir15 3Ir19	4Lsr13	250	999997	exact
4Lr35 3Ir15 11 3Ir15 3Lr11	4Lsr13	250	999997	exact
4Lr35 3Ir15 11 3Ir15 3Lr16	4Lsr13	250	999997	exact
4Lr35 3Ir15 11 3Ir15 3Lr22	4Ss6	250	999997	exact
4Lr35 3Ir15 11 3Ir15 3Lr23	4Ss6	250	999997	exact
4Lr35 3Ir15 11 3Ir15 3Lr27	4Lsr13	250	999997	exact
4Lr35 3Ir15 11 3Ir15 3Lr28	4Lsr13	250	999997	exact
4Lr35 3Ir15 11 3Ir15 3Lr32	4Ss6	250	999997	exact
4Lr35 3Ir15 11 3Ir15 3Lr33	4Ss6	250	999997	exact
4Lr35 3Ir15 11 3Ir15 3Lr37	4Lsr13	250	999997	exact
4Lr35 3Ir15 11 3Ir15 3Lr38	4Lsr13	250	999997	exact
4Lr35 3Ir15 11 3Ir15 4Lr22	4Ss6	250	999997	exact
4Lr35 3Ir15 11 3Ir15 4Lr27	4Lsr13	250	999997	exact
4Lr35 3Ir15 11 3Ir15 4Lr32	4Ss6	250	999997	exact
4Lr35 3Ir15 11 3Ir15 4Lr33	4Ss6	250	999997	exact
4Lr35 3Ir15 11 3Ir15 4Lr37	4Lsr13	250	999997	exact
4Lr35 3Ir15 11 3Ir15 4Lr38	4Lsr13	250	999997	exact
4Lr35 3Ir15 11 3Ir15 4Lsr12	4Ss6	250	999997	exact
4Lr35 3Ir15 11 3Ir15 4Lsr13	4Ss6	250	999997	exact
4Lr35 3Ir15 11 3Ir15 4Lsr17	4Lsr13	250	999997	exact
4Lr35 3Ir15 11 3Ir15 4Lsr18	4Lsr13	250	999997	exact
4Lr35 3Ir15 11 3Ir15 4Lsr22	4Ss6	250	999997	exact
4Lr35 3Ir15 11 3Ir15 4Lsr27	4Lsr13	250	999997	exact
4Lr35 3Ir15 11 3Ir15 4Sr11	4Ss6	250	999997	exact
4Lr35 3Ir15 11 3Ir15 4Sr16	4Lsr13	250	999997	exact
4Lr35 3Ir15 11 3Ir15 4Ss1	4Lsr13	250	999997	exact
4Lr35 3Ir15 11 3Ir15 4Ss6	4Lsr13	250	999997	exact
4Lr35 3Ir15 11 3Ir15 4Tr11	4Lsr13	250	999997	exact
4Lr35 3Ir15 11 3Ir15 4Tr16	4Lsr13	250	999997	exact
4Lr35 3Ir15 11 3Ir15 4Tr22	4Ss6	250	999997	exact
4Lr35 3Ir15 11 3Ir15 4Tr27	4Lsr13	250	999997	exact
4Lr35 3Ir15 12	3Ir15	3	999997	exact
4Lr35 3Ir15 12 3Ir15 11	4Lsr13	250	999997	exact
4Lr35 3Ir15 12 3Ir15 12	4Lsr13	250	999997	exact
4Lr35 3Ir15 12 3Ir15 13	4Ss6	250	999997	exact
4Lr35 3Ir15 12 3Ir15 14	4Ss6	250	999997	exact
4Lr35 3Ir15 12 3Ir15 16	4Lsr13	250	999997	exact
4Lr35 3Ir15 12 3Ir15 17	4Lsr13	250	999997	exact
4Lr35 3Ir15 12 3Ir15 18	4Lsr13	250	999997	exact
4Lr35 3Ir15 12 3Ir15 19	4Lsr13	250	999997	exact
4Lr35 3Ir15 12 3Ir15 23	4Ss6	250	999997	exact
4Lr35 3Ir15 12 3Ir15 27	4Lsr13	250	999997	exact
4Lr35 3Ir15 12 3Ir15 28	4Ss6	250	999997	exact
4Lr35 3Ir15 12 3Ir15 2r11	4Ss6	250	999997	exact
4Lr35 3Ir15 12 3Ir15 2r12	4Ss6	250	999997	exact
4Lr35 3Ir15 12 3Ir15 2r13	4Ss6	250	999997	exact
4Lr35 3Ir15 12 3Ir15 2r14	4Ss6	250	999997	exact
4Lr35 3Ir15 12 3Ir15 2r16	4Lsr13	250	999997	exact
4Lr35 3Ir15 12 3Ir15 2r17	4Lsr13	250	999997	exact
4Lr35 3Ir15 12 3Ir15 2r18	4Lsr13	250	999997	exact
4Lr35 3Ir15 12 3Ir15 2r19	4Lsr13	250	999997	exact
4Lr35 3Ir15 12 3Ir15 3I7	4Lsr13	250	999997	exact
4Lr35 3Ir15 12 3Ir15 3Ir11	4Lsr13	250	999997	exact
4Lr35 3Ir15 12 3Ir15 3Ir12	4Lsr13	250	999997	exact
4Lr35 3Ir15 12 3Ir15 3Ir13	4Ss6	250	999997	exact
4Lr35 3Ir15 12 3Ir15 3Ir14	4Ss6	250	999997	exact
4Lr35 3Ir15 12 3Ir15 3Ir16	4Lsr13	250	999997	exact
4Lr35 3Ir15 12 3Ir15 3Ir17	4Lsr13	250	999997	exact
4Lr35 3Ir15 12 3Ir15 3Ir18	4Lsr13	250	999997	exact
4Lr35 3Ir15 12 3Ir15 3Ir19	4Lsr13	250	999997	exact
4Lr35 3Ir15 12 3Ir15 3L1	4Lsr13	250	999997	exact
4Lr35 3Ir15 12 3Ir15 3Lr12	4Ss6	250	999997	exact
4Lr35 3Ir15 12 3Ir15 3Lr16	4Lsr13	250	999997	exact
4Lr35 3Ir15 12 3Ir15 3Lr23	4Ss6	250	999997	exact
4Lr35 3Ir15 12 3Ir15 3Lr27	4Lsr13	250	999997	exact
4Lr35 3Ir15 12 3Ir15 3Lr28	4Ss6	250	999997	exact
4Lr35 3Ir15 12 3Ir15 3Lr33	4Ss6	250	999997	exact
4Lr35 3Ir15 12 3Ir15 3Lr37	4Lsr13	250	999997	exact
4Lr35 3Ir15 12 3Ir15 3Lr38	4Ss6	250	999997	exact
4Lr35 3Ir15 12 3Ir15 4Lr27	4Lsr13	250	999997	exact
4Lr35 3Ir15 12 3Ir15 4Lr33	4Ss6	250	999997	exact
4Lr35 3Ir15 12 3Ir15 4Lr37	4Lsr13	250	999997	exact
4Lr35 3Ir15 12 3Ir15 4Lr38	4Lsr13	250	999997	exact
4Lr35 3Ir15 12 3Ir15 4Lsr13	4Ss6	250	999997	exact
4Lr35 3Ir15 12 3Ir15 4Lsr17	4Lsr13	250	999997	exact
4Lr35 3Ir15 12 3Ir15 4Lsr18	4Ss6	250	999997	exact
4Lr35 3Ir15 12 3Ir15 4Lsr27	4Lsr13	250	999997	exact
4Lr35 3Ir15 12 3Ir15 4S1	4Lsr13	250	999997	exact
4Lr35 3Ir15 12 3Ir15 4Sr12	4Ss6	250	999997	exact
4Lr35 3Ir15 12 3Ir15 4Sr16	4Lsr13	250	999997	exact
4Lr35 3Ir15 12 3Ir15 4Ss2	4Ss6	250	999997	exact
4Lr35 3Ir15 12 3Ir15 4Ss6	4Lsr13	250	999997	exact
4Lr35 3Ir15 12 3Ir15 4Tr12	4Ss6	250	999997	exact
4Lr35 3Ir15 12 3Ir15 4Tr16	4Lsr13	250	999997	exact
4Lr35 3Ir15 12 3Ir15 4Tr27	4Lsr13	250	999997	exact
4Lr35 3Ir15 12 3Ir15 4Tr31	4Ss6	250	999997	exact
4Lr35 3Ir15 13	3Ir15	3	999997	exact
4Lr35 3Ir15 13 3Ir15 11	4Ss6	250	999997	exact
4Lr35 3Ir15 13 3Ir15 12	4Tr13	250	999997	exact
4Lr35 3Ir15 13 3Ir15 13	4Ss6	250	999997	exact
4Lr35 3Ir15 13 3Ir15 14	4Ss6	250	999997	exact
4Lr35 3Ir15 13 3Ir15 16	4Tr13	250	999997	exact
4Lr35 3Ir15 13 3Ir15 17	4Tr13	250	999997	exact
4Lr35 3Ir15 13 3Ir15 18	4Tr13	250	999997	exact
4Lr35 3Ir15 13 3Ir15 19	4Tr13	250	999997	exact
4Lr35 3Ir15 13 3Ir15 21	4Tr13	250	999997	exact
4Lr35 3Ir15 13 3Ir15 27	4Tr13	250	999997	exact
4Lr35 3Ir15 13 3Ir15 28	4Tr13	250	999997	exact
4Lr35 3Ir15 13 3Ir15 2r11	4Tr13	250	999997	exact
4Lr35 3Ir15 13 3Ir15 2r12	4Tr13	250	999997	exact
4Lr35 3Ir15 13 3Ir15 2r13	4Ss6	250	999997	exact
4Lr35 3Ir15 13 3Ir15 2r14	4Ss6	250	999997	exact
4Lr35 3Ir15 13 3Ir15 2r16	4Tr13	250	999997	exact
4Lr35 3Ir15 13 3Ir15 2r17	4Tr13	250	999997	exact
4Lr35 3Ir15 13 3Ir15 2r18	4Tr13	250	999997	exact
4Lr35 3Ir15 13 3Ir15 2r19	4Ss6	250	999997	exact
4Lr35 3Ir15 13 3Ir15 3I7	4Tr13	250	999997	exact
4Lr35 3Ir15 13 3Ir15 3Ir11	4Ss6	250	999997	exact
4Lr35 3Ir15 13 3Ir15 3Ir12	4Ss6	250	999997	exact
4Lr35 3Ir15 13 3Ir15 3Ir13	4Ss6	250	999997	exact
4Lr35 3Ir15 13 3Ir15 3Ir14	4Ss6	250	999997	exact
4Lr35 3Ir15 13 3Ir15 3Ir16	4Tr13	250	999997	exact
4Lr35 3Ir15 13 3Ir15 3Ir17	4Tr13	250	999997	exact
4Lr35 3Ir15 13 3Ir15 3Ir18	4Tr13	250	999997	exact
4Lr35 3Ir15 13 3Ir15 3Ir19	4Tr13	250	999997	exact
4Lr35 3Ir15 13 3Ir15 3L2	4Ss6	250	999997	exact
4Lr35 3Ir15 13 3Ir15 3Lr13	4Ss6	250	999997	exact
4Lr35 3Ir15 13 3Ir15 3Lr16	4Tr13	250	999997	exact
4Lr35 3Ir15 13 3Ir15 3Lr21	4Ss6	250	999997	exact
4Lr35 3Ir15 13 3Ir15 3Lr27	4Tr13	250	999997	exact
4Lr35 3Ir15 13 3Ir15 3Lr28	4Tr13	250	999997	exact
4Lr35 3Ir15 13 3Ir15 3Lr31	4Ss6	250	999997	exact
4Lr35 3Ir15 13 3Ir15 3Lr37	4Tr13	250	999997	exact
4Lr35 3Ir15 13 3Ir15 3Lr38	4Tr13	250	999997	exact
4Lr35 3Ir15 13 3Ir15 4Lr27	4Tr13	250	999997	exact
4Lr35 3Ir15 13 3Ir15 4Lr31	4Tr13	250	999997	exact
4Lr35 3Ir15 13 3Ir15 4Lr37	4Tr13	250	999997	exact
4Lr35 3Ir15 13 3Ir15 4Lr38	4Tr13	250	999997	exact
4Lr35 3Ir15 13 3Ir15 4Lsr11	4Tr13	250	999997	exact
4Lr35 3Ir15 13 3Ir15 4Lsr17	4Tr13	250	999997	exact
4Lr35 3Ir15 13 3Ir15 4Lsr18	4Tr13	250	999997	exact
4Lr35 3Ir15 13 3Ir15 4Lsr27	4Tr13	250	999997	exact
4Lr35 3Ir15 13 3Ir15 4S2	4Ss6	250	999997	exact
4Lr35 3Ir15 13 3Ir15 4Sr16	4Tr13	250	999997	exact
4Lr35 3Ir15 13 3Ir15 4Ss3	4Ss6	250	999997	exact
4Lr35 3Ir15 13 3Ir15 4Ss6	4Tr13	250	999997	exact
4Lr35 3Ir15 13 3Ir15 4Ssr11	4Ss6	250	999997	exact
4Lr35 3Ir15 13 3Ir15 4Tr13	4Ss6	250	999997	exact
4Lr35 3Ir15 13 3Ir15 4Tr16	4Tr13	250	999997	exact
4Lr35 3Ir15 13 3Ir15 4Tr27	4Tr13	250	999997	exact
4Lr35 3Ir15 13 3Ir15 4Tr32	4Ss6	250	999997	exact
4Lr35 3Ir15 14	3Ir15	3	999997	exact
4Lr35 3Ir15 14 3Ir15 11	4S3	250	999997	exact
4Lr35 3Ir15 14 3Ir15 12	4S3	250	999997	exact
4Lr35 3Ir15 14 3Ir15 13	4Ss6	250	999997	exact
4Lr35 3Ir15 14 3Ir15 14	4Ss6	250	999997	exact
4Lr35 3Ir15 14 3Ir15 16	4S3	250	999997	exact
4Lr35 3Ir15 14 3Ir15 17	4S3	250	999997	exact
4Lr35 3Ir15 14 3Ir15 18	4S3	250	999997	exact
4Lr35 3Ir15 14 3Ir15 19	4S3	250	999997	exact
4Lr35 3Ir15 14 3Ir15 21	4S3	250	999997	exact
4Lr35 3Ir15 14 3Ir15 22	4Ss6	250	999997	exact
4Lr35 3Ir15 14 3Ir15 27	4S3	250	999997	exact
4Lr35 3Ir15 14 3Ir15 28	4Ss6	250	999997	exact
4Lr35 3Ir15 14 3Ir15 2r11	4Ss6	250	999997	exact
4Lr35 3Ir15 14 3Ir15 2r12	4Ss6	250	999997	exact
4Lr35 3Ir15 14 3Ir15 2r13	4Ss6	250	999997	exact
4Lr35 3Ir15 14 3Ir15 2r14	4Ss6	250	999997	exact
4Lr35 3Ir15 14 3Ir15 2r16	4S3	250	999997	exact
4Lr35 3Ir15 14 3Ir15 2r17	4S3	250	999997	exact
4Lr35 3Ir15 14 3Ir15 2r18	4S3	250	999997	exact
4Lr35 3Ir15 14 3Ir15 2r19	4S3	250	999997	exact
4Lr35 3Ir15 14 3Ir15 3I1	4Ss6	250	999997	exact
4Lr35 3Ir15 14 3Ir15 3I7	4S3	250	999997	exact
4Lr35 3Ir15 14 3Ir15 3Ir11	4S3	250	999997	exact
4Lr35 3Ir15 14 3Ir15 3Ir12	4S3	250	999997	exact
4Lr35 3Ir15 14 3Ir15 3Ir13	4Ss6	250	999997	exact
4Lr35 3Ir15 14 3Ir15 3Ir14	4Ss6	250	999997	exact
4Lr35 3Ir15 14 3Ir15 3Ir16	4S3	250	999997	exact
4Lr35 3Ir15 14 3Ir15 3Ir17	4S3	250	999997	exact
4Lr35 3Ir15 14 3Ir15 3Ir18	4S3	250	999997	exact
4Lr35 3Ir15 14 3Ir15 3Ir19	4S3	250	999997	exact
4Lr35 3Ir15 14 3Ir15 3L3	4Ss6	250	999997	exact
4Lr35 3Ir15 14 3Ir15 3Lr16	4S3	250	999997	exact
4Lr35 3Ir15 14 3Ir15 3Lr21	4Ss6	250	999997	exact
4Lr35 3Ir15 14 3Ir15 3Lr22	4Ss6	250	999997	exact
4Lr35 3Ir15 14 3Ir15 3Lr27	4S3	250	999997	exact
4Lr35 3Ir15 14 3Ir15 3Lr28	4S3	250	999997	exact
4Lr35 3Ir15 14 3Ir15 3Lr31	4S3	250	999997	exact
4Lr35 3Ir15 14 3Ir15 3Lr32	4Ss6	250	999997	exact
4Lr35 3Ir15 14 3Ir15 3Lr37	4S3	250	999997	exact
4Lr35 3Ir15 14 3Ir15 3Lr38	4S3	250	999997	exact
4Lr35 3Ir15 14 3Ir15 4Lr21	4Ss6	250	999997	exact
4Lr35 3Ir15 14 3Ir15 4Lr27	4S3	250	999997	exact
4Lr35 3Ir15 14 3Ir15 4Lr31	4Ss6	250	999997	exact
4Lr35 3Ir15 14 3Ir15 4Lr32	4Ss6	250	999997	exact
4Lr35 3Ir15 14 3Ir15 4Lr37	4S3	250	999997	exact
4Lr35 3Ir15 14 3Ir15 4Lr38	4S3	250	999997	exact
4Lr35 3Ir15 14 3Ir15 4Lsr11	4S3	250	999997	exact
4Lr35 3Ir15 14 3Ir15 4Lsr12	4Ss6	250	999997	exact
4Lr35 3Ir15 14 3Ir15 4Lsr17	4S3	250	999997	exact
4Lr35 3Ir15 14 3Ir15 4Lsr18	4S3	250	999997	exact
4Lr35 3Ir15 14 3Ir15 4Lsr21	4Ss6	250	999997	exact
4Lr35 3Ir15 14 3Ir15 4Lsr27	4S3	250	999997	exact
4Lr35 3Ir15 14 3Ir15 4S3	4Ss6	250	999997	exact
4Lr35 3Ir15 14 3Ir15 4Sr16	4S3	250	999997	exact
4Lr35 3Ir15 14 3Ir15 4Ss6	4S3	250	999997	exact
4Lr35 3Ir15 14 3Ir15 4Ssr12	4Ss6	250	999997	exact
4Lr35 3Ir15 14 3Ir15 4Tr16	4S3	250	999997	exact
4Lr35 3Ir15 14 3Ir15 4Tr21	4Ss6	250	999997	exact
4Lr35 3Ir15 14 3Ir15 4Tr27	4S3	250	999997	exact
4Lr35 3Ir15 14 3Ir15 4Tr33	4Ss6	250	999997	exact
4Lr35 3Ir15 15	4Ss6	20	999980	exact
4Lr35 3Ir15 16	3Ir15	3	999997	exact
4Lr35 3Ir15 16 3Ir15 11	4Lsr13	250	999997	exact
4Lr35 3Ir15 16 3Ir15 12	4Lsr13	250	999997	exact
4Lr35 3Ir15 16 3Ir15 13	4Lr16	250	999997	exact
4Lr35 3Ir15 16 3Ir15 14	4Lr16	250	999997	exact
4Lr35 3Ir15 16 3Ir15 16	4Lsr13	250	999997	exact
4Lr35 3Ir15 16 3Ir15 17	4Lsr13	250	999997	exact
4Lr35 3Ir15 16 3Ir15 18	4Lsr13	250	999997	exact
4Lr35 3Ir15 16 3Ir15 19	4Lsr13	250	999997	exact
4Lr35 3Ir15 16 3Ir15 21	4Lr16	250	999997	exact
4Lr35 3Ir15 16 3Ir15 22	4Lr16	250	999997	exact
4Lr35 3Ir15 16 3Ir15 23	4Lr16	250	999997	exact
4Lr35 3Ir15 16 3Ir15 27	4Lsr13	250	999997	exact
4Lr35 3Ir15 16 3Ir15 28	4Lsr13	250	999997	exact
4Lr35 3Ir15 16 3Ir15 2r11	4Lsr13	250	999997	exact
4Lr35 3Ir15 16 3Ir15 2r12	4Lsr13	250	999997	exact
4Lr35 3Ir15 16 3Ir15 2r13	4Lr16	250	999997	exact
4Lr35 3Ir15 16 3Ir15 2r14	4Lr16	250	999997	exact
4Lr35 3Ir15 16 3Ir15 2r16	4Lsr13	250	999997	exact
4Lr35 3Ir15 16 3Ir15 2r17	4Lsr13	250	999997	exact
4Lr35 3Ir15 16 3Ir15 2r18	4Lsr13	250	999997	exact
4Lr35 3Ir15 16 3Ir15 2r19	4Lsr13	250	999997	exact
4Lr35 3Ir15 16 3Ir15 3I1	4Lr16	250	999997	exact
4Lr35 3Ir15 16 3Ir15 3I2	4Lr16	250	999997	exact
4Lr35 3Ir15 16 3Ir15 3I7	4Lsr13	250	999997	exact
4Lr35 3Ir15 16 3Ir15 3Ir11	4Lr16	250	999997	exact
4Lr35 3Ir15 16 3Ir15 3Ir12	4Lr16	250	999997	exact
4Lr35 3Ir15 16 3Ir15 3Ir13	4Lr16	250	999997	exact
4Lr35 3Ir15 16 3Ir15 3Ir14	4Lr16	250	999997	exact
4Lr35 3Ir15 16 3Ir15 3Ir16	4Lsr13	250	999997	exact
4Lr35 3Ir15 16 3Ir15 3Ir17	4Lsr13	250	999997	exact
4Lr35 3Ir15 16 3Ir15 3Ir18	4Lsr13	250	999997	exact
4Lr35 3Ir15 16 3Ir15 3Ir19	4Lsr13	250	999997	exact
4Lr35 3Ir15 16 3Ir15 3Lr21	4Lsr13	250	999997	exact
4Lr35 3Ir15 16 3Ir15 3Lr22	4Lr16	250	999997	exact
4Lr35 3Ir15 16 3Ir15 3Lr23	4Lr16	250	999997	exact
4Lr35 3Ir15 16 3Ir15 3Lr27	4Lsr13	250	999997	exact
4Lr35 3Ir15 16 3Ir15 3Lr28	4Lsr13	250	999997	exact
4Lr35 3Ir15 16 3Ir15 3Lr31	4Lsr13	250	999997	exact
4Lr35 3Ir15 16 3Ir15 3Lr32	4Lr16	250	999997	exact
4Lr35 3Ir15 16 3Ir15 3Lr33	4Lr16	250	999997	exact
4Lr35 3Ir15 16 3Ir15 3Lr37	4Lsr13	250	999997	exact
4Lr35 3Ir15 16 3Ir15 3Lr38	4Lsr13	250	999997	exact
4Lr35 3Ir15 16 3Ir15 4Lr16	4Lsr13	250	999997	exact
4Lr35 3Ir15 16 3Ir15 4Lr21	4Lr16	250	999997	exact
4Lr35 3Ir15 16 3Ir15 4Lr22	4Lr16	250	999997	exact
4Lr35 3Ir15 16 3Ir15 4Lr27	4Lsr13	250	999997	exact
4Lr35 3Ir15 16 3Ir15 4Lr31	4Lr16	250	999997	exact
4Lr35 3Ir15 16 3Ir15 4Lr32	4Lr16	250	999997	exact
4Lr35 3Ir15 16 3Ir15 4Lr33	4Lr16	250	999997	exact
4Lr35 3Ir15 16 3Ir15 4Lr37	4Lsr13	250	999997	exact
4Lr35 3Ir15 16 3Ir15 4Lr38	4Lr16	250	999997	exact
4Lr35 3Ir15 16 3Ir15 4Lsr11	4Lr16	250	999997	exact
4Lr35 3Ir15 16 3Ir15 4Lsr12	4Lr16	250	999997	exact
4Lr35 3Ir15 16 3Ir15 4Lsr13	4Lr16	250	999997	exact
4Lr35 3Ir15 16 3Ir15 4Lsr17	4Lsr13	250	999997	exact
4Lr35 3Ir15 16 3Ir15 4Lsr18	4Lsr13	250	999997	exact
4Lr35 3Ir15 16 3Ir15 4Lsr21	4Lr16	250	999997	exact
4Lr35 3Ir15 16 3Ir15 4Lsr22	4Lr16	250	999997	exact
4Lr35 3Ir15 16 3Ir15 4Lsr27	4Lsr13	250	999997	exact
4Lr35 3Ir15 16 3Ir15 4Tr21	4Lr16	250	999997	exact
4Lr35 3Ir15 16 3Ir15 4Tr22	4Lr16	250	999997	exact
4Lr35 3Ir15 16 3Ir15 4Tr27	4Lsr13	250	999997	exact
4Lr35 3Ir15 17	4Tr17	18	999985	exact
4Lr35 3Ir15 17 4Tr17 11	3Ir15	250	999995	exact
4Lr35 3Ir15 17 4Tr17 12	3Ir15	250	999995	exact
4Lr35 3Ir15 17 4Tr17 13	3Ir15	250	999995	exact
4Lr35 3Ir15 17 4Tr17 14	3Ir15	250	999995	exact
4Lr35 3Ir15 17 4Tr17 15	4Tr36	250	999985	exact
4Lr35 3Ir15 17 4Tr17 16	3Ir15	250	999995	exact
4Lr35 3Ir15 17 4Tr17 17	3Ir15	250	999995	exact
4Lr35 3Ir15 17 4Tr17 18	3Ir15	250	999995	exact
4Lr35 3Ir15 17 4Tr17 19	3Ir15	250	999995	exact
4Lr35 3Ir15 17 4Tr17 21	3Ir15	250	999995	exact
4Lr35 3Ir15 17 4Tr17 22	3Ir15	250	999995	exact
4Lr35 3Ir15 17 4Tr17 23	3Ir15	250	999993	exact
4Lr35 3Ir15 17 4Tr17 2r11	3Ir15	250	999995	exact
4Lr35 3Ir15 17 4Tr17 2r12	3Ir15	250	999995	exact
4Lr35 3Ir15 17 4Tr17 2r13	3Ir15	250	999995	exact
4Lr35 3Ir15 17 4Tr17 2r14	3Ir15	250	999995	exact
4Lr35 3Ir15 17 4Tr17 2r15	4Tr36	250	999985	exact
4Lr35 3Ir15 17 4Tr17 2r16	3Ir15	250	999993	exact
4Lr35 3Ir15 17 4Tr17 2r17	3Ir15	250	999993	exact
4Lr35 3Ir15 17 4Tr17 2r18	3Ir15	250	999993	exact
4Lr35 3Ir15 17 4Tr17 2r19	3Ir15	250	999995	exact
4Lr35 3Ir15 17 4Tr17 3I1	3Ir15	250	999993	exact
4Lr35 3Ir15 17 4Tr17 3I2	3Ir15	250	999993	exact
4Lr35 3Ir15 17 4Tr17 3Ir11	3Ir15	250	999995	exact
4Lr35 3Ir15 17 4Tr17 3Ir12	3Ir15	250	999995	exact
4Lr35 3Ir15 17 4Tr17 3Ir13	3Ir15	250	999993	exact
4Lr35 3Ir15 17 4Tr17 3Ir14	3Ir15	250	999993	exact
4Lr35 3Ir15 17 4Tr17 3Ir15	4Tr36	250	999985	exact
4Lr35 3Ir15 17 4Tr17 3Ir16	3Ir15	250	999995	exact
4Lr35 3Ir15 17 4Tr17 3Ir17	3Ir15	250	999993	exact
4Lr35 3Ir15 17 4Tr17 3Ir18	3Ir15	250	999993	exact
4Lr35 3Ir15 17 4Tr17 3Ir19	3Ir15	250	999995	exact
4Lr35 3Ir15 17 4Tr17 3L6	4Lsr16	250	999995	exact
4Lr35 3Ir15 17 4Tr17 3L7	3Ir15	250	999995	exact
4Lr35 3Ir15 17 4Tr17 3Lr21	3Ir15	250	999993	exact
4Lr35 3Ir15 17 4Tr17 3Lr22	3Ir15	250	999993	exact
4Lr35 3Ir15 17 4Tr17 3Lr23	3Ir15	250	999993	exact
4Lr35 3Ir15 17 4Tr17 3Lr31	3Ir15	250	999995	exact
4Lr35 3Ir15 17 4Tr17 3Lr32	3Ir15	250	999993	exact
4Lr35 3Ir15 17 4Tr17 3Lr33	3Ir15	250	999993	exact
4Lr35 3Ir15 17 4Tr17 4Lr21	3Ir15	250	999995	exact
4Lr35 3Ir15 17 4Tr17 4Lr22	3Ir15	250	999993	exact
4Lr35 3Ir15 17 4Tr17 4Lr31	3Ir15	250	999995	exact
4Lr35 3Ir15 17 4Tr17 4Lr32	3Ir15	250	999995	exact
4Lr35 3Ir15 17 4Tr17 4Lr33	3Ir15	250	999993	exact
4Lr35 3Ir15 17 4Tr17 4Lsr11	3Ir15	250	999993	exact
4Lr35 3Ir15 17 4Tr17 4Lsr12	3Ir15	250	999993	exact
4Lr35 3Ir15 17 4Tr17 4Lsr13	4Tr36	250	999987	exact
4Lr35 3Ir15 17 4Tr17 4Lsr21	3Ir15	250	999995	exact
4Lr35 3Ir15 17 4Tr17 4Lsr22	3Ir15	250	999993	exact
4Lr35 3Ir15 17 4Tr17 4S6	3Ir15	250	999993	exact
4Lr35 3Ir15 17 4Tr17 4S7	3Ir15	250	999995	exact
4Lr35 3Ir15 17 4Tr17 4Tr21	3Ir15	250	999995	exact
4Lr35 3Ir15 17 4Tr17 4Tr22	3Ir15	250	999993	exact
4Lr35 3Ir15 17 4Tr17 4Tr36	3Ir15	250	999995	exact
4Lr35 3Ir15 17 4Tr17 4Tr37	3Ir15	250	999993	exact
4Lr35 3Ir15 18	3Ir15	3	999997	exact
4Lr35 3Ir15 18 3Ir15 11	4Lsr13	250	999997	exact
4Lr35 3Ir15 18 3Ir15 12	4Lsr13	250	999997	exact
4Lr35 3Ir15 18 3Ir15 13	4Ss6	250	999997	exact
4Lr35 3Ir15 18 3Ir15 14	4Ss6	250	999997	exact
4Lr35 3Ir15 18 3Ir15 16	4Lsr13	250	999997	exact
4Lr35 3Ir15 18 3Ir15 17	4Lsr13	250	999997	exact
4Lr35 3Ir15 18 3Ir15 18	4Lsr13	250	999997	exact
4Lr35 3Ir15 18 3Ir15 19	4Lsr13	250	999997	exact
4Lr35 3Ir15 18 3Ir15 21	4Ss6	250	999997	exact
4Lr35 3Ir15 18 3Ir15 22	4Ss6	250	999997	exact
4Lr35 3Ir15 18 3Ir15 23	4Ss6	250	999997	exact
4Lr35 3Ir15 18 3Ir15 2r11	4Ss6	250	999997	exact
4Lr35 3Ir15 18 3Ir15 2r12	4Ss6	250	999997	exact
4Lr35 3Ir15 18 3Ir15 2r13	4Ss6	250	999997	exact
4Lr35 3Ir15 18 3Ir15 2r14	4Ss6	250	999997	exact
4Lr35 3Ir15 18 3Ir15 2r16	4Lsr13	250	999997	exact
4Lr35 3Ir15 18 3Ir15 2r17	4Lsr13	250	999997	exact
4Lr35 3Ir15 18 3Ir15 2r18	4Lsr13	250	999997	exact
4Lr35 3Ir15 18 3Ir15 2r19	4Lsr13	250	999997	exact
4Lr35 3Ir15 18 3Ir15 3I1	4Ss6	250	999997	exact
4Lr35 3Ir15 18 3Ir15 3I2	4Ss6	250	999997	exact
4Lr35 3Ir15 18 3Ir15 3Ir11	4Ss6	250	999997	exact
4Lr35 3Ir15 18 3Ir15 3Ir12	4Ss6	250	999997	exact
4Lr35 3Ir15 18 3Ir15 3Ir13	4Ss6	250	999997	exact
4Lr35 3Ir15 18 3Ir15 3Ir14	4Ss6	250	999997	exact
4Lr35 3Ir15 18 3Ir15 3Ir16	4Lsr13	250	999997	exact
4Lr35 3Ir15 18 3Ir15 3Ir17	4Lsr13	250	999997	exact
4Lr35 3Ir15 18 3Ir15 3Ir18	4Lsr13	250	999997	exact
4Lr35 3Ir15 18 3Ir15 3Ir19	4Lsr13	250	999997	exact
4Lr35 3Ir15 18 3Ir15 3L7	4Lsr13	250	999997	exact
4Lr35 3Ir15 18 3Ir15 3Lr16	4Lsr13	250	999997	exact
4Lr35 3Ir15 18 3Ir15 3Lr18	4Lsr13	250	999997	exact
4Lr35 3Ir15 18 3Ir15 3Lr21	4Lsr13	250	999997	exact
4Lr35 3Ir15 18 3Ir15 3Lr22	4Ss6	250	999997	exact
4Lr35 3Ir15 18 3Ir15 3Lr23	4Ss6	250	999997	exact
4Lr35 3Ir15 18 3Ir15 3Lr31	4Ss6	250	999997	exact
4Lr35 3Ir15 18 3Ir15 3Lr32	4Ss6	250	999997	exact
4Lr35 3Ir15 18 3Ir15 3Lr33	4Ss6	250	999997	exact
4Lr35 3Ir15 18 3Ir15 4Lr21	4Ss6	250	999997	exact
4Lr35 3Ir15 18 3Ir15 4Lr22	4Ss6	250	999997	exact
4Lr35 3Ir15 18 3Ir15 4Lr31	4Ss6	250	999997	exact
4Lr35 3Ir15 18 3Ir15 4Lr32	4Ss6	250	999997	exact
4Lr35 3Ir15 18 3Ir15 4Lr33	4Ss6	250	999997	exact
4Lr35 3Ir15 18 3Ir15 4Lsr11	4Ss6	250	999997	exact
4Lr35 3Ir15 18 3Ir15 4Lsr12	4Ss6	250	999997	exact
4Lr35 3Ir15 18 3Ir15 4Lsr13	4Ss6	250	999997	exact
4Lr35 3Ir15 18 3Ir15 4Lsr21	4Ss6	250	999997	exact
4Lr35 3Ir15 18 3Ir15 4Lsr22	4Ss6	250	999997	exact
4Lr35 3Ir15 18 3Ir15 4S7	4Lsr13	250	999997	exact
4Lr35 3Ir15 18 3Ir15 4Ss6	4Lsr13	250	999997	exact
4Lr35 3Ir15 18 3Ir15 4Ss8	4Lsr13	250	999997	exact
4Lr35 3Ir15 18 3Ir15 4T6	4Lsr13	250	999997	exact
4Lr35 3Ir15 18 3Ir15 4Tr16	4Lsr13	250	999997	exact
4Lr35 3Ir15 18 3Ir15 4Tr18	4Lsr13	250	999997	exact
4Lr35 3Ir15 18 3Ir15 4Tr21	4Ss6	250	999997	exact
4Lr35 3Ir15 18 3Ir15 4Tr22	4Ss6	250	999997	exact
4Lr35 3Ir15 18 3Ir15 4Tr37	4Lsr13	250	999997	exact
4Lr35 3Ir15 19	3Ir15	3	999997	exact
4Lr35 3Ir15 19 3Ir15 11	4Lsr13	250	999997	exact
4Lr35 3Ir15 19 3Ir15 12	4Lsr13	250	999997	exact
4Lr35 3Ir15 19 3Ir15 13	4Ss6	250	999997	exact
4Lr35 3Ir15 19 3Ir15 14	4Ss6	250	999997	exact
4Lr35 3Ir15 19 3Ir15 16	4Lsr13	250	999997	exact
4Lr35 3Ir15 19 3Ir15 17	4Lsr13	250	999997	exact
4Lr35 3Ir15 19 3Ir15 18	4Lsr13	250	999997	exact
4Lr35 3Ir15 19 3Ir15 19	4Lsr13	250	999997	exact
4Lr35 3Ir15 19 3Ir15 21	4Lsr13	250	999997	exact
4Lr35 3Ir15 19 3Ir15 22	4Ss6	250	999997	exact
4Lr35 3Ir15 19 3Ir15 23	4Ss6	250	999997	exact
4Lr35 3Ir15 19 3Ir15 27	4Lsr13	250	999997	exact
4Lr35 3Ir15 19 3Ir15 2r11	4Lsr13	250	999997	exact
4Lr35 3Ir15 19 3Ir15 2r12	4Lsr13	250	999997	exact
4Lr35 3Ir15 19 3Ir15 2r13	4Ss6	250	999997	exact
4Lr35 3Ir15 19 3Ir15 2r14	4Ss6	250	999997	exact
4Lr35 3Ir15 19 3Ir15 2r16	4Lsr13	250	999997	exact
4Lr35 3Ir15 19 3Ir15 2r17	4Lsr13	250	999997	exact
4Lr35 3Ir15 19 3Ir15 2r18	4Lsr13	250	999997	exact
4Lr35 3Ir15 19 3Ir15 2r19	4Lsr13	250	999997	exact
4Lr35 3Ir15 19 3Ir15 3I1	4Ss6	250	999997	exact
4Lr35 3Ir15 19 3Ir15 3I2	4Ss6	250	999997	exact
4Lr35 3Ir15 19 3Ir15 3Ir11	4Ss6	250	999997	exact
4Lr35 3Ir15 19 3Ir15 3Ir12	4Ss6	250	999997	exact
4Lr35 3Ir15 19 3Ir15 3Ir13	4Ss6	250	999997	exact
4Lr35 3Ir15 19 3Ir15 3Ir14	4Ss6	250	999997	exact
4Lr35 3Ir15 19 3Ir15 3Ir16	4Lsr13	250	999997	exact
4Lr35 3Ir15 19 3Ir15 3Ir17	4Lsr13	250	999997	exact
4Lr35 3Ir15 19 3Ir15 3Ir18	4Lsr13	250	999997	exact
4Lr35 3Ir15 19 3Ir15 3Ir19	4Lsr13	250	999997	exact
4Lr35 3Ir15 19 3Ir15 3L8	4Lsr13	250	999997	exact
4Lr35 3Ir15 19 3Ir15 3Lr16	4Lsr13	250	999997	exact
4Lr35 3Ir15 19 3Ir15 3Lr21	4Lsr13	250	999997	exact
4Lr35 3Ir15 19 3Ir15 3Lr22	4Ss6	250	999997	exact
4Lr35 3Ir15 19 3Ir15 3Lr23	4Ss6	250	999997	exact
4Lr35 3Ir15 19 3Ir15 3Lr27	4Lsr13	250	999997	exact
4Lr35 3Ir15 19 3Ir15 3Lr31	4Lsr13	250	999997	exact
4Lr35 3Ir15 19 3Ir15 3Lr32	4Ss6	250	999997	exact
4Lr35 3Ir15 19 3Ir15 3Lr33	4Ss6	250	999997	exact
4Lr35 3Ir15 19 3Ir15 3Lr37	4Lsr13	250	999997	exact
4Lr35 3Ir15 19 3Ir15 4Lr21	4Ss6	250	999997	exact
4Lr35 3Ir15 19 3Ir15 4Lr22	4Ss6	250	999997	exact
4Lr35 3Ir15 19 3Ir15 4Lr31	4Ss6	250	999997	exact
4Lr35 3Ir15 19 3Ir15 4Lr32	4Ss6	250	999997	exact
4Lr35 3Ir15 19 3Ir15 4Lr33	4Ss6	250	999997	exact
4Lr35 3Ir15 19 3Ir15 4Lr37	4Lsr13	250	999997	exact
4Lr35 3Ir15 19 3Ir15 4Lsr11	4Ss6	250	999997	exact
4Lr35 3Ir15 19 3Ir15 4Lsr12	4Ss6	250	999997	exact
4Lr35 3Ir15 19 3Ir15 4Lsr13	4Ss6	250	999997	exact
4Lr35 3Ir15 19 3Ir15 4Lsr17	4Lsr13	250	999997	exact
4Lr35 3Ir15 19 3Ir15 4Lsr21	4Ss6	250	999997	exact
4Lr35 3Ir15 19 3Ir15 4Lsr22	4Ss6	250	999997	exact
4Lr35 3Ir15 19 3Ir15 4S8	4Ss6	250	999997	exact
4Lr35 3Ir15 19 3Ir15 4Sr16	4Lsr13	250	999997	exact
4Lr35 3Ir15 19 3Ir15 4Ss6	4Lsr13	250	999997	exact
4Lr35 3Ir15 19 3Ir15 4Ssr17	4Lsr13	250	999997	exact
4Lr35 3Ir15 19 3Ir15 4Tr16	4Lsr13	250	999997	exact
4Lr35 3Ir15 19 3Ir15 4Tr21	4Ss6	250	999997	exact
4Lr35 3Ir15 19 3Ir15 4Tr22	4Ss6	250	999997	exact
4Lr35 3Ir15 19 3Ir15 4Tr38	4Ss6	250	999997	exact
4Lr35 3Ir15 21	3Ir15	3	999997	exact
4Lr35 3Ir15 21 3Ir15 11	4Ss6	250	999997	exact
4Lr35 3Ir15 21 3Ir15 12	4Lsr13	250	999997	exact
4Lr35 3Ir15 21 3Ir15 13	4Ss6	250	999997	exact
4Lr35 3Ir15 21 3Ir15 14	4Ss6	250	999997	exact
4Lr35 3Ir15 21 3Ir15 16	4Lsr13	250	999997	exact
4Lr35 3Ir15 21 3Ir15 17	4Lsr13	250	999997	exact
4Lr35 3Ir15 21 3Ir15 18	4Lsr13	250	999997	exact
4Lr35 3Ir15 21 3Ir15 19	4Lsr13	250	999997	exact
4Lr35 3Ir15 21 3Ir15 21	4Ss6	250	999997	exact
4Lr35 3Ir15 21 3Ir15 23	4Ss6	250	999997	exact
4Lr35 3Ir15 21 3Ir15 27	4Lsr13	250	999997	exact
4Lr35 3Ir15 21 3Ir15 28	4Lsr13	250	999997	exact
4Lr35 3Ir15 21 3Ir15 2r11	4Lsr13	250	999997	exact
4Lr35 3Ir15 21 3Ir15 2r12	4Lsr13	250	999997	exact
4Lr35 3Ir15 21 3Ir15 2r13	4Ss6	250	999997	exact
4Lr35 3Ir15 21 3Ir15 2r14	4Ss6	250	999997	exact
4Lr35 3Ir15 21 3Ir15 2r16	4Lsr13	250	999997	exact
4Lr35 3Ir15 21 3Ir15 2r17	4Lsr13	250	999997	exact
4Lr35 3Ir15 21 3Ir15 2r18	4Lsr13	250	999997	exact
4Lr35 3Ir15 21 3Ir15 2r19	4Lsr13	250	999997	exact
4Lr35 3Ir15 21 3Ir15 3I7	4Lsr13	250	999997	exact
4Lr35 3Ir15 21 3Ir15 3Ir11	4Lsr13	250	999997	exact
4Lr35 3Ir15 21 3Ir15 3Ir12	4Lsr13	250	999997	exact
4Lr35 3Ir15 21 3Ir15 3Ir13	4Ss6	250	999997	exact
4Lr35 3Ir15 21 3Ir15 3Ir14	4Ss6	250	999997	exact
4Lr35 3Ir15 21 3Ir15 3Ir16	4Lsr13	250	999997	exact
4Lr35 3Ir15 21 3Ir15 3Ir17	4Lsr13	250	999997	exact
4Lr35 3Ir15 21 3Ir15 3Ir18	4Lsr13	250	999997	exact
4Lr35 3Ir15 21 3Ir15 3Ir19	4Lsr13	250	999997	exact
4Lr35 3Ir15 21 3Ir15 3Lr12	4Ss6	250	999997	exact
4Lr35 3Ir15 21 3Ir15 3Lr16	4Lsr13	250	999997	exact
4Lr35 3Ir15 21 3Ir15 3Lr21	4Lsr13	250	999997	exact
4Lr35 3Ir15 21 3Ir15 3Lr23	4Ss6	250	999997	exact
4Lr35 3Ir15 21 3Ir15 3Lr27	4Lsr13	250	999997	exact
4Lr35 3Ir15 21 3Ir15 3Lr28	4Lsr13	250	999997	exact
4Lr35 3Ir15 21 3Ir15 3Lr31	4Lsr13	250	999997	exact
4Lr35 3Ir15 21 3Ir15 3Lr33	4Ss6	250	999997	exact
4Lr35 3Ir15 21 3Ir15 3Lr37	4Lsr13	250	999997	exact
4Lr35 3Ir15 21 3Ir15 3Lr38	4Lsr13	250	999997	exact
4Lr35 3Ir15 21 3Ir15 4Lr27	4Lsr13	250	999997	exact
4Lr35 3Ir15 21 3Ir15 4Lr31	4Lsr13	250	999997	exact
4Lr35 3Ir15 21 3Ir15 4Lr33	4Ss6	250	999997	exact
4Lr35 3Ir15 21 3Ir15 4Lr37	4Lsr13	250	999997	exact
4Lr35 3Ir15 21 3Ir15 4Lr38	4Lsr13	250	999997	exact
4Lr35 3Ir15 21 3Ir15 4Ls1	4Ss6	250	999997	exact
4Lr35 3Ir15 21 3Ir15 4Lsr11	4Lsr13	250	999997	exact
4Lr35 3Ir15 21 3Ir15 4Lsr13	4Ss6	250	999997	exact
4Lr35 3Ir15 21 3Ir15 4Lsr17	4Lsr13	250	999997	exact
4Lr35 3Ir15 21 3Ir15 4Lsr18	4Lsr13	250	999997	exact
4Lr35 3Ir15 21 3Ir15 4Lsr27	4Lsr13	250	999997	exact
4Lr35 3Ir15 21 3Ir15 4Sr12	4Ss6	250	999997	exact
4Lr35 3Ir15 21 3Ir15 4Sr16	4Lsr13	250	999997	exact
4Lr35 3Ir15 21 3Ir15 4Ss2	4Ss6	250	999997	exact
4Lr35 3Ir15 21 3Ir15 4Ss6	4Lsr13	250	999997	exact
4Lr35 3Ir15 21 3Ir15 4Tr12	4Ss6	250	999997	exact
4Lr35 3Ir15 21 3Ir15 4Tr16	4Lsr13	250	999997	exact
4Lr35 3Ir15 21 3Ir15 4Tr27	4Lsr13	250	999997	exact
4Lr35 3Ir15 22	3Ir15	3	999997	exact
4Lr35 3Ir15 22 3Ir15 11	4Ss6	250	999997	exact
4Lr35 3Ir15 22 3Ir15 12	4Tr13	250	999997	exact
4Lr35 3Ir15 22 3Ir15 13	4Ss6	250	999997	exact
4Lr35 3Ir15 22 3Ir15 14	4Ss6	250	999997	exact
4Lr35 3Ir15 22 3Ir15 16	4Tr13	250	999997	exact
4Lr35 3Ir15 22 3Ir15 17	4Tr13	250	999997	exact
4Lr35 3Ir15 22 3Ir15 18	4Tr13	250	999997	exact
4Lr35 3Ir15 22 3Ir15 19	4Tr13	250	999997	exact
4Lr35 3Ir15 22 3Ir15 22	4Ss6	250	999997	exact
4Lr35 3Ir15 22 3Ir15 27	4Tr13	250	999997	exact
4Lr35 3Ir15 22 3Ir15 28	4Ss6	250	999997	exact
4Lr35 3Ir15 22 3Ir15 2r11	4Ss6	250	999997	exact
4Lr35 3Ir15 22 3Ir15 2r12	4Ss6	250	999997	exact
4Lr35 3Ir15 22 3Ir15 2r13	4Ss6	250	999997	exact
4Lr35 3Ir15 22 3Ir15 2r14	4Ss6	250	999997	exact
4Lr35 3Ir15 22 3Ir15 2r16	4Tr13	250	999997	exact
4Lr35 3Ir15 22 3Ir15 2r17	4Tr13	250	999997	exact
4Lr35 3Ir15 22 3Ir15 2r18	4Tr13	250	999997	exact
4Lr35 3Ir15 22 3Ir15 2r19	4Tr13	250	999997	exact
4Lr35 3Ir15 22 3Ir15 3I7	4Tr13	250	999997	exact
4Lr35 3Ir15 22 3Ir15 3Ir11	4Tr13	250	999997	exact
4Lr35 3Ir15 22 3Ir15 3Ir12	4Tr13	250	999997	exact
4Lr35 3Ir15 22 3Ir15 3Ir13	4Ss6	250	999997	exact
4Lr35 3Ir15 22 3Ir15 3Ir14	4Ss6	250	999997	exact
4Lr35 3Ir15 22 3Ir15 3Ir16	4Tr13	250	999997	exact
4Lr35 3Ir15 22 3Ir15 3Ir17	4Tr13	250	999997	exact
4Lr35 3Ir15 22 3Ir15 3Ir18	4Tr13	250	999997	exact
4Lr35 3Ir15 22 3Ir15 3Ir19	4Tr13	250	999997	exact
4Lr35 3Ir15 22 3Ir15 3L1	4Tr13	250	999997	exact
4Lr35 3Ir15 22 3Ir15 3Lr13	4Ss6	250	999997	exact
4Lr35 3Ir15 22 3Ir15 3Lr16	4Tr13	250	999997	exact
4Lr35 3Ir15 22 3Ir15 3Lr22	4Ss6	250	999997	exact
4Lr35 3Ir15 22 3Ir15 3Lr27	4Tr13	250	999997	exact
4Lr35 3Ir15 22 3Ir15 3Lr28	4Ss6	250	999997	exact
4Lr35 3Ir15 22 3Ir15 3Lr32	4Ss6	250	999997	exact
4Lr35 3Ir15 22 3Ir15 3Lr37	4Tr13	250	999997	exact
4Lr35 3Ir15 22 3Ir15 3Lr38	4Ss6	250	999997	exact
4Lr35 3Ir15 22 3Ir15 4L1	4Ss6	250	999997	exact
4Lr35 3Ir15 22 3Ir15 4Lr27	4Tr13	250	999997	exact
4Lr35 3Ir15 22 3Ir15 4Lr32	4Ss6	250	999997	exact
4Lr35 3Ir15 22 3Ir15 4Lr37	4Tr13	250	999997	exact
4Lr35 3Ir15 22 3Ir15 4Lr38	4Tr13	250	999997	exact
4Lr35 3Ir15 22 3Ir15 4Ls2	4Ss6	250	999997	exact
4Lr35 3Ir15 22 3Ir15 4Lsr12	4Ss6	250	999997	exact
4Lr35 3Ir15 22 3Ir15 4Lsr17	4Tr13	250	999997	exact
4Lr35 3Ir15 22 3Ir15 4Lsr18	4Tr13	250	999997	exact
4Lr35 3Ir15 22 3Ir15 4Lsr27	4Tr13	250	999997	exact
4Lr35 3Ir15 22 3Ir15 4S1	4Ss6	250	999997	exact
4Lr35 3Ir15 22 3Ir15 4Sr16	4Tr13	250	999997	exact
4Lr35 3Ir15 22 3Ir15 4Ss3	4Ss6	250	999997	exact
4Lr35 3Ir15 22 3Ir15 4Ss6	4Tr13	250	999997	exact
4Lr35 3Ir15 22 3Ir15 4Tr13	4Ss6	250	999997	exact
4Lr35 3Ir15 22 3Ir15 4Tr16	4Tr13	250	999997	exact
4Lr35 3Ir15 22 3Ir15 4Tr27	4Tr13	250	999997	exact
4Lr35 3Ir15 22 3Ir15 4Tr31	4Tr13	250	999997	exact
4Lr35 3Ir15 23	4Ss6	18	999984	exact
4Lr35 3Ir15 23 4Ss6 11	3Ir15	250	999997	exact
4Lr35 3Ir15 23 4Ss6 12	3Ir15	250	999997	exact
4Lr35 3Ir15 23 4Ss6 13	3Ir15	250	999997	exact
4Lr35 3Ir15 23 4Ss6 14	3Ir15	250	999997	exact
4Lr35 3Ir15 23 4Ss6 15	4Lsr13	250	999984	exact
4Lr35 3Ir15 23 4Ss6 16	3Ir15	250	999997	exact
4Lr35 3Ir15 23 4Ss6 17	3Ir15	250	999997	exact
4Lr35 3Ir15 23 4Ss6 18	3Ir15	250	999997	exact
4Lr35 3Ir15 23 4Ss6 19	3Ir15	250	999997	exact
4Lr35 3Ir15 23 4Ss6 21	3Ir15	250	999997	exact
4Lr35 3Ir15 23 4Ss6 23	3Ir15	250	999997	exact
4Lr35 3Ir15 23 4Ss6 28	3Ir15	250	999997	exact
4Lr35 3Ir15 23 4Ss6 2r11	3Ir15	250	999997	exact
4Lr35 3Ir15 23 4Ss6 2r12	3Ir15	250	999997	exact
4Lr35 3Ir15 23 4Ss6 2r13	3Ir15	250	999997	exact
4Lr35 3Ir15 23 4Ss6 2r14	3Ir15	250	999997	exact
4Lr35 3Ir15 23 4Ss6 2r15	4Lsr13	250	999984	exact
4Lr35 3Ir15 23 4Ss6 2r16	3Ir15	250	999997	exact
4Lr35 3Ir15 23 4Ss6 2r17	3Ir15	250	999997	exact
4Lr35 3Ir15 23 4Ss6 2r18	3Ir15	250	999997	exact
4Lr35 3Ir15 23 4Ss6 2r19	3Ir15	250	999997	exact
4Lr35 3Ir15 23 4Ss6 3Ir11	3Ir15	250	999997	exact
4Lr35 3Ir15 23 4Ss6 3Ir12	3Ir15	250	999997	exact
4Lr35 3Ir15 23 4Ss6 3Ir13	3Ir15	250	999997	exact
4Lr35 3Ir15 23 4Ss6 3Ir14	3Ir15	250	999997	exact
4Lr35 3Ir15 23 4Ss6 3Ir15	4Tr16	250	999984	exact
4Lr35 3Ir15 23 4Ss6 3Ir16	3Ir15	250	999997	exact
4Lr35 3Ir15 23 4Ss6 3Ir17	3Ir15	250	999997	exact
4Lr35 3Ir15 23 4Ss6 3Ir18	3Ir15	250	999997	exact
4Lr35 3Ir15 23 4Ss6 3Ir19	3Ir15	250	999997	exact
4Lr35 3Ir15 23 4Ss6 3L2	3Ir15	250	999997	exact
4Lr35 3Ir15 23 4Ss6 3Lr16	3Ir15	250	999997	exact
4Lr35 3Ir15 23 4Ss6 3Lr21	3Ir15	250	999997	exact
4Lr35 3Ir15 23 4Ss6 3Lr23	3Ir15	250	999997	exact
4Lr35 3Ir15 23 4Ss6 3Lr28	3Ir15	250	999997	exact
4Lr35 3Ir15 23 4Ss6 3Lr31	3Ir15	250	999997	exact
4Lr35 3Ir15 23 4Ss6 3Lr33	3Ir15	250	999997	exact
4Lr35 3Ir15 23 4Ss6 3Lr38	3Ir15	250	999997	exact
4Lr35 3Ir15 23 4Ss6 4L2	3Ir15	250	999997	exact
4Lr35 3Ir15 23 4Ss6 4Lr17	3Ir15	250	999997	exact
4Lr35 3Ir15 23 4Ss6 4Lr31	3Ir15	250	999997	exact
4Lr35 3Ir15 23 4Ss6 4Lr33	3Ir15	250	999997	exact
4Lr35 3Ir15 23 4Ss6 4Lr38	3Ir15	250	999997	exact
4Lr35 3Ir15 23 4Ss6 4Lsr11	3Ir15	250	999997	exact
4Lr35 3Ir15 23 4Ss6 4Lsr13	3Ir15	250	999997	exact
4Lr35 3Ir15 23 4Ss6 4Lsr18	3Ir15	250	999997	exact
4Lr35 3Ir15 23 4Ss6 4S2	3Ir15	250	999997	exact
4Lr35 3Ir15 23 4Ss6 4Ss6	3Ir15	250	999997	exact
4Lr35 3Ir15 23 4Ss6 4Ssr11	3Ir15	250	999997	exact
4Lr35 3Ir15 23 4Ss6 4Tr16	3Ir15	250	999997	exact
4Lr35 3Ir15 23 4Ss6 4Tr32	3Ir15	250	999997	exact
4Lr35 3Ir15 27	4Ss8	20	999983	exact
4Lr35 3Ir15 28	3Ir15	3	999997	exact
4Lr35 3Ir15 28 3Ir15 11	4Lsr13	250	999997	exact
4Lr35 3Ir15 28 3Ir15 12	4Lsr13	250	999997	exact
4Lr35 3Ir15 28 3Ir15 13	4Ss6	250	999997	exact
4Lr35 3Ir15 28 3Ir15 14	4Ss6	250	999997	exact
4Lr35 3Ir15 28 3Ir15 16	4Lsr13	250	999997	exact
4Lr35 3Ir15 28 3Ir15 17	4Lsr13	250	999997	exact
4Lr35 3Ir15 28 3Ir15 18	4Lsr13	250	999997	exact
4Lr35 3Ir15 28 3Ir15 19	4Lsr13	250	999997	exact
4Lr35 3Ir15 28 3Ir15 21	4Ss6	250	999997	exact
4Lr35 3Ir15 28 3Ir15 22	4Ss6	250	999997	exact
4Lr35 3Ir15 28 3Ir15 23	4Ss6	250	999997	exact
4Lr35 3Ir15 28 3Ir15 28	4Ss6	250	999997	exact
4Lr35 3Ir15 28 3Ir15 2r11	4Ss6	250	999997	exact
4Lr35 3Ir15 28 3Ir15 2r12	4Ss6	250	999997	exact
4Lr35 3Ir15 28 3Ir15 2r13	4Ss6	250	999997	exact
4Lr35 3Ir15 28 3Ir15 2r14	4Ss6	250	999997	exact
4Lr35 3Ir15 28 3Ir15 2r16	4Lsr13	250	999997	exact
4Lr35 3Ir15 28 3Ir15 2r17	4Lsr13	250	999997	exact
4Lr35 3Ir15 28 3Ir15 2r18	4Lsr13	250	999997	exact
4Lr35 3Ir15 28 3Ir15 2r19	4Lsr13	250	999997	exact
4Lr35 3Ir15 28 3Ir15 3I1	4Ss6	250	999997	exact
4Lr35 3Ir15 28 3Ir15 3I2	4Ss6	250	999997	exact
4Lr35 3Ir15 28 3Ir15 3Ir11	4Ss6	250	999997	exact
4Lr35 3Ir15 28 3Ir15 3Ir12	4Ss6	250	999997	exact
4Lr35 3Ir15 28 3Ir15 3Ir13	4Ss6	250	999997	exact
4Lr35 3Ir15 28 3Ir15 3Ir14	4Ss6	250	999997	exact
4Lr35 3Ir15 28 3Ir15 3Ir16	4Lsr13	250	999997	exact
4Lr35 3Ir15 28 3Ir15 3Ir17	4Lsr13	250	999997	exact
4Lr35 3Ir15 28 3Ir15 3Ir18	4Lsr13	250	999997	exact
4Lr35 3Ir15 28 3Ir15 3Ir19	4Lsr13	250	999997	exact
4Lr35 3Ir15 28 3Ir15 3L7	4Lsr13	250	999997	exact
4Lr35 3Ir15 28 3Ir15 3Lr16	4Lsr13	250	999997	exact
4Lr35 3Ir15 28 3Ir15 3Lr21	4Lsr13	250	999997	exact
4Lr35 3Ir15 28 3Ir15 3Lr22	4Ss6	250	999997	exact
4Lr35 3Ir15 28 3Ir15 3Lr23	4Ss6	250	999997	exact
4Lr35 3Ir15 28 3Ir15 3Lr28	4Ss6	250	999997	exact
4Lr35 3Ir15 28 3Ir15 3Lr31	4Ss6	250	999997	exact
4Lr35 3Ir15 28 3Ir15 3Lr32	4Ss6	250	999997	exact
4Lr35 3Ir15 28 3Ir15 3Lr33	4Ss6	250	999997	exact
4Lr35 3Ir15 28 3Ir15 3Lr38	4Ss6	250	999997	exact
4Lr35 3Ir15 28 3Ir15 4L7	4Lsr13	250	999997	exact
4Lr35 3Ir15 28 3Ir15 4Lr21	4Ss6	250	999997	exact
4Lr35 3Ir15 28 3Ir15 4Lr22	4Ss6	250	999997	exact
4Lr35 3Ir15 28 3Ir15 4Lr31	4Ss6	250	999997	exact
4Lr35 3Ir15 28 3Ir15 4Lr32	4Ss6	250	999997	exact
4Lr35 3Ir15 28 3Ir15 4Lr33	4Ss6	250	999997	exact
4Lr35 3Ir15 28 3Ir15 4Lr38	4Ss6	250	999997	exact
4Lr35 3Ir15 28 3Ir15 4Lsr11	4Ss6	250	999997	exact
4Lr35 3Ir15 28 3Ir15 4Lsr12	4Ss6	250	999997	exact
4Lr35 3Ir15 28 3Ir15 4Lsr13	4Ss6	250	999997	exact
4Lr35 3Ir15 28 3Ir15 4Lsr18	4Ss6	250	999997	exact
4Lr35 3Ir15 28 3Ir15 4Lsr21	4Ss6	250	999997	exact
4Lr35 3Ir15 28 3Ir15 4Lsr22	4Ss6	250	999997	exact
4Lr35 3Ir15 28 3Ir15 4S7	4Lsr13	250	999997	exact
4Lr35 3Ir15 28 3Ir15 4Ss6	4Lsr13	250	999997	exact
4Lr35 3Ir15 28 3Ir15 4T6	4Lsr13	250	999997	exact
4Lr35 3Ir15 28 3Ir15 4Tr16	4Lsr13	250	999997	exact
4Lr35 3Ir15 28 3Ir15 4Tr21	4Ss6	250	999997	exact
4Lr35 3Ir15 28 3Ir15 4Tr22	4Ss6	250	999997	exact
4Lr35 3Ir15 28 3Ir15 4Tr37	4Lsr13	250	999997	exact
4Lr35 3Ir15 2r11	3Ir15	3	999997	exact
4Lr35 3Ir15 2r11 3Ir15 11	4Ss6	250	999997	exact
4Lr35 3Ir15 2r11 3Ir15 12	4Ss6	250	999997	exact
4Lr35 3Ir15 2r11 3Ir15 13	4Ss6	250	999997	exact
4Lr35 3Ir15 2r11 3Ir15 14	4Ss6	250	999997	exact
4Lr35 3Ir15 2r11 3Ir15 16	4Lsr13	250	999997	exact
4Lr35 3Ir15 2r11 3Ir15 17	4Lsr13	250	999997	exact
4Lr35 3Ir15 2r11 3Ir15 18	4Lsr13	250	999997	exact
4Lr35 3Ir15 2r11 3Ir15 19	4Lsr13	250	999997	exact
4Lr35 3Ir15 2r11 3Ir15 22	4Ss6	250	999997	exact
4Lr35 3Ir15 2r11 3Ir15 23	4Ss6	250	999997	exact
4Lr35 3Ir15 2r11 3Ir15 27	4Lsr13	250	999997	exact
4Lr35 3Ir15 2r11 3Ir15 28	4Lsr13	250	999997	exact
4Lr35 3Ir15 2r11 3Ir15 2r11	4Lsr13	250	999997	exact
4Lr35 3Ir15 2r11 3Ir15 2r12	4Lsr13	250	999997	exact
4Lr35 3Ir15 2r11 3Ir15 2r13	4Ss6	250	999997	exact
4Lr35 3Ir15 2r11 3Ir15 2r14	4Ss6	250	999997	exact
4Lr35 3Ir15 2r11 3Ir15 2r16	4Lsr13	250	999997	exact
4Lr35 3Ir15 2r11 3Ir15 2r17	4Lsr13	250	999997	exact
4Lr35 3Ir15 2r11 3Ir15 2r18	4Lsr13	250	999997	exact
4Lr35 3Ir15 2r11 3Ir15 2r19	4Lsr13	250	999997	exact
4Lr35 3Ir15 2r11 3Ir15 3I2	4Ss6	250	999997	exact
4Lr35 3Ir15 2r11 3Ir15 3I7	4Lsr13	250	999997	exact
4Lr35 3Ir15 2r11 3Ir15 3Ir11	4Lsr13	250	999997	exact
4Lr35 3Ir15 2r11 3Ir15 3Ir12	4Lsr13	250	999997	exact
4Lr35 3Ir15 2r11 3Ir15 3Ir13	4Ss6	250	999997	exact
4Lr35 3Ir15 2r11 3Ir15 3Ir14	4Ss6	250	999997	exact
4Lr35 3Ir15 2r11 3Ir15 3Ir16	4Lsr13	250	999997	exact
4Lr35 3Ir15 2r11 3Ir15 3Ir17	4Lsr13	250	999997	exact
4Lr35 3Ir15 2r11 3Ir15 3Ir18	4Lsr13	250	999997	exact
4Lr35 3Ir15 2r11 3Ir15 3Ir19	4Lsr13	250	999997	exact
4Lr35 3Ir15 2r11 3Ir15 3Lr16	4Lsr13	250	999997	exact
4Lr35 3Ir15 2r11 3Ir15 3Lr22	4Ss6	250	999997	exact
4Lr35 3Ir15 2r11 3Ir15 3Lr23	4Ss6	250	999997	exact
4Lr35 3Ir15 2r11 3Ir15 3Lr27	4Lsr13	250	999997	exact
4Lr35 3Ir15 2r11 3Ir15 3Lr28	4Ss6	250	999997	exact
4Lr35 3Ir15 2r11 3Ir15 3Lr32	4Ss6	250	999997	exact
4Lr35 3Ir15 2r11 3Ir15 3Lr33	4Ss6	250	999997	exact
4Lr35 3Ir15 2r11 3Ir15 3Lr37	4Lsr13	250	999997	exact
4Lr35 3Ir15 2r11 3Ir15 3Lr38	4Ss6	250	999997	exact
4Lr35 3Ir15 2r11 3Ir15 4Lr11	4Lsr13	250	999997	exact
4Lr35 3Ir15 2r11 3Ir15 4Lr22	4Ss6	250	999997	exact
4Lr35 3Ir15 2r11 3Ir15 4Lr27	4Lsr13	250	999997	exact
4Lr35 3Ir15 2r11 3Ir15 4Lr32	4Ss6	250	999997	exact
4Lr35 3Ir15 2r11 3Ir15 4Lr33	4Ss6	250	999997	exact
4Lr35 3Ir15 2r11 3Ir15 4Lr37	4Lsr13	250	999997	exact
4Lr35 3Ir15 2r11 3Ir15 4Lr38	4Lsr13	250	999997	exact
4Lr35 3Ir15 2r11 3Ir15 4Lsr12	4Ss6	250	999997	exact
4Lr35 3Ir15 2r11 3Ir15 4Lsr13	4Ss6	250	999997	exact
4Lr35 3Ir15 2r11 3Ir15 4Lsr17	4Lsr13	250	999997	exact
4Lr35 3Ir15 2r11 3Ir15 4Lsr18	4Lsr13	250	999997	exact
4Lr35 3Ir15 2r11 3Ir15 4Lsr22	4Ss6	250	999997	exact
4Lr35 3Ir15 2r11 3Ir15 4Lsr27	4Lsr13	250	999997	exact
4Lr35 3Ir15 2r11 3Ir15 4Sr16	4Lsr13	250	999997	exact
4Lr35 3Ir15 2r11 3Ir15 4Ss6	4Lsr13	250	999997	exact
4Lr35 3Ir15 2r11 3Ir15 4Tr16	4Lsr13	250	999997	exact
4Lr35 3Ir15 2r11 3Ir15 4Tr22	4Ss6	250	999997	exact
4Lr35 3Ir15 2r11 3Ir15 4Tr27	4Lsr13	250	999997	exact
4Lr35 3Ir15 2r12	3Ir15	3	999997	exact
4Lr35 3Ir15 2r12 3Ir15 11	4Ss6	250	999997	exact
4Lr35 3Ir15 2r12 3Ir15 12	4Lsr13	250	999997	exact
4Lr35 3Ir15 2r12 3Ir15 13	4Ss6	250	999997	exact
4Lr35 3Ir15 2r12 3Ir15 14	4Ss6	250	999997	exact
4Lr35 3Ir15 2r12 3Ir15 16	4Lsr13	250	999997	exact
4Lr35 3Ir15 2r12 3Ir15 17	4Lsr13	250	999997	exact
4Lr35 3Ir15 2r12 3Ir15 18	4Lsr13	250	999997	exact
4Lr35 3Ir15 2r12 3Ir15 19	4Lsr13	250	999997	exact
4Lr35 3Ir15 2r12 3Ir15 23	4Ss6	250	999997	exact
4Lr35 3Ir15 2r12 3Ir15 27	4Lsr13	250	999997	exact
4Lr35 3Ir15 2r12 3Ir15 28	4Ss6	250	999997	exact
4Lr35 3Ir15 2r12 3Ir15 2r11	4Ss6	250	999997	exact
4Lr35 3Ir15 2r12 3Ir15 2r12	4Ss6	250	999997	exact
4Lr35 3Ir15 2r12 3Ir15 2r13	4Ss6	250	999997	exact
4Lr35 3Ir15 2r12 3Ir15 2r14	4Ss6	250	999997	exact
4Lr35 3Ir15 2r12 3Ir15 2r16	4Lsr13	250	999997	exact
4Lr35 3Ir15 2r12 3Ir15 2r17	4Lsr13	250	999997	exact
4Lr35 3Ir15 2r12 3Ir15 2r18	4Lsr13	250	999997	exact
4Lr35 3Ir15 2r12 3Ir15 2r19	4Lsr13	250	999997	exact
4Lr35 3Ir15 2r12 3Ir15 3I7	4Lsr13	250	999997	exact
4Lr35 3Ir15 2r12 3Ir15 3Ir11	4Lsr13	250	999997	exact
4Lr35 3Ir15 2r12 3Ir15 3Ir12	4Ss6	250	999997	exact
4Lr35 3Ir15 2r12 3Ir15 3Ir13	4Ss6	250	999997	exact
4Lr35 3Ir15 2r12 3Ir15 3Ir14	4Ss6	250	999997	exact
4Lr35 3Ir15 2r12 3Ir15 3Ir16	4Lsr13	250	999997	exact
4Lr35 3Ir15 2r12 3Ir15 3Ir17	4Lsr13	250	999997	exact
4Lr35 3Ir15 2r12 3Ir15 3Ir18	4Lsr13	250	999997	exact
4Lr35 3Ir15 2r12 3Ir15 3Ir19	4Lsr13	250	999997	exact
4Lr35 3Ir15 2r12 3Ir15 3Lr16	4Lsr13	250	999997	exact
4Lr35 3Ir15 2r12 3Ir15 3Lr23	4Ss6	250	999997	exact
4Lr35 3Ir15 2r12 3Ir15 3Lr27	4Lsr13	250	999997	exact
4Lr35 3Ir15 2r12 3Ir15 3Lr28	4Lsr13	250	999997	exact
4Lr35 3Ir15 2r12 3Ir15 3Lr33	4Ss6	250	999997	exact
4Lr35 3Ir15 2r12 3Ir15 3Lr37	4Lsr13	250	999997	exact
4Lr35 3Ir15 2r12 3Ir15 3Lr38	4Lsr13	250	999997	exact
4Lr35 3Ir15 2r12 3Ir15 4Lr12	4Ss6	250	999997	exact
4Lr35 3Ir15 2r12 3Ir15 4Lr27	4Lsr13	250	999997	exact
4Lr35 3Ir15 2r12 3Ir15 4Lr33	4Ss6	250	999997	exact
4Lr35 3Ir15 2r12 3Ir15 4Lr37	4Lsr13	250	999997	exact
4Lr35 3Ir15 2r12 3Ir15 4Lr38	4Ss6	250	999997	exact
4Lr35 3Ir15 2r12 3Ir15 4Lsr13	4Ss6	250	999997	exact
4Lr35 3Ir15 2r12 3Ir15 4Lsr17	4Lsr13	250	999997	exact
4Lr35 3Ir15 2r12 3Ir15 4Lsr18	4Ss6	250	999997	exact
4Lr35 3Ir15 2r12 3Ir15 4Lsr27	4Lsr13	250	999997	exact
4Lr35 3Ir15 2r12 3Ir15 4Lsr31	4Lsr13	250	999997	exact
4Lr35 3Ir15 2r12 3Ir15 4Sr16	4Lsr13	250	999997	exact
4Lr35 3Ir15 2r12 3Ir15 4Ss6	4Lsr13	250	999997	exact
4Lr35 3Ir15 2r12 3Ir15 4Tr16	4Lsr13	250	999997	exact
4Lr35 3Ir15 2r12 3Ir15 4Tr27	4Lsr13	250	999997	exact
4Lr35 3Ir15 2r13	3Ir15	3	999997	exact
4Lr35 3Ir15 2r13 3Ir15 11	4Lr13	250	999997	exact
4Lr35 3Ir15 2r13 3Ir15 12	4Lr13	250	999997	exact
4Lr35 3Ir15 2r13 3Ir15 13	4Ss6	250	999997	exact
4Lr35 3Ir15 2r13 3Ir15 14	4Ss6	250	999997	exact
4Lr35 3Ir15 2r13 3Ir15 16	4Lr13	250	999997	exact
4Lr35 3Ir15 2r13 3Ir15 17	4Lr13	250	999997	exact
4Lr35 3Ir15 2r13 3Ir15 18	4Lr13	250	999997	exact
4Lr35 3Ir15 2r13 3Ir15 19	4Lr13	250	999997	exact
4Lr35 3Ir15 2r13 3Ir15 21	4Lr13	250	999997	exact
4Lr35 3Ir15 2r13 3Ir15 27	4Lr13	250	999997	exact
4Lr35 3Ir15 2r13 3Ir15 28	4Lr13	250	999997	exact
4Lr35 3Ir15 2r13 3Ir15 2r11	4Lr13	250	999997	exact
4Lr35 3Ir15 2r13 3Ir15 2r12	4Lr13	250	999997	exact
4Lr35 3Ir15 2r13 3Ir15 2r13	4Ss6	250	999997	exact
4Lr35 3Ir15 2r13 3Ir15 2r14	4Ss6	250	999997	exact
4Lr35 3Ir15 2r13 3Ir15 2r16	4Lr13	250	999997	exact
4Lr35 3Ir15 2r13 3Ir15 2r17	4Lr13	250	999997	exact
4Lr35 3Ir15 2r13 3Ir15 2r18	4Lr13	250	999997	exact
4Lr35 3Ir15 2r13 3Ir15 2r19	4Lr13	250	999997	exact
4Lr35 3Ir15 2r13 3Ir15 3I7	4Lr13	250	999997	exact
4Lr35 3Ir15 2r13 3Ir15 3Ir11	4Lr13	250	999997	exact
4Lr35 3Ir15 2r13 3Ir15 3Ir12	4Lr13	250	999997	exact
4Lr35 3Ir15 2r13 3Ir15 3Ir13	4Ss6	250	999997	exact
4Lr35 3Ir15 2r13 3Ir15 3Ir14	4Ss6	250	999997	exact
4Lr35 3Ir15 2r13 3Ir15 3Ir16	4Lr13	250	999997	exact
4Lr35 3Ir15 2r13 3Ir15 3Ir17	4Lr13	250	999997	exact
4Lr35 3Ir15 2r13 3Ir15 3Ir18	4Lr13	250	999997	exact
4Lr35 3Ir15 2r13 3Ir15 3Ir19	4Lr13	250	999997	exact
4Lr35 3Ir15 2r13 3Ir15 3Lr16	4Lr13	250	999997	exact
4Lr35 3Ir15 2r13 3Ir15 3Lr21	4Ss6	250	999997	exact
4Lr35 3Ir15 2r13 3Ir15 3Lr27	4Lr13	250	999997	exact
4Lr35 3Ir15 2r13 3Ir15 3Lr28	4Lr13	250	999997	exact
4Lr35 3Ir15 2r13 3Ir15 3Lr31	4Lr13	250	999997	exact
4Lr35 3Ir15 2r13 3Ir15 3Lr37	4Lr13	250	999997	exact
4Lr35 3Ir15 2r13 3Ir15 3Lr38	4Lr13	250	999997	exact
4Lr35 3Ir15 2r13 3Ir15 4Lr13	4Ss6	250	999997	exact
4Lr35 3Ir15 2r13 3Ir15 4Lr27	4Lr13	250	999997	exact
4Lr35 3Ir15 2r13 3Ir15 4Lr31	4Ss6	250	999997	exact
4Lr35 3Ir15 2r13 3Ir15 4Lr37	4Lr13	250	999997	exact
4Lr35 3Ir15 2r13 3Ir15 4Lr38	4Lr13	250	999997	exact
4Lr35 3Ir15 2r13 3Ir15 4Lsr11	4Ss6	250	999997	exact
4Lr35 3Ir15 2r13 3Ir15 4Lsr17	4Lr13	250	999997	exact
4Lr35 3Ir15 2r13 3Ir15 4Lsr18	4Lr13	250	999997	exact
4Lr35 3Ir15 2r13 3Ir15 4Lsr27	4Lr13	250	999997	exact
4Lr35 3Ir15 2r13 3Ir15 4Lsr32	4Ss6	250	999997	exact
4Lr35 3Ir15 2r13 3Ir15 4Sr16	4Lr13	250	999997	exact
4Lr35 3Ir15 2r13 3Ir15 4Ss6	4Lr13	250	999997	exact
4Lr35 3Ir15 2r13 3Ir15 4Tr16	4Lr13	250	999997	exact
4Lr35 3Ir15 2r13 3Ir15 4Tr27	4Lr13	250	999997	exact
4Lr35 3Ir15 2r14	3Ir15	3	999997	exact
4Lr35 3Ir15 2r14 3Ir15 11	4Lsr33	250	999997	exact
4Lr35 3Ir15 2r14 3Ir15 12	4Lsr33	250	999997	exact
4Lr35 3Ir15 2r14 3Ir15 13	4Ss6	250	999997	exact
4Lr35 3Ir15 2r14 3Ir15 14	4Ss6	250	999997	exact
4Lr35 3Ir15 2r14 3Ir15 16	4Lsr33	250	999997	exact
4Lr35 3Ir15 2r14 3Ir15 17	4Lsr33	250	999997	exact
4Lr35 3Ir15 2r14 3Ir15 18	4Lsr33	250	999997	exact
4Lr35 3Ir15 2r14 3Ir15 19	4Lsr33	250	999997	exact
4Lr35 3Ir15 2r14 3Ir15 21	4Lsr33	250	999997	exact
4Lr35 3Ir15 2r14 3Ir15 22	4Ss6	250	999997	exact
4Lr35 3Ir15 2r14 3Ir15 27	4Lsr33	250	999997	exact
4Lr35 3Ir15 2r14 3Ir15 28	4Lsr33	250	999997	exact
4Lr35 3Ir15 2r14 3Ir15 2r11	4Lsr33	250	999997	exact
4Lr35 3Ir15 2r14 3Ir15 2r12	4Lsr33	250	999997	exact
4Lr35 3Ir15 2r14 3Ir15 2r13	4Ss6	250	999997	exact
4Lr35 3Ir15 2r14 3Ir15 2r14	4Ss6	250	999997	exact
4Lr35 3Ir15 2r14 3Ir15 2r16	4Lsr33	250	999997	exact
4Lr35 3Ir15 2r14 3Ir15 2r17	4Lsr33	250	999997	exact
4Lr35 3Ir15 2r14 3Ir15 2r18	4Lsr33	250	999997	exact
4Lr35 3Ir15 2r14 3Ir15 2r19	4Lsr33	250	999997	exact
4Lr35 3Ir15 2r14 3Ir15 3I1	4Ss6	250	999997	exact
4Lr35 3Ir15 2r14 3Ir15 3I7	4Lsr33	250	999997	exact
4Lr35 3Ir15 2r14 3Ir15 3Ir11	4Lsr33	250	999997	exact
4Lr35 3Ir15 2r14 3Ir15 3Ir12	4Lsr33	250	999997	exact
4Lr35 3Ir15 2r14 3Ir15 3Ir13	4Ss6	250	999997	exact
4Lr35 3Ir15 2r14 3Ir15 3Ir14	4Ss6	250	999997	exact
4Lr35 3Ir15 2r14 3Ir15 3Ir16	4Lsr33	250	999997	exact
4Lr35 3Ir15 2r14 3Ir15 3Ir17	4Lsr33	250	999997	exact
4Lr35 3Ir15 2r14 3Ir15 3Ir18	4Lsr33	250	999997	exact
4Lr35 3Ir15 2r14 3Ir15 3Ir19	4Lsr33	250	999997	exact
4Lr35 3Ir15 2r14 3Ir15 3Lr16	4Lsr33	250	999997	exact
4Lr35 3Ir15 2r14 3Ir15 3Lr21	4Ss6	250	999997	exact
4Lr35 3Ir15 2r14 3Ir15 3Lr22	4Ss6	250	999997	exact
4Lr35 3Ir15 2r14 3Ir15 3Lr27	4Lsr33	250	999997	exact
4Lr35 3Ir15 2r14 3Ir15 3Lr28	4Lsr33	250	999997	exact
4Lr35 3Ir15 2r14 3Ir15 3Lr31	4Ss6	250	999997	exact
4Lr35 3Ir15 2r14 3Ir15 3Lr32	4Ss6	250	999997	exact
4Lr35 3Ir15 2r14 3Ir15 3Lr37	4Lsr33	250	999997	exact
4Lr35 3Ir15 2r14 3Ir15 3Lr38	4Lsr33	250	999997	exact
4Lr35 3Ir15 2r14 3Ir15 4Lr21	4Ss6	250	999997	exact
4Lr35 3Ir15 2r14 3Ir15 4Lr27	4Lsr33	250	999997	exact
4Lr35 3Ir15 2r14 3Ir15 4Lr31	4Ss6	250	999997	exact
4Lr35 3Ir15 2r14 3Ir15 4Lr32	4Ss6	250	999997	exact
4Lr35 3Ir15 2r14 3Ir15 4Lr37	4Lsr33	250	999997	exact
4Lr35 3Ir15 2r14 3Ir15 4Lr38	4Lsr33	250	999997	exact
4Lr35 3Ir15 2r14 3Ir15 4Lsr11	4Ss6	250	999997	exact
4Lr35 3Ir15 2r14 3Ir15 4Lsr12	4Ss6	250	999997	exact
4Lr35 3Ir15 2r14 3Ir15 4Lsr17	4Lsr33	250	999997	exact
4Lr35 3Ir15 2r14 3Ir15 4Lsr18	4Lsr33	250	999997	exact
4Lr35 3Ir15 2r14 3Ir15 4Lsr21	4Ss6	250	999997	exact
4Lr35 3Ir15 2r14 3Ir15 4Lsr27	4Lsr33	250	999997	exact
4Lr35 3Ir15 2r14 3Ir15 4Lsr33	4Ss6	250	999997	exact
4Lr35 3Ir15 2r14 3Ir15 4Sr16	4Lsr33	250	999997	exact
4Lr35 3Ir15 2r14 3Ir15 4Ss6	4Lsr33	250	999997	exact
4Lr35 3Ir15 2r14 3Ir15 4Tr16	4Lsr33	250	999997	exact
4Lr35 3Ir15 2r14 3Ir15 4Tr21	4Ss6	250	999997	exact
4Lr35 3Ir15 2r14 3Ir15 4Tr27	4Lsr33	250	999997	exact
4Lr35 3Ir15 2r15	4Lsr13	21	6099
4Lr35 3Ir15 2r16	16	21	5906
4Lr35 3Ir15 2r17	3Ir15	19	999984	exact
4Lr35 3Ir15 2r17 3Ir15 2r12	4Lr17	250	999989	exact
4Lr35 3Ir15 2r17 3Ir15 2r18	4Lsr13	250	999997	exact
4Lr35 3Ir15 2r17 3Ir15 3Ir14	4Lr17	250	999985	exact
4Lr35 3Ir15 2r17 3Ir15 3Ir16	4Lr17	250	999985	exact
4Lr35 3Ir15 2r17 3Ir15 4Lr17	4Lsr13	250	999997	exact
4Lr35 3Ir15 2r17 3Ir15 4Lsr18	4Lsr13	250	999997	exact
4Lr35 3Ir15 2r18	3Ir15	3	999997	exact
4Lr35 3Ir15 2r18 3Ir15 11	4Lsr13	250	999997	exact
4Lr35 3Ir15 2r18 3Ir15 12	4Lsr13	250	999997	exact
4Lr35 3Ir15 2r18 3Ir15 13	4Ss6	250	999997	exact
4Lr35 3Ir15 2r18 3Ir15 14	4Ss6	250	999997	exact
4Lr35 3Ir15 2r18 3Ir15 16	4Lsr13	250	999997	exact
4Lr35 3Ir15 2r18 3Ir15 17	4Lsr13	250	999997	exact
4Lr35 3Ir15 2r18 3Ir15 18	4Lsr13	250	999997	exact
4Lr35 3Ir15 2r18 3Ir15 19	4Lsr13	250	999997	exact
4Lr35 3Ir15 2r18 3Ir15 21	4Lsr13	250	999997	exact
4Lr35 3Ir15 2r18 3Ir15 22	4Ss6	250	999997	exact
4Lr35 3Ir15 2r18 3Ir15 23	4Ss6	250	999997	exact
4Lr35 3Ir15 2r18 3Ir15 2r11	4Ss6	250	999997	exact
4Lr35 3Ir15 2r18 3Ir15 2r12	4Ss6	250	999997	exact
4Lr35 3Ir15 2r18 3Ir15 2r13	4Ss6	250	999997	exact
4Lr35 3Ir15 2r18 3Ir15 2r14	4Ss6	250	999997	exact
4Lr35 3Ir15 2r18 3Ir15 2r16	4Lsr13	250	999997	exact
4Lr35 3Ir15 2r18 3Ir15 2r17	4Lsr13	250	999997	exact
4Lr35 3Ir15 2r18 3Ir15 2r18	4Lsr13	250	999997	exact
4Lr35 3Ir15 2r18 3Ir15 2r19	4Lsr13	250	999997	exact
4Lr35 3Ir15 2r18 3Ir15 3I1	4Ss6	250	999997	exact
4Lr35 3Ir15 2r18 3Ir15 3I2	4Ss6	250	999997	exact
4Lr35 3Ir15 2r18 3Ir15 3Ir11	4Ss6	250	999997	exact
4Lr35 3Ir15 2r18 3Ir15 3Ir12	4Ss6	250	999997	exact
4Lr35 3Ir15 2r18 3Ir15 3Ir13	4Ss6	250	999997	exact
4Lr35 3Ir15 2r18 3Ir15 3Ir14	4Ss6	250	999997	exact
4Lr35 3Ir15 2r18 3Ir15 3Ir16	4Lsr13	250	999997	exact
4Lr35 3Ir15 2r18 3Ir15 3Ir17	4Lsr13	250	999997	exact
4Lr35 3Ir15 2r18 3Ir15 3Ir18	4Lsr13	250	999997	exact
4Lr35 3Ir15 2r18 3Ir15 3Ir19	4Lsr13	250	999997	exact
4Lr35 3Ir15 2r18 3Ir15 3Lr16	4Lsr13	250	999997	exact
4Lr35 3Ir15 2r18 3Ir15 3Lr21	4Lsr13	250	999997	exact
4Lr35 3Ir15 2r18 3Ir15 3Lr22	4Ss6	250	999997	exact
4Lr35 3Ir15 2r18 3Ir15 3Lr23	4Ss6	250	999997	exact
4Lr35 3Ir15 2r18 3Ir15 3Lr31	4Lsr13	250	999997	exact
4Lr35 3Ir15 2r18 3Ir15 3Lr32	4Ss6	250	999997	exact
4Lr35 3Ir15 2r18 3Ir15 3Lr33	4Ss6	250	999997	exact
4Lr35 3Ir15 2r18 3Ir15 4Lr18	4Lsr13	250	999997	exact
4Lr35 3Ir15 2r18 3Ir15 4Lr21	4Ss6	250	999997	exact
4Lr35 3Ir15 2r18 3Ir15 4Lr22	4Ss6	250	999997	exact
4Lr35 3Ir15 2r18 3Ir15 4Lr31	4Ss6	250	999997	exact
4Lr35 3Ir15 2r18 3Ir15 4Lr32	4Ss6	250	999997	exact
4Lr35 3Ir15 2r18 3Ir15 4Lr33	4Ss6	250	999997	exact
4Lr35 3Ir15 2r18 3Ir15 4Lsr11	4Ss6	250	999997	exact
4Lr35 3Ir15 2r18 3Ir15 4Lsr12	4Ss6	250	999997	exact
4Lr35 3Ir15 2r18 3Ir15 4Lsr13	4Ss6	250	999997	exact
4Lr35 3Ir15 2r18 3Ir15 4Lsr21	4Ss6	250	999997	exact
4Lr35 3Ir15 2r18 3Ir15 4Lsr22	4Ss6	250	999997	exact
4Lr35 3Ir15 2r18 3Ir15 4Lsr37	4Lsr13	250	999997	exact
4Lr35 3Ir15 2r18 3Ir15 4Ss6	4Lsr13	250	999997	exact
4Lr35 3Ir15 2r18 3Ir15 4Tr16	4Lsr13	250	999997	exact
4Lr35 3Ir15 2r18 3Ir15 4Tr21	4Ss6	250	999997	exact
4Lr35 3Ir15 2r18 3Ir15 4Tr22	4Ss6	250	999997	exact
4Lr35 3Ir15 2r19	3Ir15	3	999997	exact
4Lr35 3Ir15 2r19 3Ir15 11	4Lsr13	250	999997	exact
4Lr35 3Ir15 2r19 3Ir15 12	4Lsr13	250	999997	exact
4Lr35 3Ir15 2r19 3Ir15 13	4Ss6	250	999997	exact
4Lr35 3Ir15 2r19 3Ir15 14	4S3	250	999997	exact
4Lr35 3Ir15 2r19 3Ir15 16	4Lsr13	250	999997	exact
4Lr35 3Ir15 2r19 3Ir15 17	4Lsr13	250	999997	exact
4Lr35 3Ir15 2r19 3Ir15 18	4Lsr13	250	999997	exact
4Lr35 3Ir15 2r19 3Ir15 19	4Lsr13	250	999997	exact
4Lr35 3Ir15 2r19 3Ir15 21	4Ss6	250	999997	exact
4Lr35 3Ir15 2r19 3Ir15 22	4Ss6	250	999997	exact
4Lr35 3Ir15 2r19 3Ir15 23	4Ss6	250	999997	exact
4Lr35 3Ir15 2r19 3Ir15 27	4Lsr13	250	999997	exact
4Lr35 3Ir15 2r19 3Ir15 2r11	4Lsr13	250	999997	exact
4Lr35 3Ir15 2r19 3Ir15 2r12	4Lsr13	250	999997	exact
4Lr35 3Ir15 2r19 3Ir15 2r13	4Ss6	250	999997	exact
4Lr35 3Ir15 2r19 3Ir15 2r14	4Ss6	250	999997	exact
4Lr35 3Ir15 2r19 3Ir15 2r16	4Lsr13	250	999997	exact
4Lr35 3Ir15 2r19 3Ir15 2r17	4Lsr13	250	999997	exact
4Lr35 3Ir15 2r19 3Ir15 2r18	4Lsr13	250	999997	exact
4Lr35 3Ir15 2r19 3Ir15 2r19	4Lsr13	250	999997	exact
4Lr35 3Ir15 2r19 3Ir15 3I1	4Ss6	250	999997	exact
4Lr35 3Ir15 2r19 3Ir15 3I2	4Ss6	250	999997	exact
4Lr35 3Ir15 2r19 3Ir15 3Ir11	4Lsr13	250	999997	exact
4Lr35 3Ir15 2r19 3Ir15 3Ir12	4Lsr13	250	999997	exact
4Lr35 3Ir15 2r19 3Ir15 3Ir13	4Ss6	250	999997	exact
4Lr35 3Ir15 2r19 3Ir15 3Ir14	4Ss6	250	999997	exact
4Lr35 3Ir15 2r19 3Ir15 3Ir16	4Lsr13	250	999997	exact
4Lr35 3Ir15 2r19 3Ir15 3Ir17	4Lsr13	250	999997	exact
4Lr35 3Ir15 2r19 3Ir15 3Ir18	4Lsr13	250	999997	exact
4Lr35 3Ir15 2r19 3Ir15 3Ir19	4Lsr13	250	999997	exact
4Lr35 3Ir15 2r19 3Ir15 3Lr16	4Lsr13	250	999997	exact
4Lr35 3Ir15 2r19 3Ir15 3Lr21	4Lsr13	250	999997	exact
4Lr35 3Ir15 2r19 3Ir15 3Lr22	4Ss6	250	999997	exact
4Lr35 3Ir15 2r19 3Ir15 3Lr23	4Ss6	250	999997	exact
4Lr35 3Ir15 2r19 3Ir15 3Lr27	4Lsr13	250	999997	exact
4Lr35 3Ir15 2r19 3Ir15 3Lr31	4Lsr13	250	999997	exact
4Lr35 3Ir15 2r19 3Ir15 3Lr32	4Tr13	250	999997	exact
4Lr35 3Ir15 2r19 3Ir15 3Lr33	4Ss6	250	999997	exact
4Lr35 3Ir15 2r19 3Ir15 3Lr37	4Lsr13	250	999997	exact
4Lr35 3Ir15 2r19 3Ir15 4Lr21	4Lr13	250	999997	exact
4Lr35 3Ir15 2r19 3Ir15 4Lr22	4Ss6	250	999997	exact
4Lr35 3Ir15 2r19 3Ir15 4Lr31	4Ss6	250	999997	exact
4Lr35 3Ir15 2r19 3Ir15 4Lr32	4Ss6	250	999997	exact
4Lr35 3Ir15 2r19 3Ir15 4Lr33	4Ss6	250	999997	exact
4Lr35 3Ir15 2r19 3Ir15 4Lr37	4Lsr13	250	999997	exact
4Lr35 3Ir15 2r19 3Ir15 4Lsr11	4Lsr13	250	999997	exact
4Lr35 3Ir15 2r19 3Ir15 4Lsr12	4Ss6	250	999997	exact
4Lr35 3Ir15 2r19 3Ir15 4Lsr13	4Ss6	250	999997	exact
4Lr35 3Ir15 2r19 3Ir15 4Lsr17	4Lsr13	250	999997	exact
4Lr35 3Ir15 2r19 3Ir15 4Lsr21	4Ss6	250	999997	exact
4Lr35 3Ir15 2r19 3Ir15 4Lsr22	4Ss6	250	999997	exact
4Lr35 3Ir15 2r19 3Ir15 4Lsr38	4Lsr13	250	999997	exact
4Lr35 3Ir15 2r19 3Ir15 4Sr16	4Lsr13	250	999997	exact
4Lr35 3Ir15 2r19 3Ir15 4Ss6	4Lsr13	250	999997	exact
4Lr35 3Ir15 2r19 3Ir15 4Tr16	4Lsr13	250	999997	exact
4Lr35 3Ir15 2r19 3Ir15 4Tr21	4Ss6	250	999997	exact
4Lr35 3Ir15 2r19 3Ir15 4Tr22	4Ss6	250	999997	exact
4Lr35 3Ir15 3I1	3Ir15	3	999997	exact
4Lr35 3Ir15 3I1 3Ir15 11	4Ss6	250	999997	exact
4Lr35 3Ir15 3I1 3Ir15 12	4Tr13	250	999997	exact
4Lr35 3Ir15 3I1 3Ir15 13	4Ss6	250	999997	exact
4Lr35 3Ir15 3I1 3Ir15 14	4Ss6	250	999997	exact
4Lr35 3Ir15 3I1 3Ir15 16	4Tr13	250	999997	exact
4Lr35 3Ir15 3I1 3Ir15 17	4Tr13	250	999997	exact
4Lr35 3Ir15 3I1 3Ir15 18	4Tr13	250	999997	exact
4Lr35 3Ir15 3I1 3Ir15 19	4Tr13	250	999997	exact
4Lr35 3Ir15 3I1 3Ir15 21	4Tr13	250	999997	exact
4Lr35 3Ir15 3I1 3Ir15 22	4Ss6	250	999997	exact
4Lr35 3Ir15 3I1 3Ir15 27	4Tr13	250	999997	exact
4Lr35 3Ir15 3I1 3Ir15 28	4Tr13	250	999997	exact
4Lr35 3Ir15 3I1 3Ir15 2r11	4Tr13	250	999997	exact
4Lr35 3Ir15 3I1 3Ir15 2r12	4Tr13	250	999997	exact
4Lr35 3Ir15 3I1 3Ir15 2r13	4Ss6	250	999997	exact
4Lr35 3Ir15 3I1 3Ir15 2r14	4Ss6	250	999997	exact
4Lr35 3Ir15 3I1 3Ir15 2r16	4Tr13	250	999997	exact
4Lr35 3Ir15 3I1 3Ir15 2r17	4Tr13	250	999997	exact
4Lr35 3Ir15 3I1 3Ir15 2r18	4Tr13	250	999997	exact
4Lr35 3Ir15 3I1 3Ir15 2r19	4Tr13	250	999997	exact
4Lr35 3Ir15 3I1 3Ir15 3I1	4Ss6	250	999997	exact
4Lr35 3Ir15 3I1 3Ir15 3I7	4Tr13	250	999997	exact
4Lr35 3Ir15 3I1 3Ir15 3Ir11	4Tr13	250	999997	exact
4Lr35 3Ir15 3I1 3Ir15 3Ir12	4Tr13	250	999997	exact
4Lr35 3Ir15 3I1 3Ir15 3Ir13	4Ss6	250	999997	exact
4Lr35 3Ir15 3I1 3Ir15 3Ir14	4Ss6	250	999997	exact
4Lr35 3Ir15 3I1 3Ir15 3Ir16	4Tr13	250	999997	exact
4Lr35 3Ir15 3I1 3Ir15 3Ir17	4Tr13	250	999997	exact
4Lr35 3Ir15 3I1 3Ir15 3Ir18	4Tr13	250	999997	exact
4Lr35 3Ir15 3I1 3Ir15 3Ir19	4Tr13	250	999997	exact
4Lr35 3Ir15 3I1 3Ir15 3Lr13	4Ss6	250	999997	exact
4Lr35 3Ir15 3I1 3Ir15 3Lr16	4Tr13	250	999997	exact
4Lr35 3Ir15 3I1 3Ir15 3Lr21	4Ss6	250	999997	exact
4Lr35 3Ir15 3I1 3Ir15 3Lr22	4Ss6	250	999997	exact
4Lr35 3Ir15 3I1 3Ir15 3Lr27	4Tr13	250	999997	exact
4Lr35 3Ir15 3I1 3Ir15 3Lr28	4Tr13	250	999997	exact
4Lr35 3Ir15 3I1 3Ir15 3Lr31	4Ss6	250	999997	exact
4Lr35 3Ir15 3I1 3Ir15 3Lr32	4Ss6	250	999997	exact
4Lr35 3Ir15 3I1 3Ir15 3Lr37	4Tr13	250	999997	exact
4Lr35 3Ir15 3I1 3Ir15 3Lr38	4Tr13	250	999997	exact
4Lr35 3Ir15 3I1 3Ir15 4Lr21	4Ss6	250	999997	exact
4Lr35 3Ir15 3I1 3Ir15 4Lr27	4Tr13	250	999997	exact
4Lr35 3Ir15 3I1 3Ir15 4Lr31	4Tr13	250	999997	exact
4Lr35 3Ir15 3I1 3Ir15 4Lr32	4Ss6	250	999997	exact
4Lr35 3Ir15 3I1 3Ir15 4Lr37	4Tr13	250	999997	exact
4Lr35 3Ir15 3I1 3Ir15 4Lr38	4Tr13	250	999997	exact
4Lr35 3Ir15 3I1 3Ir15 4Ls2	4Ss6	250	999997	exact
4Lr35 3Ir15 3I1 3Ir15 4Lsr11	4Ss6	250	999997	exact
4Lr35 3Ir15 3I1 3Ir15 4Lsr12	4Ss6	250	999997	exact
4Lr35 3Ir15 3I1 3Ir15 4Lsr17	4Tr13	250	999997	exact
4Lr35 3Ir15 3I1 3Ir15 4Lsr18	4Tr13	250	999997	exact
4Lr35 3Ir15 3I1 3Ir15 4Lsr21	4Ss6	250	999997	exact
4Lr35 3Ir15 3I1 3Ir15 4Lsr27	4Tr13	250	999997	exact
4Lr35 3Ir15 3I1 3Ir15 4Sr16	4Tr13	250	999997	exact
4Lr35 3Ir15 3I1 3Ir15 4Ss3	4Ss6	250	999997	exact
4Lr35 3Ir15 3I1 3Ir15 4Ss6	4Tr13	250	999997	exact
4Lr35 3Ir15 3I1 3Ir15 4Tr13	4Ss6	250	999997	exact
4Lr35 3Ir15 3I1 3Ir15 4Tr16	4Tr13	250	999997	exact
4Lr35 3Ir15 3I1 3Ir15 4Tr21	4Ss6	250	999997	exact
4Lr35 3Ir15 3I1 3Ir15 4Tr27	4Tr13	250	999997	exact
4Lr35 3Ir15 3I2	4Tr31	18	999987	exact
4Lr35 3Ir15 3I2 4Tr31 27	4Lsr13	250	999987	exact
4Lr35 3Ir15 3I7	4Lsr13	21	999985	exact
4Lr35 3Ir15 3Ir11	3Ir15	3	999997	exact
4Lr35 3Ir15 3Ir11 3Ir15 11	4Lsr13	250	999997	exact
4Lr35 3Ir15 3Ir11 3Ir15 12	4Lsr13	250	999997	exact
4Lr35 3Ir15 3Ir11 3Ir15 13	4Ss6	250	999997	exact
4Lr35 3Ir15 3Ir11 3Ir15 14	4Ss6	250	999997	exact
4Lr35 3Ir15 3Ir11 3Ir15 16	4Lsr13	250	999997	exact
4Lr35 3Ir15 3Ir11 3Ir15 17	4Lsr13	250	999997	exact
4Lr35 3Ir15 3Ir11 3Ir15 18	4Lsr13	250	999997	exact
4Lr35 3Ir15 3Ir11 3Ir15 19	4Lsr13	250	999997	exact
4Lr35 3Ir15 3Ir11 3Ir15 22	4Ss6	250	999997	exact
4Lr35 3Ir15 3Ir11 3Ir15 23	4Ss6	250	999997	exact
4Lr35 3Ir15 3Ir11 3Ir15 27	4Lsr13	250	999997	exact
4Lr35 3Ir15 3Ir11 3Ir15 28	4Ss6	250	999997	exact
4Lr35 3Ir15 3Ir11 3Ir15 2r11	4Ss6	250	999997	exact
4Lr35 3Ir15 3Ir11 3Ir15 2r12	4Ss6	250	999997	exact
4Lr35 3Ir15 3Ir11 3Ir15 2r13	4Ss6	250	999997	exact
4Lr35 3Ir15 3Ir11 3Ir15 2r14	4Ss6	250	999997	exact
4Lr35 3Ir15 3Ir11 3Ir15 2r16	4Lsr13	250	999997	exact
4Lr35 3Ir15 3Ir11 3Ir15 2r17	4Lsr13	250	999997	exact
4Lr35 3Ir15 3Ir11 3Ir15 2r18	4Lsr13	250	999997	exact
4Lr35 3Ir15 3Ir11 3Ir15 2r19	4Lsr13	250	999997	exact
4Lr35 3Ir15 3Ir11 3Ir15 3I2	4Ss6	250	999997	exact
4Lr35 3Ir15 3Ir11 3Ir15 3I7	4Lsr13	250	999997	exact
4Lr35 3Ir15 3Ir11 3Ir15 3Ir11	4Ss6	250	999997	exact
4Lr35 3Ir15 3Ir11 3Ir15 3Ir12	4Ss6	250	999997	exact
4Lr35 3Ir15 3Ir11 3Ir15 3Ir13	4Ss6	250	999997	exact
4Lr35 3Ir15 3Ir11 3Ir15 3Ir14	4Ss6	250	999997	exact
4Lr35 3Ir15 3Ir11 3Ir15 3Ir16	4Lsr13	250	999997	exact
4Lr35 3Ir15 3Ir11 3Ir15 3Ir17	4Lsr13	250	999997	exact
4Lr35 3Ir15 3Ir11 3Ir15 3Ir18	4Lsr13	250	999997	exact
4Lr35 3Ir15 3Ir11 3Ir15 3Ir19	4Lsr13	250	999997	exact
4Lr35 3Ir15 3Ir11 3Ir15 3Lr16	4Lsr13	250	999997	exact
4Lr35 3Ir15 3Ir11 3Ir15 3Lr22	4Ss6	250	999997	exact
4Lr35 3Ir15 3Ir11 3Ir15 3Lr23	4Ss6	250	999997	exact
4Lr35 3Ir15 3Ir11 3Ir15 3Lr27	4Lsr13	250	999997	exact
4Lr35 3Ir15 3Ir11 3Ir15 3Lr28	4Ss6	250	999997	exact
4Lr35 3Ir15 3Ir11 3Ir15 3Lr32	4Ss6	250	999997	exact
4Lr35 3Ir15 3Ir11 3Ir15 3Lr33	4Ss6	250	999997	exact
4Lr35 3Ir15 3Ir11 3Ir15 3Lr37	4Lsr13	250	999997	exact
4Lr35 3Ir15 3Ir11 3Ir15 3Lr38	4Ss6	250	999997	exact
4Lr35 3Ir15 3Ir11 3Ir15 4Lr22	4Ss6	250	999997	exact
4Lr35 3Ir15 3Ir11 3Ir15 4Lr27	4Lsr13	250	999997	exact
4Lr35 3Ir15 3Ir11 3Ir15 4Lr32	4Ss6	250	999997	exact
4Lr35 3Ir15 3Ir11 3Ir15 4Lr33	4Ss6	250	999997	exact
4Lr35 3Ir15 3Ir11 3Ir15 4Lr37	4Lsr13	250	999997	exact
4Lr35 3Ir15 3Ir11 3Ir15 4Lr38	4Ss6	250	999997	exact
4Lr35 3Ir15 3Ir11 3Ir15 4Lsr12	4Ss6	250	999997	exact
4Lr35 3Ir15 3Ir11 3Ir15 4Lsr13	4Ss6	250	999997	exact
4Lr35 3Ir15 3Ir11 3Ir15 4Lsr17	4Lsr13	250	999997	exact
4Lr35 3Ir15 3Ir11 3Ir15 4Lsr18	4Ss6	250	999997	exact
4Lr35 3Ir15 3Ir11 3Ir15 4Lsr22	4Ss6	250	999997	exact
4Lr35 3Ir15 3Ir11 3Ir15 4Lsr27	4Lsr13	250	999997	exact
4Lr35 3Ir15 3Ir11 3Ir15 4Sr16	4Lsr13	250	999997	exact
4Lr35 3Ir15 3Ir11 3Ir15 4Ss6	4Lsr13	250	999997	exact
4Lr35 3Ir15 3Ir11 3Ir15 4Tr16	4Lsr13	250	999997	exact
4Lr35 3Ir15 3Ir11 3Ir15 4Tr22	4Ss6	250	999997	exact
4Lr35 3Ir15 3Ir11 3Ir15 4Tr27	4Lsr13	250	999997	exact
4Lr35 3Ir15 3Ir12	3Ir15	3	999997	exact
4Lr35 3Ir15 3Ir12 3Ir15 11	4Lsr13	250	999997	exact
4Lr35 3Ir15 3Ir12 3Ir15 12	4Lsr13	250	999997	exact
4Lr35 3Ir15 3Ir12 3Ir15 13	4Ss6	250	999997	exact
4Lr35 3Ir15 3Ir12 3Ir15 14	4Ss6	250	999997	exact
4Lr35 3Ir15 3Ir12 3Ir15 16	4Lsr13	250	999997	exact
4Lr35 3Ir15 3Ir12 3Ir15 17	4Lsr13	250	999997	exact
4Lr35 3Ir15 3Ir12 3Ir15 18	4Ss6	250	999997	exact
4Lr35 3Ir15 3Ir12 3Ir15 19	4Lsr13	250	999997	exact
4Lr35 3Ir15 3Ir12 3Ir15 23	4Ss6	250	999997	exact
4Lr35 3Ir15 3Ir12 3Ir15 27	4Lsr13	250	999997	exact
4Lr35 3Ir15 3Ir12 3Ir15 28	4Lsr13	250	999997	exact
4Lr35 3Ir15 3Ir12 3Ir15 2r11	4Lsr13	250	999997	exact
4Lr35 3Ir15 3Ir12 3Ir15 2r12	4Lsr13	250	999997	exact
4Lr35 3Ir15 3Ir12 3Ir15 2r13	4Ss6	250	999997	exact
4Lr35 3Ir15 3Ir12 3Ir15 2r14	4Ss6	250	999997	exact
4Lr35 3Ir15 3Ir12 3Ir15 2r16	4Lsr13	250	999997	exact
4Lr35 3Ir15 3Ir12 3Ir15 2r17	4Lsr13	250	999997	exact
4Lr35 3Ir15 3Ir12 3Ir15 2r18	4Lsr13	250	999997	exact
4Lr35 3Ir15 3Ir12 3Ir15 2r19	4Lsr13	250	999997	exact
4Lr35 3Ir15 3Ir12 3Ir15 3I7	4Lsr13	250	999997	exact
4Lr35 3Ir15 3Ir12 3Ir15 3Ir11	4Lsr13	250	999997	exact
4Lr35 3Ir15 3Ir12 3Ir15 3Ir12	4Lsr13	250	999997	exact
4Lr35 3Ir15 3Ir12 3Ir15 3Ir13	4Ss6	250	999997	exact
4Lr35 3Ir15 3Ir12 3Ir15 3Ir14	4Ss6	250	999997	exact
4Lr35 3Ir15 3Ir12 3Ir15 3Ir16	4Lsr13	250	999997	exact
4Lr35 3Ir15 3Ir12 3Ir15 3Ir17	4Lsr13	250	999997	exact
4Lr35 3Ir15 3Ir12 3Ir15 3Ir18	4Lsr13	250	999997	exact
4Lr35 3Ir15 3Ir12 3Ir15 3Ir19	4Lsr13	250	999997	exact
4Lr35 3Ir15 3Ir12 3Ir15 3Lr16	4Lsr13	250	999997	exact
4Lr35 3Ir15 3Ir12 3Ir15 3Lr23	4Ss6	250	999997	exact
4Lr35 3Ir15 3Ir12 3Ir15 3Lr27	4Lsr13	250	999997	exact
4Lr35 3Ir15 3Ir12 3Ir15 3Lr28	4Ss6	250	999997	exact
4Lr35 3Ir15 3Ir12 3Ir15 3Lr33	4Ss6	250	999997	exact
4Lr35 3Ir15 3Ir12 3Ir15 3Lr37	4Lsr13	250	999997	exact
4Lr35 3Ir15 3Ir12 3Ir15 3Lr38	4Ss6	250	999997	exact
4Lr35 3Ir15 3Ir12 3Ir15 4Lr27	4Lsr13	250	999997	exact
4Lr35 3Ir15 3Ir12 3Ir15 4Lr33	4Ss6	250	999997	exact
4Lr35 3Ir15 3Ir12 3Ir15 4Lr37	4Lsr13	250	999997	exact
4Lr35 3Ir15 3Ir12 3Ir15 4Lr38	4Ss6	250	999997	exact
4Lr35 3Ir15 3Ir12 3Ir15 4Lsr13	4Ss6	250	999997	exact
4Lr35 3Ir15 3Ir12 3Ir15 4Lsr17	4Lsr13	250	999997	exact
4Lr35 3Ir15 3Ir12 3Ir15 4Lsr18	4Ss6	250	999997	exact
4Lr35 3Ir15 3Ir12 3Ir15 4Lsr27	4Lsr13	250	999997	exact
4Lr35 3Ir15 3Ir12 3Ir15 4Sr16	4Lsr13	250	999997	exact
4Lr35 3Ir15 3Ir12 3Ir15 4Ss6	4Lsr13	250	999997	exact
4Lr35 3Ir15 3Ir12 3Ir15 4Tr16	4Lsr13	250	999997	exact
4Lr35 3Ir15 3Ir12 3Ir15 4Tr27	4Lsr13	250	999997	exact
4Lr35 3Ir15 3Ir13	4Ss6	18	999983	exact
4Lr35 3Ir15 3Ir13 4Ss6 11	3Ir15	250	999997	exact
4Lr35 3Ir15 3Ir13 4Ss6 12	3Ir15	250	999997	exact
4Lr35 3Ir15 3Ir13 4Ss6 13	3Ir15	250	999997	exact
4Lr35 3Ir15 3Ir13 4Ss6 14	3Ir15	250	999997	exact
4Lr35 3Ir15 3Ir13 4Ss6 15	4Tr16	250	999983	exact
4Lr35 3Ir15 3Ir13 4Ss6 16	3Ir15	250	999997	exact
4Lr35 3Ir15 3Ir13 4Ss6 17	3Ir15	250	999997	exact
4Lr35 3Ir15 3Ir13 4Ss6 18	3Ir15	250	999997	exact
4Lr35 3Ir15 3Ir13 4Ss6 19	3Ir15	250	999997	exact
4Lr35 3Ir15 3Ir13 4Ss6 21	3Ir15	250	999997	exact
4Lr35 3Ir15 3Ir13 4Ss6 28	3Ir15	250	999997	exact
4Lr35 3Ir15 3Ir13 4Ss6 2r11	3Ir15	250	999997	exact
4Lr35 3Ir15 3Ir13 4Ss6 2r12	3Ir15	250	999997	exact
4Lr35 3Ir15 3Ir13 4Ss6 2r13	3Ir15	250	999997	exact
4Lr35 3Ir15 3Ir13 4Ss6 2r14	3Ir15	250	999997	exact
4Lr35 3Ir15 3Ir13 4Ss6 2r15	4Tr16	250	999983	exact
4Lr35 3Ir15 3Ir13 4Ss6 2r16	3Ir15	250	999997	exact
4Lr35 3Ir15 3Ir13 4Ss6 2r17	3Ir15	250	999997	exact
4Lr35 3Ir15 3Ir13 4Ss6 2r18	3Ir15	250	999997	exact
4Lr35 3Ir15 3Ir13 4Ss6 2r19	3Ir15	250	999997	exact
4Lr35 3Ir15 3Ir13 4Ss6 3Ir11	3Ir15	250	999997	exact
4Lr35 3Ir15 3Ir13 4Ss6 3Ir12	3Ir15	250	999997	exact
4Lr35 3Ir15 3Ir13 4Ss6 3Ir13	3Ir15	250	999997	exact
4Lr35 3Ir15 3Ir13 4Ss6 3Ir14	3Ir15	250	999997	exact
4Lr35 3Ir15 3Ir13 4Ss6 3Ir15	4Tr16	250	999983	exact
4Lr35 3Ir15 3Ir13 4Ss6 3Ir16	3Ir15	250	999997	exact
4Lr35 3Ir15 3Ir13 4Ss6 3Ir17	3Ir15	250	999997	exact
4Lr35 3Ir15 3Ir13 4Ss6 3Ir18	3Ir15	250	999997	exact
4Lr35 3Ir15 3Ir13 4Ss6 3Ir19	3Ir15	250	999997	exact
4Lr35 3Ir15 3Ir13 4Ss6 3Lr16	3Ir15	250	999997	exact
4Lr35 3Ir15 3Ir13 4Ss6 3Lr21	3Ir15	250	999997	exact
4Lr35 3Ir15 3Ir13 4Ss6 3Lr28	3Ir15	250	999997	exact
4Lr35 3Ir15 3Ir13 4Ss6 3Lr31	3Ir15	250	999997	exact
4Lr35 3Ir15 3Ir13 4Ss6 3Lr38	3Ir15	250	999997	exact
4Lr35 3Ir15 3Ir13 4Ss6 4Lr17	3Ir15	250	999997	exact
4Lr35 3Ir15 3Ir13 4Ss6 4Lr31	3Ir15	250	999997	exact
4Lr35 3Ir15 3Ir13 4Ss6 4Lr38	3Ir15	250	999997	exact
4Lr35 3Ir15 3Ir13 4Ss6 4Lsr11	3Ir15	250	999997	exact
4Lr35 3Ir15 3Ir13 4Ss6 4Lsr18	3Ir15	250	999997	exact
4Lr35 3Ir15 3Ir13 4Ss6 4Ss6	3Ir15	250	999997	exact
4Lr35 3Ir15 3Ir13 4Ss6 4Tr16	3Ir15	250	999997	exact
4Lr35 3Ir15 3Ir14	4Ss6	18	999986	exact
4Lr35 3Ir15 3Ir14 4Ss6 11	3Ir15	250	999997	exact
4Lr35 3Ir15 3Ir14 4Ss6 13	3Ir15	250	999997	exact
4Lr35 3Ir15 3Ir14 4Ss6 15	3Lr16	250	999986	exact
4Lr35 3Ir15 3Ir14 4Ss6 16	3Ir15	250	999997	exact
4Lr35 3Ir15 3Ir14 4Ss6 17	3Ir15	250	999997	exact
4Lr35 3Ir15 3Ir14 4Ss6 18	3Ir15	250	999997	exact
4Lr35 3Ir15 3Ir14 4Ss6 19	3Ir15	250	999997	exact
4Lr35 3Ir15 3Ir14 4Ss6 28	3Ir15	250	999997	exact
4Lr35 3Ir15 3Ir14 4Ss6 2r14	3Ir15	250	999997	exact
4Lr35 3Ir15 3Ir14 4Ss6 2r16	3Ir15	250	999997	exact
4Lr35 3Ir15 3Ir14 4Ss6 2r18	3Ir15	250	999997	exact
4Lr35 3Ir15 3Ir14 4Ss6 3I1	3Ir15	250	999997	exact
4Lr35 3Ir15 3Ir14 4Ss6 3Ir13	3Ir15	250	999997	exact
4Lr35 3Ir15 3Ir14 4Ss6 3Ir15	4Tr16	250	999986	exact
4Lr35 3Ir15 3Ir14 4Ss6 3Ir16	3Ir15	250	999997	exact
4Lr35 3Ir15 3Ir14 4Ss6 3Ir17	3Ir15	250	999997	exact
4Lr35 3Ir15 3Ir14 4Ss6 3Ir18	3Ir15	250	999997	exact
4Lr35 3Ir15 3Ir14 4Ss6 3Ir19	3Ir15	250	999997	exact
4Lr35 3Ir15 3Ir14 4Ss6 3Lr21	3Ir15	250	999997	exact
4Lr35 3Ir15 3Ir14 4Ss6 3Lr22	3Ir15	250	999997	exact
4Lr35 3Ir15 3Ir14 4Ss6 3Lr28	3Ir15	250	999997	exact
4Lr35 3Ir15 3Ir14 4Ss6 3Lr31	3Ir15	250	999997	exact
4Lr35 3Ir15 3Ir14 4Ss6 3Lr38	3Ir15	250	999997	exact
4Lr35 3Ir15 3Ir14 4Ss6 4Lr21	3Ir15	250	999997	exact
4Lr35 3Ir15 3Ir14 4Ss6 4Lr31	3Ir15	250	999997	exact
4Lr35 3Ir15 3Ir14 4Ss6 4Lr38	3Ir15	250	999997	exact
4Lr35 3Ir15 3Ir14 4Ss6 4Lsr11	3Ir15	250	999997	exact
4Lr35 3Ir15 3Ir14 4Ss6 4Ss6	3Ir15	250	999997	exact
4Lr35 3Ir15 3Ir14 4Ss6 4Tr16	3Ir15	250	999997	exact
4Lr35 3Ir15 3Ir15	4Lr37	22	0
4Lr35 3Ir15 3Ir16	4Lsr13	21	-4716
4Lr35 3Ir15 3Ir17	4Lsr36	21	999983	exact
4Lr35 3Ir15 3Ir18	3Ir15	3	999997	exact
4Lr35 3Ir15 3Ir18 3Ir15 11	4Lsr13	250	999997	exact
4Lr35 3Ir15 3Ir18 3Ir15 12	4Lsr13	250	999997	exact
4Lr35 3Ir15 3Ir18 3Ir15 13	4Ss6	250	999997	exact
4Lr35 3Ir15 3Ir18 3Ir15 14	4S3	250	999997	exact
4Lr35 3Ir15 3Ir18 3Ir15 16	4Lsr13	250	999997	exact
4Lr35 3Ir15 3Ir18 3Ir15 17	4Lsr13	250	999997	exact
4Lr35 3Ir15 3Ir18 3Ir15 18	4Lsr13	250	999997	exact
4Lr35 3Ir15 3Ir18 3Ir15 19	4Lsr13	250	999997	exact
4Lr35 3Ir15 3Ir18 3Ir15 21	4Ss6	250	999997	exact
4Lr35 3Ir15 3Ir18 3Ir15 22	4Ss6	250	999997	exact
4Lr35 3Ir15 3Ir18 3Ir15 23	4Ss6	250	999997	exact
4Lr35 3Ir15 3Ir18 3Ir15 2r11	4Ss6	250	999997	exact
4Lr35 3Ir15 3Ir18 3Ir15 2r12	4Ss6	250	999997	exact
4Lr35 3Ir15 3Ir18 3Ir15 2r13	4Ss6	250	999997	exact
4Lr35 3Ir15 3Ir18 3Ir15 2r14	4Ss6	250	999997	exact
4Lr35 3Ir15 3Ir18 3Ir15 2r16	4Lsr13	250	999997	exact
4Lr35 3Ir15 3Ir18 3Ir15 2r17	4Lsr13	250	999997	exact
4Lr35 3Ir15 3Ir18 3Ir15 2r18	4Lsr13	250	999997	exact
4Lr35 3Ir15 3Ir18 3Ir15 2r19	4Lsr13	250	999997	exact
4Lr35 3Ir15 3Ir18 3Ir15 3I1	4Ss6	250	999997	exact
4Lr35 3Ir15 3Ir18 3Ir15 3I2	4Ss6	250	999997	exact
4Lr35 3Ir15 3Ir18 3Ir15 3Ir11	4Ss6	250	999997	exact
4Lr35 3Ir15 3Ir18 3Ir15 3Ir12	4Ss6	250	999997	exact
4Lr35 3Ir15 3Ir18 3Ir15 3Ir13	4Ss6	250	999997	exact
4Lr35 3Ir15 3Ir18 3Ir15 3Ir14	4Ss6	250	999997	exact
4Lr35 3Ir15 3Ir18 3Ir15 3Ir16	4Lsr13	250	999997	exact
4Lr35 3Ir15 3Ir18 3Ir15 3Ir17	4Lsr13	250	999997	exact
4Lr35 3Ir15 3Ir18 3Ir15 3Ir18	4Lsr13	250	999997	exact
4Lr35 3Ir15 3Ir18 3Ir15 3Ir19	4Lsr13	250	999997	exact
4Lr35 3Ir15 3Ir18 3Ir15 3Lr16	4Lsr13	250	999997	exact
4Lr35 3Ir15 3Ir18 3Ir15 3Lr21	4Lsr13	250	999997	exact
4Lr35 3Ir15 3Ir18 3Ir15 3Lr22	4Ss6	250	999997	exact
4Lr35 3Ir15 3Ir18 3Ir15 3Lr23	4Ss6	250	999997	exact
4Lr35 3Ir15 3Ir18 3Ir15 3Lr31	4Ss6	250	999997	exact
4Lr35 3Ir15 3Ir18 3Ir15 3Lr32	4Ss6	250	999997	exact
4Lr35 3Ir15 3Ir18 3Ir15 3Lr33	4Ss6	250	999997	exact
4Lr35 3Ir15 3Ir18 3Ir15 4Lr21	4Ss6	250	999997	exact
4Lr35 3Ir15 3Ir18 3Ir15 4Lr22	4Ss6	250	999997	exact
4Lr35 3Ir15 3Ir18 3Ir15 4Lr31	4Ss6	250	999997	exact
4Lr35 3Ir15 3Ir18 3Ir15 4Lr32	4Ss6	250	999997	exact
4Lr35 3Ir15 3Ir18 3Ir15 4Lr33	4Ss6	250	999997	exact
4Lr35 3Ir15 3Ir18 3Ir15 4Lsr11	4Ss6	250	999997	exact
4Lr35 3Ir15 3Ir18 3Ir15 4Lsr12	4Ss6	250	999997	exact
4Lr35 3Ir15 3Ir18 3Ir15 4Lsr13	4Ss6	250	999997	exact
4Lr35 3Ir15 3Ir18 3Ir15 4Lsr21	4Ss6	250	999997	exact
4Lr35 3Ir15 3Ir18 3Ir15 4Lsr22	4Ss6	250	999997	exact
4Lr35 3Ir15 3Ir18 3Ir15 4Ss6	4Lsr13	250	999997	exact
4Lr35 3Ir15 3Ir18 3Ir15 4Tr16	4Lsr13	250	999997	exact
4Lr35 3Ir15 3Ir18 3Ir15 4Tr21	4Ss6	250	999997	exact
4Lr35 3Ir15 3Ir18 3Ir15 4Tr22	4Ss6	250	999997	exact
4Lr35 3Ir15 3Ir19	3Ir15	3	999997	exact
4Lr35 3Ir15 3Ir19 3Ir15 11	4Ss6	250	999997	exact
4Lr35 3Ir15 3Ir19 3Ir15 12	4Lsr13	250	999997	exact
4Lr35 3Ir15 3Ir19 3Ir15 13	4Ss6	250	999997	exact
4Lr35 3Ir15 3Ir19 3Ir15 14	4S3	250	999997	exact
4Lr35 3Ir15 3Ir19 3Ir15 16	4Lsr13	250	999997	exact
4Lr35 3Ir15 3Ir19 3Ir15 17	4Lsr13	250	999997	exact
4Lr35 3Ir15 3Ir19 3Ir15 18	4Lsr13	250	999997	exact
4Lr35 3Ir15 3Ir19 3Ir15 19	4Lsr13	250	999997	exact
4Lr35 3Ir15 3Ir19 3Ir15 21	4Ss6	250	999997	exact
4Lr35 3Ir15 3Ir19 3Ir15 22	4Ss6	250	999997	exact
4Lr35 3Ir15 3Ir19 3Ir15 23	4Ss6	250	999997	exact
4Lr35 3Ir15 3Ir19 3Ir15 27	4Lsr13	250	999997	exact
4Lr35 3Ir15 3Ir19 3Ir15 2r11	4Lsr13	250	999997	exact
4Lr35 3Ir15 3Ir19 3Ir15 2r12	4Ss6	250	999997	exact
4Lr35 3Ir15 3Ir19 3Ir15 2r13	4Ss6	250	999997	exact
4Lr35 3Ir15 3Ir19 3Ir15 2r14	4Ss6	250	999997	exact
4Lr35 3Ir15 3Ir19 3Ir15 2r16	4Lsr13	250	999997	exact
4Lr35 3Ir15 3Ir19 3Ir15 2r17	4Lsr13	250	999997	exact
4Lr35 3Ir15 3Ir19 3Ir15 2r18	4Lsr13	250	999997	exact
4Lr35 3Ir15 3Ir19 3Ir15 2r19	4Lsr13	250	999997	exact
4Lr35 3Ir15 3Ir19 3Ir15 3I1	4Ss6	250	999997	exact
4Lr35 3Ir15 3Ir19 3Ir15 3I2	4Ss6	250	999997	exact
4Lr35 3Ir15 3Ir19 3Ir15 3Ir11	4Ss6	250	999997	exact
4Lr35 3Ir15 3Ir19 3Ir15 3Ir12	4Ss6	250	999997	exact
4Lr35 3Ir15 3Ir19 3Ir15 3Ir13	4Ss6	250	999997	exact
4Lr35 3Ir15 3Ir19 3Ir15 3Ir14	4Ss6	250	999997	exact
4Lr35 3Ir15 3Ir19 3Ir15 3Ir16	4Lsr13	250	999997	exact
4Lr35 3Ir15 3Ir19 3Ir15 3Ir17	4Lsr13	250	999997	exact
4Lr35 3Ir15 3Ir19 3Ir15 3Ir18	4Lsr13	250	999997	exact
4Lr35 3Ir15 3Ir19 3Ir15 3Ir19	4Lsr13	250	999997	exact
4Lr35 3Ir15 3Ir19 3Ir15 3Lr16	4Lsr13	250	999997	exact
4Lr35 3Ir15 3Ir19 3Ir15 3Lr21	4Lsr13	250	999997	exact
4Lr35 3Ir15 3Ir19 3Ir15 3Lr22	4Ss6	250	999997	exact
4Lr35 3Ir15 3Ir19 3Ir15 3Lr23	4Ss6	250	999997	exact
4Lr35 3Ir15 3Ir19 3Ir15 3Lr27	4Lsr13	250	999997	exact
4Lr35 3Ir15 3Ir19 3Ir15 3Lr31	4Ss6	250	999997	exact
4Lr35 3Ir15 3Ir19 3Ir15 3Lr32	4Ss6	250	999997	exact
4Lr35 3Ir15 3Ir19 3Ir15 3Lr33	4Ss6	250	999997	exact
4Lr35 3Ir15 3Ir19 3Ir15 3Lr37	4Lsr13	250	999997	exact
4Lr35 3Ir15 3Ir19 3Ir15 4Lr21	4Ss6	250	999997	exact
4Lr35 3Ir15 3Ir19 3Ir15 4Lr22	4Ss6	250	999997	exact
4Lr35 3Ir15 3Ir19 3Ir15 4Lr31	4Ss6	250	999997	exact
4Lr35 3Ir15 3Ir19 3Ir15 4Lr32	4Ss6	250	999997	exact
4Lr35 3Ir15 3Ir19 3Ir15 4Lr33	4Ss6	250	999997	exact
4Lr35 3Ir15 3Ir19 3Ir15 4Lr37	4Lsr13	250	999997	exact
4Lr35 3Ir15 3Ir19 3Ir15 4Lsr11	4Ss6	250	999997	exact
4Lr35 3Ir15 3Ir19 3Ir15 4Lsr12	4Ss6	250	999997	exact
4Lr35 3Ir15 3Ir19 3Ir15 4Lsr13	4Ss6	250	999997	exact
4Lr35 3Ir15 3Ir19 3Ir15 4Lsr17	4Lsr13	250	999997	exact
4Lr35 3Ir15 3Ir19 3Ir15 4Lsr21	4Ss6	250	999997	exact
4Lr35 3Ir15 3Ir19 3Ir15 4Lsr22	4Ss6	250	999997	exact
4Lr35 3Ir15 3Ir19 3Ir15 4Sr16	4Lsr13	250	999997	exact
4Lr35 3Ir15 3Ir19 3Ir15 4Ss6	4Lsr13	250	999997	exact
4Lr35 3Ir15 3Ir19 3Ir15 4Tr16	4Lsr13	250	999997	exact
4Lr35 3Ir15 3Ir19 3Ir15 4Tr21	4Ss6	250	999997	exact
4Lr35 3Ir15 3Ir19 3Ir15 4Tr22	4Ss6	250	999997	exact
4Lr35 3Ir15 3Lr16	4Lsr13	21	999981	exact
4Lr35 3Ir15 3Lr21	3Ir15	3	999997	exact
4Lr35 3Ir15 3Lr21 3Ir15 11	4Ss6	250	999997	exact
4Lr35 3Ir15 3Lr21 3Ir15 12	4Lsr13	250	999997	exact
4Lr35 3Ir15 3Lr21 3Ir15 13	4Tr13	250	999997	exact
4Lr35 3Ir15 3Lr21 3Ir15 14	4Ss6	250	999997	exact
4Lr35 3Ir15 3Lr21 3Ir15 16	4Lsr13	250	999997	exact
4Lr35 3Ir15 3Lr21 3Ir15 17	4Lsr13	250	999997	exact
4Lr35 3Ir15 3Lr21 3Ir15 18	4Lsr13	250	999997	exact
4Lr35 3Ir15 3Lr21 3Ir15 19	4Lsr13	250	999997	exact
4Lr35 3Ir15 3Lr21 3Ir15 23	4Ss6	250	999997	exact
4Lr35 3Ir15 3Lr21 3Ir15 27	4Lsr13	250	999997	exact
4Lr35 3Ir15 3Lr21 3Ir15 28	4Lsr13	250	999997	exact
4Lr35 3Ir15 3Lr21 3Ir15 2r11	4Lsr13	250	999997	exact
4Lr35 3Ir15 3Lr21 3Ir15 2r12	4Lsr13	250	999997	exact
4Lr35 3Ir15 3Lr21 3Ir15 2r13	4Ss6	250	999997	exact
4Lr35 3Ir15 3Lr21 3Ir15 2r14	4Ss6	250	999997	exact
4Lr35 3Ir15 3Lr21 3Ir15 2r16	4Lsr13	250	999997	exact
4Lr35 3Ir15 3Lr21 3Ir15 2r17	4Lsr13	250	999997	exact
4Lr35 3Ir15 3Lr21 3Ir15 2r18	4Lsr13	250	999997	exact
4Lr35 3Ir15 3Lr21 3Ir15 2r19	4Lsr13	250	999997	exact
4Lr35 3Ir15 3Lr21 3Ir15 3I7	4Lsr13	250	999997	exact
4Lr35 3Ir15 3Lr21 3Ir15 3Ir11	4Lsr13	250	999997	exact
4Lr35 3Ir15 3Lr21 3Ir15 3Ir12	4Lsr13	250	999997	exact
4Lr35 3Ir15 3Lr21 3Ir15 3Ir13	4Ss6	250	999997	exact
4Lr35 3Ir15 3Lr21 3Ir15 3Ir14	4Ss6	250	999997	exact
4Lr35 3Ir15 3Lr21 3Ir15 3Ir16	4Lsr13	250	999997	exact
4Lr35 3Ir15 3Lr21 3Ir15 3Ir17	4Lsr13	250	999997	exact
4Lr35 3Ir15 3Lr21 3Ir15 3Ir18	4Lsr13	250	999997	exact
4Lr35 3Ir15 3Lr21 3Ir15 3Ir19	4Lsr13	250	999997	exact
4Lr35 3Ir15 3Lr21 3Ir15 3L1	4Lsr13	250	999997	exact
4Lr35 3Ir15 3Lr21 3Ir15 3Lr16	4Lsr13	250	999997	exact
4Lr35 3Ir15 3Lr21 3Ir15 3Lr23	4Ss6	250	999997	exact
4Lr35 3Ir15 3Lr21 3Ir15 3Lr27	4Lsr13	250	999997	exact
4Lr35 3Ir15 3Lr21 3Ir15 3Lr28	4Lsr13	250	999997	exact
4Lr35 3Ir15 3Lr21 3Ir15 3Lr33	4Ss6	250	999997	exact
4Lr35 3Ir15 3Lr21 3Ir15 3Lr37	4Lsr13	250	999997	exact
4Lr35 3Ir15 3Lr21 3Ir15 3Lr38	4Lsr13	250	999997	exact
4Lr35 3Ir15 3Lr21 3Ir15 4Lr12	4Ss6	250	999997	exact
4Lr35 3Ir15 3Lr21 3Ir15 4Lr27	4Lsr13	250	999997	exact
4Lr35 3Ir15 3Lr21 3Ir15 4Lr33	4Ss6	250	999997	exact
4Lr35 3Ir15 3Lr21 3Ir15 4Lr37	4Lsr13	250	999997	exact
4Lr35 3Ir15 3Lr21 3Ir15 4Lr38	4Ss6	250	999997	exact
4Lr35 3Ir15 3Lr21 3Ir15 4Lsr13	4Ss6	250	999997	exact
4Lr35 3Ir15 3Lr21 3Ir15 4Lsr17	4Lsr13	250	999997	exact
4Lr35 3Ir15 3Lr21 3Ir15 4Lsr18	4Ss6	250	999997	exact
4Lr35 3Ir15 3Lr21 3Ir15 4Lsr27	4Lsr13	250	999997	exact
4Lr35 3Ir15 3Lr21 3Ir15 4S1	4Lsr13	250	999997	exact
4Lr35 3Ir15 3Lr21 3Ir15 4Sr16	4Lsr13	250	999997	exact
4Lr35 3Ir15 3Lr21 3Ir15 4Ss6	4Lsr13	250	999997	exact
4Lr35 3Ir15 3Lr21 3Ir15 4Tr16	4Lsr13	250	999997	exact
4Lr35 3Ir15 3Lr21 3Ir15 4Tr27	4Lsr13	250	999997	exact
4Lr35 3Ir15 3Lr21 3Ir15 4Tr31	4Lsr13	250	999997	exact
4Lr35 3Ir15 3Lr22	3Ir15	3	999997	exact
4Lr35 3Ir15 3Lr22 3Ir15 11	4Lr13	250	999997	exact
4Lr35 3Ir15 3Lr22 3Ir15 12	4Lr13	250	999997	exact
4Lr35 3Ir15 3Lr22 3Ir15 13	4Ss6	250	999997	exact
4Lr35 3Ir15 3Lr22 3Ir15 14	4Ss6	250	999997	exact
4Lr35 3Ir15 3Lr22 3Ir15 16	4Lr13	250	999997	exact
4Lr35 3Ir15 3Lr22 3Ir15 17	4Lr13	250	999997	exact
4Lr35 3Ir15 3Lr22 3Ir15 18	4Lr13	250	999997	exact
4Lr35 3Ir15 3Lr22 3Ir15 19	4Lr13	250	999997	exact
4Lr35 3Ir15 3Lr22 3Ir15 27	4Lr13	250	999997	exact
4Lr35 3Ir15 3Lr22 3Ir15 28	4Lr13	250	999997	exact
4Lr35 3Ir15 3Lr22 3Ir15 2r11	4Lr13	250	999997	exact
4Lr35 3Ir15 3Lr22 3Ir15 2r12	4Lr13	250	999997	exact
4Lr35 3Ir15 3Lr22 3Ir15 2r13	4Ss6	250	999997	exact
4Lr35 3Ir15 3Lr22 3Ir15 2r14	4Ss6	250	999997	exact
4Lr35 3Ir15 3Lr22 3Ir15 2r16	4Lr13	250	999997	exact
4Lr35 3Ir15 3Lr22 3Ir15 2r17	4Lr13	250	999997	exact
4Lr35 3Ir15 3Lr22 3Ir15 2r18	4Lr13	250	999997	exact
4Lr35 3Ir15 3Lr22 3Ir15 2r19	4Lr13	250	999997	exact
4Lr35 3Ir15 3Lr22 3Ir15 3I7	4Lr13	250	999997	exact
4Lr35 3Ir15 3Lr22 3Ir15 3Ir11	4Lr13	250	999997	exact
4Lr35 3Ir15 3Lr22 3Ir15 3Ir12	4Lr13	250	999997	exact
4Lr35 3Ir15 3Lr22 3Ir15 3Ir13	4Ss6	250	999997	exact
4Lr35 3Ir15 3Lr22 3Ir15 3Ir14	4Ss6	250	999997	exact
4Lr35 3Ir15 3Lr22 3Ir15 3Ir16	4Lr13	250	999997	exact
4Lr35 3Ir15 3Lr22 3Ir15 3Ir17	4Lr13	250	999997	exact
4Lr35 3Ir15 3Lr22 3Ir15 3Ir18	4Lr13	250	999997	exact
4Lr35 3Ir15 3Lr22 3Ir15 3Ir19	4Lr13	250	999997	exact
4Lr35 3Ir15 3Lr22 3Ir15 3L1	4Lr13	250	999997	exact
4Lr35 3Ir15 3Lr22 3Ir15 3L2	4Ss6	250	999997	exact
4Lr35 3Ir15 3Lr22 3Ir15 3Lr16	4Lr13	250	999997	exact
4Lr35 3Ir15 3Lr22 3Ir15 3Lr27	4Lr13	250	999997	exact
4Lr35 3Ir15 3Lr22 3Ir15 3Lr28	4Lr13	250	999997	exact
4Lr35 3Ir15 3Lr22 3Ir15 3Lr37	4Lr13	250	999997	exact
4Lr35 3Ir15 3Lr22 3Ir15 3Lr38	4Lr13	250	999997	exact
4Lr35 3Ir15 3Lr22 3Ir15 4Lr13	4Ss6	250	999997	exact
4Lr35 3Ir15 3Lr22 3Ir15 4Lr27	4Lr13	250	999997	exact
4Lr35 3Ir15 3Lr22 3Ir15 4Lr37	4Lr13	250	999997	exact
4Lr35 3Ir15 3Lr22 3Ir15 4Lr38	4Lr13	250	999997	exact
4Lr35 3Ir15 3Lr22 3Ir15 4Lsr17	4Lr13	250	999997	exact
4Lr35 3Ir15 3Lr22 3Ir15 4Lsr18	4Lr13	250	999997	exact
4Lr35 3Ir15 3Lr22 3Ir15 4Lsr27	4Lr13	250	999997	exact
4Lr35 3Ir15 3Lr22 3Ir15 4S1	4Lr13	250	999997	exact
4Lr35 3Ir15 3Lr22 3Ir15 4S2	4Ss6	250	999997	exact
4Lr35 3Ir15 3Lr22 3Ir15 4Sr16	4Lr13	250	999997	exact
4Lr35 3Ir15 3Lr22 3Ir15 4Ss6	4Lr13	250	999997	exact
4Lr35 3Ir15 3Lr22 3Ir15 4Tr16	4Lr13	250	999997	exact
4Lr35 3Ir15 3Lr22 3Ir15 4Tr27	4Lr13	250	999997	exact
4Lr35 3Ir15 3Lr22 3Ir15 4Tr31	4Lr13	250	999997	exact
4Lr35 3Ir15 3Lr22 3Ir15 4Tr32	4Ss6	250	999997	exact
4Lr35 3Ir15 3Lr23	4Ss6	18	999982	exact
4Lr35 3Ir15 3Lr27	4Lsr13	21	6777
4Lr35 3Ir15 3Lr28	3Ir15	3	999997	exact
4Lr35 3Ir15 3Lr28 3Ir15 11	4Lsr13	250	999997	exact
4Lr35 3Ir15 3Lr28 3Ir15 12	4Ss6	250	999997	exact
4Lr35 3Ir15 3Lr28 3Ir15 13	4Ss6	250	999997	exact
4Lr35 3Ir15 3Lr28 3Ir15 14	4Ss6	250	999997	exact
4Lr35 3Ir15 3Lr28 3Ir15 16	4Lsr13	250	999997	exact
4Lr35 3Ir15 3Lr28 3Ir15 17	4Lsr13	250	999997	exact
4Lr35 3Ir15 3Lr28 3Ir15 18	4Lsr13	250	999997	exact
4Lr35 3Ir15 3Lr28 3Ir15 19	4Lsr13	250	999997	exact
4Lr35 3Ir15 3Lr28 3Ir15 21	4Lsr13	250	999997	exact
4Lr35 3Ir15 3Lr28 3Ir15 22	4Ss6	250	999997	exact
4Lr35 3Ir15 3Lr28 3Ir15 23	4Ss6	250	999997	exact
4Lr35 3Ir15 3Lr28 3Ir15 2r11	4Ss6	250	999997	exact
4Lr35 3Ir15 3Lr28 3Ir15 2r12	4Ss6	250	999997	exact
4Lr35 3Ir15 3Lr28 3Ir15 2r13	4Ss6	250	999997	exact
4Lr35 3Ir15 3Lr28 3Ir15 2r14	4Ss6	250	999997	exact
4Lr35 3Ir15 3Lr28 3Ir15 2r16	4Lsr13	250	999997	exact
4Lr35 3Ir15 3Lr28 3Ir15 2r17	4Lsr13	250	999997	exact
4Lr35 3Ir15 3Lr28 3Ir15 2r18	4Ss6	250	999997	exact
4Lr35 3Ir15 3Lr28 3Ir15 2r19	4Ss6	250	999997	exact
4Lr35 3Ir15 3Lr28 3Ir15 3I1	4Ss6	250	999997	exact
4Lr35 3Ir15 3Lr28 3Ir15 3I2	4Ss6	250	999997	exact
4Lr35 3Ir15 3Lr28 3Ir15 3Ir11	4Ss6	250	999997	exact
4Lr35 3Ir15 3Lr28 3Ir15 3Ir12	4Ss6	250	999997	exact
4Lr35 3Ir15 3Lr28 3Ir15 3Ir13	4Ss6	250	999997	exact
4Lr35 3Ir15 3Lr28 3Ir15 3Ir14	4Ss6	250	999997	exact
4Lr35 3Ir15 3Lr28 3Ir15 3Ir16	4Lsr13	250	999997	exact
4Lr35 3Ir15 3Lr28 3Ir15 3Ir17	4Lsr13	250	999997	exact
4Lr35 3Ir15 3Lr28 3Ir15 3Ir18	4Lsr13	250	999997	exact
4Lr35 3Ir15 3Lr28 3Ir15 3Ir19	4Lsr13	250	999997	exact
4Lr35 3Ir15 3Lr28 3Ir15 3L7	4Lsr13	250	999997	exact
4Lr35 3Ir15 3Lr28 3Ir15 3L8	4Lsr13	250	999997	exact
4Lr35 3Ir15 3Lr28 3Ir15 3Lr16	4Lsr13	250	999997	exact
4Lr35 3Ir15 3Lr28 3Ir15 3Lr21	4Lsr13	250	999997	exact
4Lr35 3Ir15 3Lr28 3Ir15 3Lr22	4Ss6	250	999997	exact
4Lr35 3Ir15 3Lr28 3Ir15 3Lr23	4Ss6	250	999997	exact
4Lr35 3Ir15 3Lr28 3Ir15 3Lr31	4Ss6	250	999997	exact
4Lr35 3Ir15 3Lr28 3Ir15 3Lr32	4Ss6	250	999997	exact
4Lr35 3Ir15 3Lr28 3Ir15 3Lr33	4Ss6	250	999997	exact
4Lr35 3Ir15 3Lr28 3Ir15 4Lr21	4Ss6	250	999997	exact
4Lr35 3Ir15 3Lr28 3Ir15 4Lr22	4Ss6	250	999997	exact
4Lr35 3Ir15 3Lr28 3Ir15 4Lr31	4Ss6	250	999997	exact
4Lr35 3Ir15 3Lr28 3Ir15 4Lr32	4Ss6	250	999997	exact
4Lr35 3Ir15 3Lr28 3Ir15 4Lr33	4Ss6	250	999997	exact
4Lr35 3Ir15 3Lr28 3Ir15 4Lsr11	4Lsr13	250	999997	exact
4Lr35 3Ir15 3Lr28 3Ir15 4Lsr12	4Ss6	250	999997	exact
4Lr35 3Ir15 3Lr28 3Ir15 4Lsr13	4Ss6	250	999997	exact
4Lr35 3Ir15 3Lr28 3Ir15 4Lsr21	4Ss6	250	999997	exact
4Lr35 3Ir15 3Lr28 3Ir15 4Lsr22	4Ss6	250	999997	exact
4Lr35 3Ir15 3Lr28 3Ir15 4S7	4Lsr13	250	999997	exact
4Lr35 3Ir15 3Lr28 3Ir15 4S8	4Lsr13	250	999997	exact
4Lr35 3Ir15 3Lr28 3Ir15 4Ss6	4Lsr13	250	999997	exact
4Lr35 3Ir15 3Lr28 3Ir15 4T6	4Lsr13	250	999997	exact
4Lr35 3Ir15 3Lr28 3Ir15 4Tr16	4Lsr13	250	999997	exact
4Lr35 3Ir15 3Lr28 3Ir15 4Tr21	4Tr13	250	999997	exact
4Lr35 3Ir15 3Lr28 3Ir15 4Tr22	4Ss6	250	999997	exact
4Lr35 3Ir15 3Lr28 3Ir15 4Tr37	4Lsr13	250	999997	exact
4Lr35 3Ir15 3Lr28 3Ir15 4Tr38	4Lsr13	250	999997	exact
4Lr35 3Ir15 3Lr31	3Ir15	3	999997	exact
4Lr35 3Ir15 3Lr31 3Ir15 11	4Lsr13	250	999997	exact
4Lr35 3Ir15 3Lr31 3Ir15 12	4Lsr13	250	999997	exact
4Lr35 3Ir15 3Lr31 3Ir15 13	4Ss6	250	999997	exact
4Lr35 3Ir15 3Lr31 3Ir15 14	4Ss6	250	999997	exact
4Lr35 3Ir15 3Lr31 3Ir15 16	4Lsr13	250	999997	exact
4Lr35 3Ir15 3Lr31 3Ir15 17	4Lsr13	250	999997	exact
4Lr35 3Ir15 3Lr31 3Ir15 18	4Lsr13	250	999997	exact
4Lr35 3Ir15 3Lr31 3Ir15 19	4Lsr13	250	999997	exact
4Lr35 3Ir15 3Lr31 3Ir15 23	4Ss6	250	999997	exact
4Lr35 3Ir15 3Lr31 3Ir15 27	4Lsr13	250	999997	exact
4Lr35 3Ir15 3Lr31 3Ir15 28	4Lsr13	250	999997	exact
4Lr35 3Ir15 3Lr31 3Ir15 2r11	4Lsr13	250	999997	exact
4Lr35 3Ir15 3Lr31 3Ir15 2r12	4Lsr13	250	999997	exact
4Lr35 3Ir15 3Lr31 3Ir15 2r13	4Ss6	250	999997	exact
4Lr35 3Ir15 3Lr31 3Ir15 2r14	4Ss6	250	999997	exact
4Lr35 3Ir15 3Lr31 3Ir15 2r16	4Lsr13	250	999997	exact
4Lr35 3Ir15 3Lr31 3Ir15 2r17	4Lsr13	250	999997	exact
4Lr35 3Ir15 3Lr31 3Ir15 2r18	4Lsr13	250	999997	exact
4Lr35 3Ir15 3Lr31 3Ir15 2r19	4Lsr13	250	999997	exact
4Lr35 3Ir15 3Lr31 3Ir15 3I7	4Lsr13	250	999997	exact
4Lr35 3Ir15 3Lr31 3Ir15 3Ir11	4Lsr13	250	999997	exact
4Lr35 3Ir15 3Lr31 3Ir15 3Ir12	4Lsr13	250	999997	exact
4Lr35 3Ir15 3Lr31 3Ir15 3Ir13	4Ss6	250	999997	exact
4Lr35 3Ir15 3Lr31 3Ir15 3Ir14	4Ss6	250	999997	exact
4Lr35 3Ir15 3Lr31 3Ir15 3Ir16	4Lsr13	250	999997	exact
4Lr35 3Ir15 3Lr31 3Ir15 3Ir17	4Lsr13	250	999997	exact
4Lr35 3Ir15 3Lr31 3Ir15 3Ir18	4Lsr13	250	999997	exact
4Lr35 3Ir15 3Lr31 3Ir15 3Ir19	4Lsr13	250	999997	exact
4Lr35 3Ir15 3Lr31 3Ir15 3Lr11	4Lsr13	250	999997	exact
4Lr35 3Ir15 3Lr31 3Ir15 3Lr12	4Ss6	250	999997	exact
4Lr35 3Ir15 3Lr31 3Ir15 3Lr16	4Lsr13	250	999997	exact
4Lr35 3Ir15 3Lr31 3Ir15 3Lr23	4Ss6	250	999997	exact
4Lr35 3Ir15 3Lr31 3Ir15 3Lr27	4Lsr13	250	999997	exact
4Lr35 3Ir15 3Lr31 3Ir15 3Lr28	4Lsr13	250	999997	exact
4Lr35 3Ir15 3Lr31 3Ir15 3Lr33	4Ss6	250	999997	exact
4Lr35 3Ir15 3Lr31 3Ir15 3Lr37	4Lsr13	250	999997	exact
4Lr35 3Ir15 3Lr31 3Ir15 3Lr38	4Lsr13	250	999997	exact
4Lr35 3Ir15 3Lr31 3Ir15 4Lr27	4Lsr13	250	999997	exact
4Lr35 3Ir15 3Lr31 3Ir15 4Lr33	4Ss6	250	999997	exact
4Lr35 3Ir15 3Lr31 3Ir15 4Lr37	4Lsr13	250	999997	exact
4Lr35 3Ir15 3Lr31 3Ir15 4Lr38	4Lsr13	250	999997	exact
4Lr35 3Ir15 3Lr31 3Ir15 4Lsr13	4Ss6	250	999997	exact
4Lr35 3Ir15 3Lr31 3Ir15 4Lsr17	4Lsr13	250	999997	exact
4Lr35 3Ir15 3Lr31 3Ir15 4Lsr18	4Lsr13	250	999997	exact
4Lr35 3Ir15 3Lr31 3Ir15 4Lsr27	4Lsr13	250	999997	exact
4Lr35 3Ir15 3Lr31 3Ir15 4Sr12	4Ss6	250	999997	exact
4Lr35 3Ir15 3Lr31 3Ir15 4Sr16	4Lsr13	250	999997	exact
4Lr35 3Ir15 3Lr31 3Ir15 4Ss1	4Ss6	250	999997	exact
4Lr35 3Ir15 3Lr31 3Ir15 4Ss2	4Ss6	250	999997	exact
4Lr35 3Ir15 3Lr31 3Ir15 4Ss6	4Lsr13	250	999997	exact
4Lr35 3Ir15 3Lr31 3Ir15 4Tr11	4Lsr13	250	999997	exact
4Lr35 3Ir15 3Lr31 3Ir15 4Tr12	4Ss6	250	999997	exact
4Lr35 3Ir15 3Lr31 3Ir15 4Tr16	4Lsr13	250	999997	exact
4Lr35 3Ir15 3Lr31 3Ir15 4Tr27	4Lsr13	250	999997	exact
4Lr35 3Ir15 3Lr32	3Ir15	3	999997	exact
4Lr35 3Ir15 3Lr32 3Ir15 11	4Ss6	250	999997	exact
4Lr35 3Ir15 3Lr32 3Ir15 12	4Tr13	250	999997	exact
4Lr35 3Ir15 3Lr32 3Ir15 13	4Ss6	250	999997	exact
4Lr35 3Ir15 3Lr32 3Ir15 14	4Ss6	250	999997	exact
4Lr35 3Ir15 3Lr32 3Ir15 16	4Tr13	250	999997	exact
4Lr35 3Ir15 3Lr32 3Ir15 17	4Tr13	250	999997	exact
4Lr35 3Ir15 3Lr32 3Ir15 18	4Tr13	250	999997	exact
4Lr35 3Ir15 3Lr32 3Ir15 19	4Tr13	250	999997	exact
4Lr35 3Ir15 3Lr32 3Ir15 27	4Tr13	250	999997	exact
4Lr35 3Ir15 3Lr32 3Ir15 28	4Tr13	250	999997	exact
4Lr35 3Ir15 3Lr32 3Ir15 2r11	4Tr13	250	999997	exact
4Lr35 3Ir15 3Lr32 3Ir15 2r12	4Tr13	250	999997	exact
4Lr35 3Ir15 3Lr32 3Ir15 2r13	4Ss6	250	999997	exact
4Lr35 3Ir15 3Lr32 3Ir15 2r14	4Ss6	250	999997	exact
4Lr35 3Ir15 3Lr32 3Ir15 2r16	4Tr13	250	999997	exact
4Lr35 3Ir15 3Lr32 3Ir15 2r17	4Tr13	250	999997	exact
4Lr35 3Ir15 3Lr32 3Ir15 2r18	4Tr13	250	999997	exact
4Lr35 3Ir15 3Lr32 3Ir15 2r19	4Tr13	250	999997	exact
4Lr35 3Ir15 3Lr32 3Ir15 3I7	4Tr13	250	999997	exact
4Lr35 3Ir15 3Lr32 3Ir15 3Ir11	4Tr13	250	999997	exact
4Lr35 3Ir15 3Lr32 3Ir15 3Ir12	4Tr13	250	999997	exact
4Lr35 3Ir15 3Lr32 3Ir15 3Ir13	4Ss6	250	999997	exact
4Lr35 3Ir15 3Lr32 3Ir15 3Ir14	4Ss6	250	999997	exact
4Lr35 3Ir15 3Lr32 3Ir15 3Ir16	4Tr13	250	999997	exact
4Lr35 3Ir15 3Lr32 3Ir15 3Ir17	4Tr13	250	999997	exact
4Lr35 3Ir15 3Lr32 3Ir15 3Ir18	4Tr13	250	999997	exact
4Lr35 3Ir15 3Lr32 3Ir15 3Ir19	4Tr13	250	999997	exact
4Lr35 3Ir15 3Lr32 3Ir15 3Lr12	4Ss6	250	999997	exact
4Lr35 3Ir15 3Lr32 3Ir15 3Lr13	4Ss6	250	999997	exact
4Lr35 3Ir15 3Lr32 3Ir15 3Lr16	4Tr13	250	999997	exact
4Lr35 3Ir15 3Lr32 3Ir15 3Lr27	4Tr13	250	999997	exact
4Lr35 3Ir15 3Lr32 3Ir15 3Lr28	4Tr13	250	999997	exact
4Lr35 3Ir15 3Lr32 3Ir15 3Lr37	4Tr13	250	999997	exact
4Lr35 3Ir15 3Lr32 3Ir15 3Lr38	4Tr13	250	999997	exact
4Lr35 3Ir15 3Lr32 3Ir15 4Lr27	4Tr13	250	999997	exact
4Lr35 3Ir15 3Lr32 3Ir15 4Lr37	4Tr13	250	999997	exact
4Lr35 3Ir15 3Lr32 3Ir15 4Lr38	4Tr13	250	999997	exact
4Lr35 3Ir15 3Lr32 3Ir15 4Lsr17	4Tr13	250	999997	exact
4Lr35 3Ir15 3Lr32 3Ir15 4Lsr18	4Tr13	250	999997	exact
4Lr35 3Ir15 3Lr32 3Ir15 4Lsr27	4Tr13	250	999997	exact
4Lr35 3Ir15 3Lr32 3Ir15 4Lsr31	4Tr13	250	999997	exact
4Lr35 3Ir15 3Lr32 3Ir15 4Sr16	4Tr13	250	999997	exact
4Lr35 3Ir15 3Lr32 3Ir15 4Ss2	4Ss6	250	999997	exact
4Lr35 3Ir15 3Lr32 3Ir15 4Ss3	4Ss6	250	999997	exact
4Lr35 3Ir15 3Lr32 3Ir15 4Ss6	4Tr13	250	999997	exact
4Lr35 3Ir15 3Lr32 3Ir15 4Tr12	4Ss6	250	999997	exact
4Lr35 3Ir15 3Lr32 3Ir15 4Tr13	4Ss6	250	999997	exact
4Lr35 3Ir15 3Lr32 3Ir15 4Tr16	4Tr13	250	999997	exact
4Lr35 3Ir15 3Lr32 3Ir15 4Tr27	4Tr13	250	999997	exact
4Lr35 3Ir15 3Lr33	3Ir15	5	999995	exact
4Lr35 3Ir15 3Lr33 3Ir15 11	4Ss6	250	999997	exact
4Lr35 3Ir15 3Lr33 3Ir15 12	4Ss6	250	999997	exact
4Lr35 3Ir15 3Lr33 3Ir15 13	4Ss6	250	999997	exact
4Lr35 3Ir15 3Lr33 3Ir15 14	4Ss6	250	999997	exact
4Lr35 3Ir15 3Lr33 3Ir15 16	4Lr16	250	999997	exact
4Lr35 3Ir15 3Lr33 3Ir15 17	4Lsr32	250	999995	exact
4Lr35 3Ir15 3Lr33 3Ir15 18	4Ss6	250	999997	exact
4Lr35 3Ir15 3Lr33 3Ir15 19	4Ss6	250	999997	exact
4Lr35 3Ir15 3Lr33 3Ir15 21	4Ss6	250	999997	exact
4Lr35 3Ir15 3Lr33 3Ir15 27	4Lsr32	250	999995	exact
4Lr35 3Ir15 3Lr33 3Ir15 28	4Ss6	250	999997	exact
4Lr35 3Ir15 3Lr33 3Ir15 2r11	4Ss6	250	999997	exact
4Lr35 3Ir15 3Lr33 3Ir15 2r12	4Ss6	250	999997	exact
4Lr35 3Ir15 3Lr33 3Ir15 2r13	4Ss6	250	999997	exact
4Lr35 3Ir15 3Lr33 3Ir15 2r14	4Ss6	250	999997	exact
4Lr35 3Ir15 3Lr33 3Ir15 2r16	4Lsr32	250	999995	exact
4Lr35 3Ir15 3Lr33 3Ir15 2r17	4Lsr32	250	999995	exact
4Lr35 3Ir15 3Lr33 3Ir15 2r18	4Ss6	250	999997	exact
4Lr35 3Ir15 3Lr33 3Ir15 2r19	4Ss6	250	999997	exact
4Lr35 3Ir15 3Lr33 3Ir15 3I7	4Lsr32	250	999995	exact
4Lr35 3Ir15 3Lr33 3Ir15 3Ir11	4Ss6	250	999997	exact
4Lr35 3Ir15 3Lr33 3Ir15 3Ir12	4Ss6	250	999997	exact
4Lr35 3Ir15 3Lr33 3Ir15 3Ir13	4Ss6	250	999997	exact
4Lr35 3Ir15 3Lr33 3Ir15 3Ir14	4Ss6	250	999997	exact
4Lr35 3Ir15 3Lr33 3Ir15 3Ir16	4Lsr32	250	999995	exact
4Lr35 3Ir15 3Lr33 3Ir15 3Ir17	4Lsr32	250	999995	exact
4Lr35 3Ir15 3Lr33 3Ir15 3Ir18	4Ss6	250	999997	exact
4Lr35 3Ir15 3Lr33 3Ir15 3Ir19	4Ss6	250	999997	exact
4Lr35 3Ir15 3Lr33 3Ir15 3Lr13	4Ss6	250	999997	exact
4Lr35 3Ir15 3Lr33 3Ir15 3Lr16	4Lsr32	250	999995	exact
4Lr35 3Ir15 3Lr33 3Ir15 3Lr21	4Ss6	250	999997	exact
4Lr35 3Ir15 3Lr33 3Ir15 3Lr27	4Lsr32	250	999995	exact
4Lr35 3Ir15 3Lr33 3Ir15 3Lr28	4Ss6	250	999997	exact
4Lr35 3Ir15 3Lr33 3Ir15 3Lr31	4Ss6	250	999997	exact
4Lr35 3Ir15 3Lr33 3Ir15 3Lr37	4Lsr32	250	999995	exact
4Lr35 3Ir15 3Lr33 3Ir15 3Lr38	4Ss6	250	999997	exact
4Lr35 3Ir15 3Lr33 3Ir15 4Lr27	4Lsr32	250	999995	exact
4Lr35 3Ir15 3Lr33 3Ir15 4Lr31	4Ss6	250	999997	exact
4Lr35 3Ir15 3Lr33 3Ir15 4Lr37	4Lsr32	250	999995	exact
4Lr35 3Ir15 3Lr33 3Ir15 4Lr38	4Ss6	250	999997	exact
4Lr35 3Ir15 3Lr33 3Ir15 4Lsr11	4Ss6	250	999997	exact
4Lr35 3Ir15 3Lr33 3Ir15 4Lsr17	4Lsr32	250	999995	exact
4Lr35 3Ir15 3Lr33 3Ir15 4Lsr18	4Ss6	250	999997	exact
4Lr35 3Ir15 3Lr33 3Ir15 4Lsr27	4Lsr32	250	999995	exact
4Lr35 3Ir15 3Lr33 3Ir15 4Lsr32	4Ss6	250	999997	exact
4Lr35 3Ir15 3Lr33 3Ir15 4Sr16	4Lsr32	250	999995	exact
4Lr35 3Ir15 3Lr33 3Ir15 4Ss3	4Ss6	250	999997	exact
4Lr35 3Ir15 3Lr33 3Ir15 4Ss6	4Lsr32	250	999995	exact
4Lr35 3Ir15 3Lr33 3Ir15 4Tr13	4Ss6	250	999997	exact
4Lr35 3Ir15 3Lr33 3Ir15 4Tr16	4Lsr32	250	999995	exact
4Lr35 3Ir15 3Lr33 3Ir15 4Tr27	4Lsr32	250	999995	exact
4Lr35 3Ir15 3Lr37	4Lsr13	22	999978	exact
4Lr35 3Ir15 3Lr38	3Ir15	3	999997	exact
4Lr35 3Ir15 3Lr38 3Ir15 11	4Lsr13	250	999997	exact
4Lr35 3Ir15 3Lr38 3Ir15 12	4Lsr13	250	999997	exact
4Lr35 3Ir15 3Lr38 3Ir15 13	4Ss6	250	999997	exact
4Lr35 3Ir15 3Lr38 3Ir15 14	4Ss6	250	999997	exact
4Lr35 3Ir15 3Lr38 3Ir15 16	4Lsr13	250	999997	exact
4Lr35 3Ir15 3Lr38 3Ir15 17	4Lsr13	250	999997	exact
4Lr35 3Ir15 3Lr38 3Ir15 18	4Lsr13	250	999997	exact
4Lr35 3Ir15 3Lr38 3Ir15 19	4Lsr13	250	999997	exact
4Lr35 3Ir15 3Lr38 3Ir15 21	4Lsr13	250	999997	exact
4Lr35 3Ir15 3Lr38 3Ir15 22	4Ss6	250	999997	exact
4Lr35 3Ir15 3Lr38 3Ir15 23	4Ss6	250	999997	exact
4Lr35 3Ir15 3Lr38 3Ir15 2r11	4Ss6	250	999997	exact
4Lr35 3Ir15 3Lr38 3Ir15 2r12	4Ss6	250	999997	exact
4Lr35 3Ir15 3Lr38 3Ir15 2r13	4Ss6	250	999997	exact
4Lr35 3Ir15 3Lr38 3Ir15 2r14	4Ss6	250	999997	exact
4Lr35 3Ir15 3Lr38 3Ir15 2r16	4Lsr13	250	999997	exact
4Lr35 3Ir15 3Lr38 3Ir15 2r17	4Lsr13	250	999997	exact
4Lr35 3Ir15 3Lr38 3Ir15 2r18	4Lsr13	250	999997	exact
4Lr35 3Ir15 3Lr38 3Ir15 2r19	4Lsr13	250	999997	exact
4Lr35 3Ir15 3Lr38 3Ir15 3I1	4Ss6	250	999997	exact
4Lr35 3Ir15 3Lr38 3Ir15 3I2	4Ss6	250	999997	exact
4Lr35 3Ir15 3Lr38 3Ir15 3Ir11	4Ss6	250	999997	exact
4Lr35 3Ir15 3Lr38 3Ir15 3Ir12	4Ss6	250	999997	exact
4Lr35 3Ir15 3Lr38 3Ir15 3Ir13	4Ss6	250	999997	exact
4Lr35 3Ir15 3Lr38 3Ir15 3Ir14	4Ss6	250	999997	exact
4Lr35 3Ir15 3Lr38 3Ir15 3Ir16	4Lsr13	250	999997	exact
4Lr35 3Ir15 3Lr38 3Ir15 3Ir17	4Lsr13	250	999997	exact
4Lr35 3Ir15 3Lr38 3Ir15 3Ir18	4Lsr13	250	999997	exact
4Lr35 3Ir15 3Lr38 3Ir15 3Ir19	4Lsr13	250	999997	exact
4Lr35 3Ir15 3Lr38 3Ir15 3Lr16	4Lsr13	250	999997	exact
4Lr35 3Ir15 3Lr38 3Ir15 3Lr18	4Lsr13	250	999997	exact
4Lr35 3Ir15 3Lr38 3Ir15 3Lr21	4Lsr13	250	999997	exact
4Lr35 3Ir15 3Lr38 3Ir15 3Lr22	4Ss6	250	999997	exact
4Lr35 3Ir15 3Lr38 3Ir15 3Lr23	4Ss6	250	999997	exact
4Lr35 3Ir15 3Lr38 3Ir15 3Lr31	4Ss6	250	999997	exact
4Lr35 3Ir15 3Lr38 3Ir15 3Lr32	4Ss6	250	999997	exact
4Lr35 3Ir15 3Lr38 3Ir15 3Lr33	4Ss6	250	999997	exact
4Lr35 3Ir15 3Lr38 3Ir15 4Lr21	4Ss6	250	999997	exact
4Lr35 3Ir15 3Lr38 3Ir15 4Lr22	4Ss6	250	999997	exact
4Lr35 3Ir15 3Lr38 3Ir15 4Lr31	4Ss6	250	999997	exact
4Lr35 3Ir15 3Lr38 3Ir15 4Lr32	4Ss6	250	999997	exact
4Lr35 3Ir15 3Lr38 3Ir15 4Lr33	4Ss6	250	999997	exact
4Lr35 3Ir15 3Lr38 3Ir15 4Lsr11	4Ss6	250	999997	exact
4Lr35 3Ir15 3Lr38 3Ir15 4Lsr12	4Ss6	250	999997	exact
4Lr35 3Ir15 3Lr38 3Ir15 4Lsr13	4Ss6	250	999997	exact
4Lr35 3Ir15 3Lr38 3Ir15 4Lsr21	4Ss6	250	999997	exact
4Lr35 3Ir15 3Lr38 3Ir15 4Lsr22	4Ss6	250	999997	exact
4Lr35 3Ir15 3Lr38 3Ir15 4Lsr37	4Lsr13	250	999997	exact
4Lr35 3Ir15 3Lr38 3Ir15 4Ss6	4Lsr13	250	999997	exact
4Lr35 3Ir15 3Lr38 3Ir15 4Ss8	4Ss6	250	999997	exact
4Lr35 3Ir15 3Lr38 3Ir15 4Tr16	4Lsr13	250	999997	exact
4Lr35 3Ir15 3Lr38 3Ir15 4Tr18	4Ss6	250	999997	exact
4Lr35 3Ir15 3Lr38 3Ir15 4Tr21	4Ss6	250	999997	exact
4Lr35 3Ir15 3Lr38 3Ir15 4Tr22	4Ss6	250	999997	exact
4Lr35 3Ir15 4Lr21	3Ir15	3	999997	exact
4Lr35 3Ir15 4Lr21 3Ir15 11	4Lr13	250	999997	exact
4Lr35 3Ir15 4Lr21 3Ir15 12	4Lr13	250	999997	exact
4Lr35 3Ir15 4Lr21 3Ir15 13	4Ss6	250	999997	exact
4Lr35 3Ir15 4Lr21 3Ir15 14	4Ss6	250	999997	exact
4Lr35 3Ir15 4Lr21 3Ir15 16	4Lr13	250	999997	exact
4Lr35 3Ir15 4Lr21 3Ir15 17	4Lr13	250	999997	exact
4Lr35 3Ir15 4Lr21 3Ir15 18	4Lr13	250	999997	exact
4Lr35 3Ir15 4Lr21 3Ir15 19	4Lr13	250	999997	exact
4Lr35 3Ir15 4Lr21 3Ir15 21	4Lr13	250	999997	exact
4Lr35 3Ir15 4Lr21 3Ir15 27	4Lr13	250	999997	exact
4Lr35 3Ir15 4Lr21 3Ir15 28	4Lr13	250	999997	exact
4Lr35 3Ir15 4Lr21 3Ir15 2r11	4Lr13	250	999997	exact
4Lr35 3Ir15 4Lr21 3Ir15 2r12	4Lr13	250	999997	exact
4Lr35 3Ir15 4Lr21 3Ir15 2r13	4Ss6	250	999997	exact
4Lr35 3Ir15 4Lr21 3Ir15 2r14	4Ss6	250	999997	exact
4Lr35 3Ir15 4Lr21 3Ir15 2r16	4Lr13	250	999997	exact
4Lr35 3Ir15 4Lr21 3Ir15 2r17	4Lr13	250	999997	exact
4Lr35 3Ir15 4Lr21 3Ir15 2r18	4Lr13	250	999997	exact
4Lr35 3Ir15 4Lr21 3Ir15 2r19	4Lr13	250	999997	exact
4Lr35 3Ir15 4Lr21 3Ir15 3I7	4Lr13	250	999997	exact
4Lr35 3Ir15 4Lr21 3Ir15 3Ir11	4Lr13	250	999997	exact
4Lr35 3Ir15 4Lr21 3Ir15 3Ir12	4Lr13	250	999997	exact
4Lr35 3Ir15 4Lr21 3Ir15 3Ir13	4Ss6	250	999997	exact
4Lr35 3Ir15 4Lr21 3Ir15 3Ir14	4Ss6	250	999997	exact
4Lr35 3Ir15 4Lr21 3Ir15 3Ir16	4Lr13	250	999997	exact
4Lr35 3Ir15 4Lr21 3Ir15 3Ir17	4Lr13	250	999997	exact
4Lr35 3Ir15 4Lr21 3Ir15 3Ir18	4Lr13	250	999997	exact
4Lr35 3Ir15 4Lr21 3Ir15 3Ir19	4Lr13	250	999997	exact
4Lr35 3Ir15 4Lr21 3Ir15 3L2	4Ss6	250	999997	exact
4Lr35 3Ir15 4Lr21 3Ir15 3Lr16	4Lr13	250	999997	exact
4Lr35 3Ir15 4Lr21 3Ir15 3Lr21	4Ss6	250	999997	exact
4Lr35 3Ir15 4Lr21 3Ir15 3Lr27	4Lr13	250	999997	exact
4Lr35 3Ir15 4Lr21 3Ir15 3Lr28	4Lr13	250	999997	exact
4Lr35 3Ir15 4Lr21 3Ir15 3Lr31	4Ss6	250	999997	exact
4Lr35 3Ir15 4Lr21 3Ir15 3Lr37	4Lr13	250	999997	exact
4Lr35 3Ir15 4Lr21 3Ir15 3Lr38	4Lr13	250	999997	exact
4Lr35 3Ir15 4Lr21 3Ir15 4S2	4Ss6	250	999997	exact
4Lr35 3Ir15 4Lr21 3Ir15 4Sr16	4Lr13	250	999997	exact
4Lr35 3Ir15 4Lr21 3Ir15 4Ss6	4Lr13	250	999997	exact
4Lr35 3Ir15 4Lr21 3Ir15 4Ssr11	4Ss6	250	999997	exact
4Lr35 3Ir15 4Lr21 3Ir15 4Tr16	4Lr13	250	999997	exact
4Lr35 3Ir15 4Lr21 3Ir15 4Tr27	4Lr13	250	999997	exact
4Lr35 3Ir15 4Lr21 3Ir15 4Tr32	4Ss6	250	999997	exact
4Lr35 3Ir15 4Lr22	4Ss6	18	999986	exact
4Lr35 3Ir15 4Lr22 4Ss6 11	3Ir15	250	999997	exact
4Lr35 3Ir15 4Lr22 4Ss6 12	3Ir15	250	999997	exact
4Lr35 3Ir15 4Lr22 4Ss6 13	3Ir15	250	999997	exact
4Lr35 3Ir15 4Lr22 4Ss6 14	3Ir15	250	999997	exact
4Lr35 3Ir15 4Lr22 4Ss6 15	4S3	250	999986	exact
4Lr35 3Ir15 4Lr22 4Ss6 16	3Ir15	250	999997	exact
4Lr35 3Ir15 4Lr22 4Ss6 17	3Ir15	250	999997	exact
4Lr35 3Ir15 4Lr22 4Ss6 18	3Ir15	250	999997	exact
4Lr35 3Ir15 4Lr22 4Ss6 19	3Ir15	250	999997	exact
4Lr35 3Ir15 4Lr22 4Ss6 22	3Ir15	250	999997	exact
4Lr35 3Ir15 4Lr22 4Ss6 28	3Ir15	250	999997	exact
4Lr35 3Ir15 4Lr22 4Ss6 2r11	3Ir15	250	999997	exact
4Lr35 3Ir15 4Lr22 4Ss6 2r12	3Ir15	250	999997	exact
4Lr35 3Ir15 4Lr22 4Ss6 2r13	3Ir15	250	999997	exact
4Lr35 3Ir15 4Lr22 4Ss6 2r14	3Ir15	250	999997	exact
4Lr35 3Ir15 4Lr22 4Ss6 2r15	4S3	250	999986	exact
4Lr35 3Ir15 4Lr22 4Ss6 2r16	3Ir15	250	999997	exact
4Lr35 3Ir15 4Lr22 4Ss6 2r17	3Ir15	250	999997	exact
4Lr35 3Ir15 4Lr22 4Ss6 2r18	3Ir15	250	999997	exact
4Lr35 3Ir15 4Lr22 4Ss6 2r19	3Ir15	250	999997	exact
4Lr35 3Ir15 4Lr22 4Ss6 3Ir11	3Ir15	250	999997	exact
4Lr35 3Ir15 4Lr22 4Ss6 3Ir12	3Ir15	250	999997	exact
4Lr35 3Ir15 4Lr22 4Ss6 3Ir13	3Ir15	250	999997	exact
4Lr35 3Ir15 4Lr22 4Ss6 3Ir14	3Ir15	250	999997	exact
4Lr35 3Ir15 4Lr22 4Ss6 3Ir15	4Tr16	250	999986	exact
4Lr35 3Ir15 4Lr22 4Ss6 3Ir16	3Ir15	250	999997	exact
4Lr35 3Ir15 4Lr22 4Ss6 3Ir17	3Ir15	250	999997	exact
4Lr35 3Ir15 4Lr22 4Ss6 3Ir18	3Ir15	250	999997	exact
4Lr35 3Ir15 4Lr22 4Ss6 3Ir19	3Ir15	250	999997	exact
4Lr35 3Ir15 4Lr22 4Ss6 3L1	3Ir15	250	999997	exact
4Lr35 3Ir15 4Lr22 4Ss6 3L3	3Ir15	250	999997	exact
4Lr35 3Ir15 4Lr22 4Ss6 3Lr16	3Ir15	250	999997	exact
4Lr35 3Ir15 4Lr22 4Ss6 3Lr22	3Ir15	250	999997	exact
4Lr35 3Ir15 4Lr22 4Ss6 3Lr28	3Ir15	250	999997	exact
4Lr35 3Ir15 4Lr22 4Ss6 3Lr32	3Ir15	250	999997	exact
4Lr35 3Ir15 4Lr22 4Ss6 3Lr38	3Ir15	250	999997	exact
4Lr35 3Ir15 4Lr22 4Ss6 4S1	3Ir15	250	999997	exact
4Lr35 3Ir15 4Lr22 4Ss6 4S3	3Ir15	250	999997	exact
4Lr35 3Ir15 4Lr22 4Ss6 4Ss6	3Ir15	250	999997	exact
4Lr35 3Ir15 4Lr22 4Ss6 4Ssr12	3Ir15	250	999997	exact
4Lr35 3Ir15 4Lr22 4Ss6 4Tr16	3Ir15	250	999997	exact
4Lr35 3Ir15 4Lr22 4Ss6 4Tr31	3Ir15	250	999997	exact
4Lr35 3Ir15 4Lr22 4Ss6 4Tr33	3Ir15	250	999997	exact
4Lr35 3Ir15 4Lr27	4Lsr13	19	999981	exact
4Lr35 3Ir15 4Lr31	3Ir15	3	999997	exact
4Lr35 3Ir15 4Lr31 3Ir15 11	4Ss6	250	999997	exact
4Lr35 3Ir15 4Lr31 3Ir15 12	4Lsr13	250	999997	exact
4Lr35 3Ir15 4Lr31 3Ir15 13	4Ss6	250	999997	exact
4Lr35 3Ir15 4Lr31 3Ir15 14	4Ss6	250	999997	exact
4Lr35 3Ir15 4Lr31 3Ir15 16	4Lsr13	250	999997	exact
4Lr35 3Ir15 4Lr31 3Ir15 17	4Lsr13	250	999997	exact
4Lr35 3Ir15 4Lr31 3Ir15 18	4Lsr13	250	999997	exact
4Lr35 3Ir15 4Lr31 3Ir15 19	4Lsr13	250	999997	exact
4Lr35 3Ir15 4Lr31 3Ir15 23	4Ss6	250	999997	exact
4Lr35 3Ir15 4Lr31 3Ir15 27	4Lsr13	250	999997	exact
4Lr35 3Ir15 4Lr31 3Ir15 28	4Ss6	250	999997	exact
4Lr35 3Ir15 4Lr31 3Ir15 2r11	4Ss6	250	999997	exact
4Lr35 3Ir15 4Lr31 3Ir15 2r12	4Lsr13	250	999997	exact
4Lr35 3Ir15 4Lr31 3Ir15 2r13	4Ss6	250	999997	exact
4Lr35 3Ir15 4Lr31 3Ir15 2r14	4Ss6	250	999997	exact
4Lr35 3Ir15 4Lr31 3Ir15 2r16	4Lsr13	250	999997	exact
4Lr35 3Ir15 4Lr31 3Ir15 2r17	4Lsr13	250	999997	exact
4Lr35 3Ir15 4Lr31 3Ir15 2r18	4Lsr13	250	999997	exact
4Lr35 3Ir15 4Lr31 3Ir15 2r19	4Lsr13	250	999997	exact
4Lr35 3Ir15 4Lr31 3Ir15 3I7	4Lsr13	250	999997	exact
4Lr35 3Ir15 4Lr31 3Ir15 3Ir11	4Lsr13	250	999997	exact
4Lr35 3Ir15 4Lr31 3Ir15 3Ir12	4Lsr13	250	999997	exact
4Lr35 3Ir15 4Lr31 3Ir15 3Ir13	4Ss6	250	999997	exact
4Lr35 3Ir15 4Lr31 3Ir15 3Ir14	4Ss6	250	999997	exact
4Lr35 3Ir15 4Lr31 3Ir15 3Ir16	4Lsr13	250	999997	exact
4Lr35 3Ir15 4Lr31 3Ir15 3Ir17	4Lsr13	250	999997	exact
4Lr35 3Ir15 4Lr31 3Ir15 3Ir18	4Lsr13	250	999997	exact
4Lr35 3Ir15 4Lr31 3Ir15 3Ir19	4Lsr13	250	999997	exact
4Lr35 3Ir15 4Lr31 3Ir15 3Lr12	4Ss6	250	999997	exact
4Lr35 3Ir15 4Lr31 3Ir15 3Lr16	4Lsr13	250	999997	exact
4Lr35 3Ir15 4Lr31 3Ir15 3Lr23	4Ss6	250	999997	exact
4Lr35 3Ir15 4Lr31 3Ir15 3Lr27	4Lsr13	250	999997	exact
4Lr35 3Ir15 4Lr31 3Ir15 3Lr28	4Ss6	250	999997	exact
4Lr35 3Ir15 4Lr31 3Ir15 3Lr33	4Ss6	250	999997	exact
4Lr35 3Ir15 4Lr31 3Ir15 3Lr37	4Lsr13	250	999997	exact
4Lr35 3Ir15 4Lr31 3Ir15 3Lr38	4Ss6	250	999997	exact
4Lr35 3Ir15 4Lr31 3Ir15 4Sr12	4Ss6	250	999997	exact
4Lr35 3Ir15 4Lr31 3Ir15 4Sr16	4Lsr13	250	999997	exact
4Lr35 3Ir15 4Lr31 3Ir15 4Ss2	4Ss6	250	999997	exact
4Lr35 3Ir15 4Lr31 3Ir15 4Ss6	4Lsr13	250	999997	exact
4Lr35 3Ir15 4Lr31 3Ir15 4Tr12	4Ss6	250	999997	exact
4Lr35 3Ir15 4Lr31 3Ir15 4Tr16	4Lsr13	250	999997	exact
4Lr35 3Ir15 4Lr31 3Ir15 4Tr27	4Lsr13	250	999997	exact
4Lr35 3Ir15 4Lr32	3Ir15	3	999997	exact
4Lr35 3Ir15 4Lr32 3Ir15 11	4Tr13	250	999997	exact
4Lr35 3Ir15 4Lr32 3Ir15 12	4Ss6	250	999997	exact
4Lr35 3Ir15 4Lr32 3Ir15 13	4Ss6	250	999997	exact
4Lr35 3Ir15 4Lr32 3Ir15 14	4Ss6	250	999997	exact
4Lr35 3Ir15 4Lr32 3Ir15 16	4Tr13	250	999997	exact
4Lr35 3Ir15 4Lr32 3Ir15 17	4Tr13	250	999997	exact
4Lr35 3Ir15 4Lr32 3Ir15 18	4Ss6	250	999997	exact
4Lr35 3Ir15 4Lr32 3Ir15 19	4Tr13	250	999997	exact
4Lr35 3Ir15 4Lr32 3Ir15 27	4Tr13	250	999997	exact
4Lr35 3Ir15 4Lr32 3Ir15 28	4Tr13	250	999997	exact
4Lr35 3Ir15 4Lr32 3Ir15 2r11	4Tr13	250	999997	exact
4Lr35 3Ir15 4Lr32 3Ir15 2r12	4Tr13	250	999997	exact
4Lr35 3Ir15 4Lr32 3Ir15 2r13	4Ss6	250	999997	exact
4Lr35 3Ir15 4Lr32 3Ir15 2r14	4Ss6	250	999997	exact
4Lr35 3Ir15 4Lr32 3Ir15 2r16	4Tr13	250	999997	exact
4Lr35 3Ir15 4Lr32 3Ir15 2r17	4Tr13	250	999997	exact
4Lr35 3Ir15 4Lr32 3Ir15 2r18	4Tr13	250	999997	exact
4Lr35 3Ir15 4Lr32 3Ir15 2r19	4Tr13	250	999997	exact
4Lr35 3Ir15 4Lr32 3Ir15 3I7	4Tr13	250	999997	exact
4Lr35 3Ir15 4Lr32 3Ir15 3Ir11	4Tr13	250	999997	exact
4Lr35 3Ir15 4Lr32 3Ir15 3Ir12	4Tr13	250	999997	exact
4Lr35 3Ir15 4Lr32 3Ir15 3Ir13	4Ss6	250	999997	exact
4Lr35 3Ir15 4Lr32 3Ir15 3Ir14	4Ss6	250	999997	exact
4Lr35 3Ir15 4Lr32 3Ir15 3Ir16	4Tr13	250	999997	exact
4Lr35 3Ir15 4Lr32 3Ir15 3Ir17	4Tr13	250	999997	exact
4Lr35 3Ir15 4Lr32 3Ir15 3Ir18	4Tr13	250	999997	exact
4Lr35 3Ir15 4Lr32 3Ir15 3Ir19	4Tr13	250	999997	exact
4Lr35 3Ir15 4Lr32 3Ir15 3Lr13	4Ss6	250	999997	exact
4Lr35 3Ir15 4Lr32 3Ir15 3Lr16	4Tr13	250	999997	exact
4Lr35 3Ir15 4Lr32 3Ir15 3Lr27	4Tr13	250	999997	exact
4Lr35 3Ir15 4Lr32 3Ir15 3Lr28	4Tr13	250	999997	exact
4Lr35 3Ir15 4Lr32 3Ir15 3Lr37	4Tr13	250	999997	exact
4Lr35 3Ir15 4Lr32 3Ir15 3Lr38	4Tr13	250	999997	exact
4Lr35 3Ir15 4Lr32 3Ir15 4Sr16	4Tr13	250	999997	exact
4Lr35 3Ir15 4Lr32 3Ir15 4Ss3	4Ss6	250	999997	exact
4Lr35 3Ir15 4Lr32 3Ir15 4Ss6	4Tr13	250	999997	exact
4Lr35 3Ir15 4Lr32 3Ir15 4Tr13	4Ss6	250	999997	exact
4Lr35 3Ir15 4Lr32 3Ir15 4Tr16	4Tr13	250	999997	exact
4Lr35 3Ir15 4Lr32 3Ir15 4Tr27	4Tr13	250	999997	exact
4Lr35 3Ir15 4Lr33	4Ss6	20	999983	exact
4Lr35 3Ir15 4Lr33 4Ss6 11	3Ir15	250	999997	exact
4Lr35 3Ir15 4Lr33 4Ss6 12	3Ir15	250	999997	exact
4Lr35 3Ir15 4Lr33 4Ss6 13	3Ir15	250	999997	exact
4Lr35 3Ir15 4Lr33 4Ss6 14	3Ir15	250	999997	exact
4Lr35 3Ir15 4Lr33 4Ss6 15	4Lr13	250	999983	exact
4Lr35 3Ir15 4Lr33 4Ss6 16	3Ir15	250	999997	exact
4Lr35 3Ir15 4Lr33 4Ss6 17	3Ir15	250	999997	exact
4Lr35 3Ir15 4Lr33 4Ss6 18	3Ir15	250	999997	exact
4Lr35 3Ir15 4Lr33 4Ss6 19	3Ir15	250	999997	exact
4Lr35 3Ir15 4Lr33 4Ss6 21	3Ir15	250	999997	exact
4Lr35 3Ir15 4Lr33 4Ss6 28	3Ir15	250	999997	exact
4Lr35 3Ir15 4Lr33 4Ss6 2r11	3Ir15	250	999997	exact
4Lr35 3Ir15 4Lr33 4Ss6 2r12	3Ir15	250	999997	exact
4Lr35 3Ir15 4Lr33 4Ss6 2r13	3Ir15	250	999997	exact
4Lr35 3Ir15 4Lr33 4Ss6 2r14	3Ir15	250	999997	exact
4Lr35 3Ir15 4Lr33 4Ss6 2r15	4Lr13	250	999983	exact
4Lr35 3Ir15 4Lr33 4Ss6 2r16	3Ir15	250	999997	exact
4Lr35 3Ir15 4Lr33 4Ss6 2r17	3Ir15	250	999997	exact
4Lr35 3Ir15 4Lr33 4Ss6 2r18	3Ir15	250	999997	exact
4Lr35 3Ir15 4Lr33 4Ss6 2r19	3Ir15	250	999997	exact
4Lr35 3Ir15 4Lr33 4Ss6 3Ir11	3Ir15	250	999997	exact
4Lr35 3Ir15 4Lr33 4Ss6 3Ir12	3Ir15	250	999997	exact
4Lr35 3Ir15 4Lr33 4Ss6 3Ir13	3Ir15	250	999997	exact
4Lr35 3Ir15 4Lr33 4Ss6 3Ir14	3Ir15	250	999997	exact
4Lr35 3Ir15 4Lr33 4Ss6 3Ir15	4Tr16	250	999983	exact
4Lr35 3Ir15 4Lr33 4Ss6 3Ir16	3Ir16	250	999997	exact
4Lr35 3Ir15 4Lr33 4Ss6 3Ir17	3Ir15	250	999997	exact
4Lr35 3Ir15 4Lr33 4Ss6 3Ir18	3Ir15	250	999997	exact
4Lr35 3Ir15 4Lr33 4Ss6 3Ir19	3Ir15	250	999997	exact
4Lr35 3Ir15 4Lr33 4Ss6 3Lr16	3Ir15	250	999997	exact
4Lr35 3Ir15 4Lr33 4Ss6 3Lr21	3Ir15	250	999997	exact
4Lr35 3Ir15 4Lr33 4Ss6 3Lr28	3Ir15	250	999997	exact
4Lr35 3Ir15 4Lr33 4Ss6 3Lr31	3Ir15	250	999997	exact
4Lr35 3Ir15 4Lr33 4Ss6 3Lr38	3Ir15	250	999997	exact
4Lr35 3Ir15 4Lr33 4Ss6 4Ss6	3Ir15	250	999997	exact
4Lr35 3Ir15 4Lr33 4Ss6 4Tr16	3Ir15	250	999997	exact
4Lr35 3Ir15 4Lr37	4Lr17	21	999979	exact
4Lr35 3Ir15 4Lr38	3Ir15	3	999997	exact
4Lr35 3Ir15 4Lr38 3Ir15 11	4Lsr13	250	999997	exact
4Lr35 3Ir15 4Lr38 3Ir15 12	4Lsr13	250	999997	exact
4Lr35 3Ir15 4Lr38 3Ir15 13	4Tr13	250	999997	exact
4Lr35 3Ir15 4Lr38 3Ir15 14	4Ss6	250	999997	exact
4Lr35 3Ir15 4Lr38 3Ir15 16	4Lsr13	250	999997	exact
4Lr35 3Ir15 4Lr38 3Ir15 17	4Lsr13	250	999997	exact
4Lr35 3Ir15 4Lr38 3Ir15 18	4Lsr13	250	999997	exact
4Lr35 3Ir15 4Lr38 3Ir15 19	4Lsr13	250	999997	exact
4Lr35 3Ir15 4Lr38 3Ir15 21	4Ss6	250	999997	exact
4Lr35 3Ir15 4Lr38 3Ir15 22	4Ss6	250	999997	exact
4Lr35 3Ir15 4Lr38 3Ir15 23	4Ss6	250	999997	exact
4Lr35 3Ir15 4Lr38 3Ir15 2r11	4Ss6	250	999997	exact
4Lr35 3Ir15 4Lr38 3Ir15 2r12	4Ss6	250	999997	exact
4Lr35 3Ir15 4Lr38 3Ir15 2r13	4Ss6	250	999997	exact
4Lr35 3Ir15 4Lr38 3Ir15 2r14	4Ss6	250	999997	exact
4Lr35 3Ir15 4Lr38 3Ir15 2r16	4Lsr13	250	999997	exact
4Lr35 3Ir15 4Lr38 3Ir15 2r17	4Lsr13	250	999997	exact
4Lr35 3Ir15 4Lr38 3Ir15 2r18	4Lsr13	250	999997	exact
4Lr35 3Ir15 4Lr38 3Ir15 2r19	4Lsr13	250	999997	exact
4Lr35 3Ir15 4Lr38 3Ir15 3I1	4Ss6	250	999997	exact
4Lr35 3Ir15 4Lr38 3Ir15 3I2	4Ss6	250	999997	exact
4Lr35 3Ir15 4Lr38 3Ir15 3Ir11	4Ss6	250	999997	exact
4Lr35 3Ir15 4Lr38 3Ir15 3Ir12	4Ss6	250	999997	exact
4Lr35 3Ir15 4Lr38 3Ir15 3Ir13	4Ss6	250	999997	exact
4Lr35 3Ir15 4Lr38 3Ir15 3Ir14	4Ss6	250	999997	exact
4Lr35 3Ir15 4Lr38 3Ir15 3Ir16	4Lsr13	250	999997	exact
4Lr35 3Ir15 4Lr38 3Ir15 3Ir17	4Lsr13	250	999997	exact
4Lr35 3Ir15 4Lr38 3Ir15 3Ir18	4Lsr13	250	999997	exact
4Lr35 3Ir15 4Lr38 3Ir15 3Ir19	4Ss6	250	999997	exact
4Lr35 3Ir15 4Lr38 3Ir15 3Lr16	4Lsr13	250	999997	exact
4Lr35 3Ir15 4Lr38 3Ir15 3Lr21	4Lsr13	250	999997	exact
4Lr35 3Ir15 4Lr38 3Ir15 3Lr22	4Ss6	250	999997	exact
4Lr35 3Ir15 4Lr38 3Ir15 3Lr23	4Ss6	250	999997	exact
4Lr35 3Ir15 4Lr38 3Ir15 3Lr31	4Ss6	250	999997	exact
4Lr35 3Ir15 4Lr38 3Ir15 3Lr32	4Ss6	250	999997	exact
4Lr35 3Ir15 4Lr38 3Ir15 3Lr33	4Ss6	250	999997	exact
4Lr35 3Ir15 4Lr38 3Ir15 4Ss6	4Lsr13	250	999997	exact
4Lr35 3Ir15 4Lr38 3Ir15 4Tr16	4Lsr13	250	999997	exact
4Lr35 3Ir15 4Lr38 3Ir15 4Tr21	4Tr13	250	999997	exact
4Lr35 3Ir15 4Lr38 3Ir15 4Tr22	4Ss6	250	999997	exact
4Lr35 3Ir15 4Lsr11	3Ir15	3	999997	exact
4Lr35 3Ir15 4Lsr11 3Ir15 11	4Lsr13	250	999997	exact
4Lr35 3Ir15 4Lsr11 3Ir15 12	4Ss6	250	999997	exact
4Lr35 3Ir15 4Lsr11 3Ir15 13	4Ss6	250	999997	exact
4Lr35 3Ir15 4Lsr11 3Ir15 14	4S3	250	999997	exact
4Lr35 3Ir15 4Lsr11 3Ir15 16	4Lsr13	250	999997	exact
4Lr35 3Ir15 4Lsr11 3Ir15 17	4Lsr13	250	999997	exact
4Lr35 3Ir15 4Lsr11 3Ir15 18	4Lsr13	250	999997	exact
4Lr35 3Ir15 4Lsr11 3Ir15 19	4Lsr13	250	999997	exact
4Lr35 3Ir15 4Lsr11 3Ir15 23	4Ss6	250	999997	exact
4Lr35 3Ir15 4Lsr11 3Ir15 27	4Lsr13	250	999997	exact
4Lr35 3Ir15 4Lsr11 3Ir15 28	4Lsr13	250	999997	exact
4Lr35 3Ir15 4Lsr11 3Ir15 2r11	4Lsr13	250	999997	exact
4Lr35 3Ir15 4Lsr11 3Ir15 2r12	4Lsr13	250	999997	exact
4Lr35 3Ir15 4Lsr11 3Ir15 2r13	4Ss6	250	999997	exact
4Lr35 3Ir15 4Lsr11 3Ir15 2r14	4Ss6	250	999997	exact
4Lr35 3Ir15 4Lsr11 3Ir15 2r16	4Lsr13	250	999997	exact
4Lr35 3Ir15 4Lsr11 3Ir15 2r17	4Lsr13	250	999997	exact
4Lr35 3Ir15 4Lsr11 3Ir15 2r18	4Lsr13	250	999997	exact
4Lr35 3Ir15 4Lsr11 3Ir15 2r19	4Lsr13	250	999997	exact
4Lr35 3Ir15 4Lsr11 3Ir15 3I7	4Lsr13	250	999997	exact
4Lr35 3Ir15 4Lsr11 3Ir15 3Ir11	4Lsr13	250	999997	exact
4Lr35 3Ir15 4Lsr11 3Ir15 3Ir12	4Lsr13	250	999997	exact
4Lr35 3Ir15 4Lsr11 3Ir15 3Ir13	4Ss6	250	999997	exact
4Lr35 3Ir15 4Lsr11 3Ir15 3Ir14	4Ss6	250	999997	exact
4Lr35 3Ir15 4Lsr11 3Ir15 3Ir16	4Lsr13	250	999997	exact
4Lr35 3Ir15 4Lsr11 3Ir15 3Ir17	4Lsr13	250	999997	exact
4Lr35 3Ir15 4Lsr11 3Ir15 3Ir18	4Lsr13	250	999997	exact
4Lr35 3Ir15 4Lsr11 3Ir15 3Ir19	4Lsr13	250	999997	exact
4Lr35 3Ir15 4Lsr11 3Ir15 3Lr16	4Lsr13	250	999997	exact
4Lr35 3Ir15 4Lsr11 3Ir15 3Lr23	4Ss6	250	999997	exact
4Lr35 3Ir15 4Lsr11 3Ir15 3Lr27	4Lsr13	250	999997	exact
4Lr35 3Ir15 4Lsr11 3Ir15 3Lr28	4Lsr13	250	999997	exact
4Lr35 3Ir15 4Lsr11 3Ir15 3Lr33	4Ss6	250	999997	exact
4Lr35 3Ir15 4Lsr11 3Ir15 3Lr37	4Lsr13	250	999997	exact
4Lr35 3Ir15 4Lsr11 3Ir15 3Lr38	4Lsr13	250	999997	exact
4Lr35 3Ir15 4Lsr11 3Ir15 4Sr16	4Lsr13	250	999997	exact
4Lr35 3Ir15 4Lsr11 3Ir15 4Ss6	4Lsr13	250	999997	exact
4Lr35 3Ir15 4Lsr11 3Ir15 4Tr16	4Lsr13	250	999997	exact
4Lr35 3Ir15 4Lsr11 3Ir15 4Tr27	4Lsr13	250	999997	exact
4Lr35 3Ir15 4Lsr12	4Ss6	20	999982	exact
4Lr35 3Ir15 4Lsr12 4Ss6 11	3Ir15	250	999997	exact
4Lr35 3Ir15 4Lsr12 4Ss6 12	3Ir15	250	999997	exact
4Lr35 3Ir15 4Lsr12 4Ss6 13	3Ir15	250	999997	exact
4Lr35 3Ir15 4Lsr12 4Ss6 14	3Ir15	250	999997	exact
4Lr35 3Ir15 4Lsr12 4Ss6 15	4Lsr32	250	999982	exact
4Lr35 3Ir15 4Lsr12 4Ss6 16	3Ir15	250	999997	exact
4Lr35 3Ir15 4Lsr12 4Ss6 17	3Ir15	250	999997	exact
4Lr35 3Ir15 4Lsr12 4Ss6 18	3Ir15	250	999997	exact
4Lr35 3Ir15 4Lsr12 4Ss6 19	3Ir15	250	999997	exact
4Lr35 3Ir15 4Lsr12 4Ss6 28	3Ir15	250	999997	exact
4Lr35 3Ir15 4Lsr12 4Ss6 2r11	3Ir15	250	999997	exact
4Lr35 3Ir15 4Lsr12 4Ss6 2r12	3Ir15	250	999997	exact
4Lr35 3Ir15 4Lsr12 4Ss6 2r13	3Ir15	250	999997	exact
4Lr35 3Ir15 4Lsr12 4Ss6 2r14	3Ir15	250	999997	exact
4Lr35 3Ir15 4Lsr12 4Ss6 2r15	4Lsr32	250	999982	exact
4Lr35 3Ir15 4Lsr12 4Ss6 2r16	3Ir15	250	999997	exact
4Lr35 3Ir15 4Lsr12 4Ss6 2r17	3Ir15	250	999997	exact
4Lr35 3Ir15 4Lsr12 4Ss6 2r18	3Ir15	250	999997	exact
4Lr35 3Ir15 4Lsr12 4Ss6 2r19	3Ir15	250	999997	exact
4Lr35 3Ir15 4Lsr12 4Ss6 3Ir11	3Ir15	250	999997	exact
4Lr35 3Ir15 4Lsr12 4Ss6 3Ir12	3Ir15	250	999997	exact
4Lr35 3Ir15 4Lsr12 4Ss6 3Ir13	3Ir15	250	999997	exact
4Lr35 3Ir15 4Lsr12 4Ss6 3Ir14	3Ir15	250	999997	exact
4Lr35 3Ir15 4Lsr12 4Ss6 3Ir15	4Tr16	250	999982	exact
4Lr35 3Ir15 4Lsr12 4Ss6 3Ir16	3Ir15	250	999997	exact
4Lr35 3Ir15 4Lsr12 4Ss6 3Ir17	3Ir15	250	999997	exact
4Lr35 3Ir15 4Lsr12 4Ss6 3Ir18	3Ir15	250	999997	exact
4Lr35 3Ir15 4Lsr12 4Ss6 3Ir19	3Ir15	250	999997	exact
4Lr35 3Ir15 4Lsr12 4Ss6 3L1	3Ir15	250	999997	exact
4Lr35 3Ir15 4Lsr12 4Ss6 3Lr16	3Ir15	250	999997	exact
4Lr35 3Ir15 4Lsr12 4Ss6 3Lr28	3Ir15	250	999997	exact
4Lr35 3Ir15 4Lsr12 4Ss6 3Lr38	3Ir15	250	999997	exact
4Lr35 3Ir15 4Lsr12 4Ss6 4S1	3Ir15	250	999997	exact
4Lr35 3Ir15 4Lsr12 4Ss6 4Ss6	3Ir15	250	999997	exact
4Lr35 3Ir15 4Lsr12 4Ss6 4Tr16	3Ir15	250	999997	exact
4Lr35 3Ir15 4Lsr12 4Ss6 4Tr31	3Ir15	250	999997	exact
4Lr35 3Ir15 4Lsr13	4Lsr33	19	999985	exact
4Lr35 3Ir15 4Lsr13 4Lsr33 11	3Ir15	250	999995	exact
4Lr35 3Ir15 4Lsr13 4Lsr33 12	3Ir15	250	999995	exact
4Lr35 3Ir15 4Lsr13 4Lsr33 13	3Ir15	250	999995	exact
4Lr35 3Ir15 4Lsr13 4Lsr33 14	3Ir15	250	999995	exact
4Lr35 3Ir15 4Lsr13 4Lsr33 15	3Lr21	250	999985	exact
4Lr35 3Ir15 4Lsr13 4Lsr33 16	3Ir15	250	999995	exact
4Lr35 3Ir15 4Lsr13 4Lsr33 17	3Lr21	250	999987	exact
4Lr35 3Ir15 4Lsr13 4Lsr33 18	3Ir15	250	999995	exact
4Lr35 3Ir15 4Lsr13 4Lsr33 19	3Ir15	250	999995	exact
4Lr35 3Ir15 4Lsr13 4Lsr33 21	4Ss6	250	999985	exact
4Lr35 3Ir15 4Lsr13 4Lsr33 23	3Ir15	250	999995	exact
4Lr35 3Ir15 4Lsr13 4Lsr33 27	3Lr21	250	999991	exact
4Lr35 3Ir15 4Lsr13 4Lsr33 28	3Ir15	250	999995	exact
4Lr35 3Ir15 4Lsr13 4Lsr33 2r11	3Ir15	250	999995	exact
4Lr35 3Ir15 4Lsr13 4Lsr33 2r12	3Ir15	250	999993	exact
4Lr35 3Ir15 4Lsr13 4Lsr33 2r13	3Ir15	250	999995	exact
4Lr35 3Ir15 4Lsr13 4Lsr33 2r14	3Ir15	250	999995	exact
4Lr35 3Ir15 4Lsr13 4Lsr33 2r15	3Lr21	250	999985	exact
4Lr35 3Ir15 4Lsr13 4Lsr33 2r16	3Lr21	250	999986	exact
4Lr35 3Ir15 4Lsr13 4Lsr33 2r17	4Lsr11	250	999985	exact
4Lr35 3Ir15 4Lsr13 4Lsr33 2r18	3Ir15	250	999995	exact
4Lr35 3Ir15 4Lsr13 4Lsr33 2r19	3Ir15	250	999995	exact
4Lr35 3Ir15 4Lsr13 4Lsr33 3I7	3Lr21	250	999993	exact
4Lr35 3Ir15 4Lsr13 4Lsr33 3Ir11	3Ir15	250	999995	exact
4Lr35 3Ir15 4Lsr13 4Lsr33 3Ir12	4Ss6	250	999991	exact
4Lr35 3Ir15 4Lsr13 4Lsr33 3Ir13	3Ir15	250	999995	exact
4Lr35 3Ir15 4Lsr13 4Lsr33 3Ir14	4Tr14	250	999995	exact
4Lr35 3Ir15 4Lsr13 4Lsr33 3Ir15	4Lsr11	250	999987	exact
4Lr35 3Ir15 4Lsr13 4Lsr33 3Ir16	3Lr21	250	999989	exact
4Lr35 3Ir15 4Lsr13 4Lsr33 3Ir17	3Lr21	250	999987	exact
4Lr35 3Ir15 4Lsr13 4Lsr33 3Ir18	3Ir15	250	999995	exact
4Lr35 3Ir15 4Lsr13 4Lsr33 3Ir19	3Ir15	250	999995	exact
4Lr35 3Ir15 4Lsr13 4Lsr33 3Lr16	3Lr21	250	999989	exact
4Lr35 3Ir15 4Lsr13 4Lsr33 3Lr21	4Ss6	250	999987	exact
4Lr35 3Ir15 4Lsr13 4Lsr33 3Lr23	4Lr34	250	999995	exact
4Lr35 3Ir15 4Lsr13 4Lsr33 3Lr27	3Lr21	250	999987	exact
4Lr35 3Ir15 4Lsr13 4Lsr33 3Lr28	3Ir15	250	999995	exact
4Lr35 3Ir15 4Lsr13 4Lsr33 3Lr31	4Ss6	250	999987	exact
4Lr35 3Ir15 4Lsr13 4Lsr33 3Lr33	3Ir15	250	999995	exact
4Lr35 3Ir15 4Lsr13 4Lsr33 3Lr37	4Lsr11	250	999987	exact
4Lr35 3Ir15 4Lsr13 4Lsr33 3Lr38	3Ir15	250	999995	exact
4Lr35 3Ir15 4Lsr13 4Lsr33 4Sr16	3Lr21	250	999985	exact
4Lr35 3Ir15 4Lsr13 4Lsr33 4Ss6	3Lr21	250	999989	exact
4Lr35 3Ir15 4Lsr13 4Lsr33 4Tr16	3Lr21	250	999989	exact
4Lr35 3Ir15 4Lsr13 4Lsr33 4Tr27	3Lr21	250	999989	exact
4Lr35 3Ir15 4Lsr17	4Lsr13	21	999982	exact
4Lr35 3Ir15 4Lsr18	3Ir15	3	999997	exact
4Lr35 3Ir15 4Lsr18 3Ir15 11	4Lsr13	250	999997	exact
4Lr35 3Ir15 4Lsr18 3Ir15 12	4Lsr13	250	999997	exact
4Lr35 3Ir15 4Lsr18 3Ir15 13	4Ss6	250	999997	exact
4Lr35 3Ir15 4Lsr18 3Ir15 14	4Ss6	250	999997	exact
4Lr35 3Ir15 4Lsr18 3Ir15 16	4Lsr13	250	999997	exact
4Lr35 3Ir15 4Lsr18 3Ir15 17	4Lsr13	250	999997	exact
4Lr35 3Ir15 4Lsr18 3Ir15 18	4Lsr13	250	999997	exact
4Lr35 3Ir15 4Lsr18 3Ir15 19	4Lsr13	250	999997	exact
4Lr35 3Ir15 4Lsr18 3Ir15 21	4Lsr13	250	999997	exact
4Lr35 3Ir15 4Lsr18 3Ir15 22	4Ss6	250	999997	exact
4Lr35 3Ir15 4Lsr18 3Ir15 23	4Ss6	250	999997	exact
4Lr35 3Ir15 4Lsr18 3Ir15 2r11	4Ss6	250	999997	exact
4Lr35 3Ir15 4Lsr18 3Ir15 2r12	4Ss6	250	999997	exact
4Lr35 3Ir15 4Lsr18 3Ir15 2r13	4Ss6	250	999997	exact
4Lr35 3Ir15 4Lsr18 3Ir15 2r14	4Ss6	250	999997	exact
4Lr35 3Ir15 4Lsr18 3Ir15 2r16	4Lsr13	250	999997	exact
4Lr35 3Ir15 4Lsr18 3Ir15 2r17	4Lsr13	250	999997	exact
4Lr35 3Ir15 4Lsr18 3Ir15 2r18	4Lsr13	250	999997	exact
4Lr35 3Ir15 4Lsr18 3Ir15 2r19	4Lsr13	250	999997	exact
4Lr35 3Ir15 4Lsr18 3Ir15 3I1	4Ss6	250	999997	exact
4Lr35 3Ir15 4Lsr18 3Ir15 3I2	4Ss6	250	999997	exact
4Lr35 3Ir15 4Lsr18 3Ir15 3Ir11	4Ss6	250	999997	exact
4Lr35 3Ir15 4Lsr18 3Ir15 3Ir12	4Ss6	250	999997	exact
4Lr35 3Ir15 4Lsr18 3Ir15 3Ir13	4Ss6	250	999997	exact
4Lr35 3Ir15 4Lsr18 3Ir15 3Ir14	4Ss6	250	999997	exact
4Lr35 3Ir15 4Lsr18 3Ir15 3Ir16	4Lsr13	250	999997	exact
4Lr35 3Ir15 4Lsr18 3Ir15 3Ir17	4Lsr13	250	999997	exact
4Lr35 3Ir15 4Lsr18 3Ir15 3Ir18	4Lsr13	250	999997	exact
4Lr35 3Ir15 4Lsr18 3Ir15 3Ir19	4Lsr13	250	999997	exact
4Lr35 3Ir15 4Lsr18 3Ir15 3L7	4Lsr13	250	999997	exact
4Lr35 3Ir15 4Lsr18 3Ir15 3Lr16	4Lsr13	250	999997	exact
4Lr35 3Ir15 4Lsr18 3Ir15 3Lr21	4Lsr13	250	999997	exact
4Lr35 3Ir15 4Lsr18 3Ir15 3Lr22	4Ss6	250	999997	exact
4Lr35 3Ir15 4Lsr18 3Ir15 3Lr23	4Ss6	250	999997	exact
4Lr35 3Ir15 4Lsr18 3Ir15 3Lr31	4Lsr13	250	999997	exact
4Lr35 3Ir15 4Lsr18 3Ir15 3Lr32	4Ss6	250	999997	exact
4Lr35 3Ir15 4Lsr18 3Ir15 3Lr33	4Ss6	250	999997	exact
4Lr35 3Ir15 4Lsr18 3Ir15 4S7	4Lsr13	250	999997	exact
4Lr35 3Ir15 4Lsr18 3Ir15 4Ss6	4Lsr13	250	999997	exact
4Lr35 3Ir15 4Lsr18 3Ir15 4T6	4Lsr13	250	999997	exact
4Lr35 3Ir15 4Lsr18 3Ir15 4Tr16	4Lsr13	250	999997	exact
4Lr35 3Ir15 4Lsr18 3Ir15 4Tr21	4Tr13	250	999997	exact
4Lr35 3Ir15 4Lsr18 3Ir15 4Tr22	4Ss6	250	999997	exact
4Lr35 3Ir15 4Lsr18 3Ir15 4Tr37	4Lsr13	250	999997	exact
4Lr35 3Ir15 4Lsr21	3Ir15	3	999997	exact
4Lr35 3Ir15 4Lsr21 3Ir15 11	4Tr13	250	999997	exact
4Lr35 3Ir15 4Lsr21 3Ir15 12	4Tr13	250	999997	exact
4Lr35 3Ir15 4Lsr21 3Ir15 13	4Ss6	250	999997	exact
4Lr35 3Ir15 4Lsr21 3Ir15 14	4Ss6	250	999997	exact
4Lr35 3Ir15 4Lsr21 3Ir15 16	4Lr16	250	999997	exact
4Lr35 3Ir15 4Lsr21 3Ir15 17	4Tr13	250	999997	exact
4Lr35 3Ir15 4Lsr21 3Ir15 18	4Tr13	250	999997	exact
4Lr35 3Ir15 4Lsr21 3Ir15 19	4Tr13	250	999997	exact
4Lr35 3Ir15 4Lsr21 3Ir15 22	4Ss6	250	999997	exact
4Lr35 3Ir15 4Lsr21 3Ir15 27	4Tr13	250	999997	exact
4Lr35 3Ir15 4Lsr21 3Ir15 28	4Tr13	250	999997	exact
4Lr35 3Ir15 4Lsr21 3Ir15 2r11	4Tr13	250	999997	exact
4Lr35 3Ir15 4Lsr21 3Ir15 2r12	4Tr13	250	999997	exact
4Lr35 3Ir15 4Lsr21 3Ir15 2r13	4Ss6	250	999997	exact
4Lr35 3Ir15 4Lsr21 3Ir15 2r14	4Ss6	250	999997	exact
4Lr35 3Ir15 4Lsr21 3Ir15 2r16	4Tr13	250	999997	exact
4Lr35 3Ir15 4Lsr21 3Ir15 2r17	4Tr13	250	999997	exact
4Lr35 3Ir15 4Lsr21 3Ir15 2r18	4Tr13	250	999997	exact
4Lr35 3Ir15 4Lsr21 3Ir15 2r19	4Tr13	250	999997	exact
4Lr35 3Ir15 4Lsr21 3Ir15 3I7	4Tr13	250	999997	exact
4Lr35 3Ir15 4Lsr21 3Ir15 3Ir11	4Tr13	250	999997	exact
4Lr35 3Ir15 4Lsr21 3Ir15 3Ir12	4Tr13	250	999997	exact
4Lr35 3Ir15 4Lsr21 3Ir15 3Ir13	4Ss6	250	999997	exact
4Lr35 3Ir15 4Lsr21 3Ir15 3Ir14	4Ss6	250	999997	exact
4Lr35 3Ir15 4Lsr21 3Ir15 3Ir16	4Tr13	250	999997	exact
4Lr35 3Ir15 4Lsr21 3Ir15 3Ir17	4Tr13	250	999997	exact
4Lr35 3Ir15 4Lsr21 3Ir15 3Ir18	4Tr13	250	999997	exact
4Lr35 3Ir15 4Lsr21 3Ir15 3Ir19	4Tr13	250	999997	exact
4Lr35 3Ir15 4Lsr21 3Ir15 3Lr11	4Tr13	250	999997	exact
4Lr35 3Ir15 4Lsr21 3Ir15 3Lr13	4Ss6	250	999997	exact
4Lr35 3Ir15 4Lsr21 3Ir15 3Lr16	4Tr13	250	999997	exact
4Lr35 3Ir15 4Lsr21 3Ir15 3Lr22	4Ss6	250	999997	exact
4Lr35 3Ir15 4Lsr21 3Ir15 3Lr27	4Tr13	250	999997	exact
4Lr35 3Ir15 4Lsr21 3Ir15 3Lr28	4Tr13	250	999997	exact
4Lr35 3Ir15 4Lsr21 3Ir15 3Lr32	4Ss6	250	999997	exact
4Lr35 3Ir15 4Lsr21 3Ir15 3Lr37	4Tr13	250	999997	exact
4Lr35 3Ir15 4Lsr21 3Ir15 3Lr38	4Ss6	250	999997	exact
4Lr35 3Ir15 4Lsr21 3Ir15 4Sr11	4Ss6	250	999997	exact
4Lr35 3Ir15 4Lsr21 3Ir15 4Sr16	4Tr13	250	999997	exact
4Lr35 3Ir15 4Lsr21 3Ir15 4Ss1	4Tr13	250	999997	exact
4Lr35 3Ir15 4Lsr21 3Ir15 4Ss3	4Ss6	250	999997	exact
4Lr35 3Ir15 4Lsr21 3Ir15 4Ss6	4Tr13	250	999997	exact
4Lr35 3Ir15 4Lsr21 3Ir15 4Tr11	4Tr13	250	999997	exact
4Lr35 3Ir15 4Lsr21 3Ir15 4Tr13	4Ss6	250	999997	exact
4Lr35 3Ir15 4Lsr21 3Ir15 4Tr16	4Tr13	250	999997	exact
4Lr35 3Ir15 4Lsr21 3Ir15 4Tr27	4Tr13	250	999997	exact
4Lr35 3Ir15 4Lsr22	4Ss6	19	999985	exact
4Lr35 3Ir15 4Lsr27	4Lsr13	21	999984	exact
4Lr35 3Ir15 4Sr16	4Lsr13	21	999980	exact
4Lr35 3Ir15 4Ss6	4Tr16	21	999985	exact
4Lr35 3Ir15 4Ss6 4Tr16 12	3Ir15	250	999995	exact
4Lr35 3Ir15 4Tr16	4S6	21	999981	exact
4Lr35 3Ir15 4Tr21	3Ir15	3	999997	exact
4Lr35 3Ir15 4Tr21 3Ir15 11	4Tr13	250	999997	exact
4Lr35 3Ir15 4Tr21 3Ir15 12	4Tr13	250	999997	exact
4Lr35 3Ir15 4Tr21 3Ir15 13	4Ss6	250	999997	exact
4Lr35 3Ir15 4Tr21 3Ir15 14	4Ss6	250	999997	exact
4Lr35 3Ir15 4Tr21 3Ir15 16	4Tr13	250	999997	exact
4Lr35 3Ir15 4Tr21 3Ir15 17	4Tr13	250	999997	exact
4Lr35 3Ir15 4Tr21 3Ir15 18	4Tr13	250	999997	exact
4Lr35 3Ir15 4Tr21 3Ir15 19	4Tr13	250	999997	exact
4Lr35 3Ir15 4Tr21 3Ir15 27	4Tr13	250	999997	exact
4Lr35 3Ir15 4Tr21 3Ir15 28	4Tr13	250	999997	exact
4Lr35 3Ir15 4Tr21 3Ir15 2r11	4Tr13	250	999997	exact
4Lr35 3Ir15 4Tr21 3Ir15 2r12	4Tr13	250	999997	exact
4Lr35 3Ir15 4Tr21 3Ir15 2r13	4Ss6	250	999997	exact
4Lr35 3Ir15 4Tr21 3Ir15 2r14	4Ss6	250	999997	exact
4Lr35 3Ir15 4Tr21 3Ir15 2r16	4Tr13	250	999997	exact
4Lr35 3Ir15 4Tr21 3Ir15 2r17	4Tr13	250	999997	exact
4Lr35 3Ir15 4Tr21 3Ir15 2r18	4Tr13	250	999997	exact
4Lr35 3Ir15 4Tr21 3Ir15 2r19	4Tr13	250	999997	exact
4Lr35 3Ir15 4Tr21 3Ir15 3I7	4Tr13	250	999997	exact
4Lr35 3Ir15 4Tr21 3Ir15 3Ir11	4Tr13	250	999997	exact
4Lr35 3Ir15 4Tr21 3Ir15 3Ir12	4Tr13	250	999997	exact
4Lr35 3Ir15 4Tr21 3Ir15 3Ir13	4Ss6	250	999997	exact
4Lr35 3Ir15 4Tr21 3Ir15 3Ir14	4Ss6	250	999997	exact
4Lr35 3Ir15 4Tr21 3Ir15 3Ir16	4Tr13	250	999997	exact
4Lr35 3Ir15 4Tr21 3Ir15 3Ir17	4Tr13	250	999997	exact
4Lr35 3Ir15 4Tr21 3Ir15 3Ir18	4Tr13	250	999997	exact
4Lr35 3Ir15 4Tr21 3Ir15 3Ir19	4Tr13	250	999997	exact
4Lr35 3Ir15 4Tr21 3Ir15 3L1	4Tr13	250	999997	exact
4Lr35 3Ir15 4Tr21 3Ir15 3Lr12	4Ss6	250	999997	exact
4Lr35 3Ir15 4Tr21 3Ir15 3Lr13	4Ss6	250	999997	exact
4Lr35 3Ir15 4Tr21 3Ir15 3Lr16	4Tr13	250	999997	exact
4Lr35 3Ir15 4Tr21 3Ir15 3Lr27	4Tr13	250	999997	exact
4Lr35 3Ir15 4Tr21 3Ir15 3Lr28	4Tr13	250	999997	exact
4Lr35 3Ir15 4Tr21 3Ir15 3Lr37	4Tr13	250	999997	exact
4Lr35 3Ir15 4Tr21 3Ir15 3Lr38	4Tr13	250	999997	exact
4Lr35 3Ir15 4Tr21 3Ir15 4Lr27	4Tr13	250	999997	exact
4Lr35 3Ir15 4Tr21 3Ir15 4Lr37	4Tr13	250	999997	exact
4Lr35 3Ir15 4Tr21 3Ir15 4Lr38	4Tr13	250	999997	exact
4Lr35 3Ir15 4Tr21 3Ir15 4Lsr17	4Tr13	250	999997	exact
4Lr35 3Ir15 4Tr21 3Ir15 4Lsr18	4Tr13	250	999997	exact
4Lr35 3Ir15 4Tr21 3Ir15 4Lsr27	4Tr13	250	999997	exact
4Lr35 3Ir15 4Tr21 3Ir15 4S1	4Tr13	250	999997	exact
4Lr35 3Ir15 4Tr21 3Ir15 4Sr16	4Tr13	250	999997	exact
4Lr35 3Ir15 4Tr21 3Ir15 4Ss2	4Ss6	250	999997	exact
4Lr35 3Ir15 4Tr21 3Ir15 4Ss3	4Ss6	250	999997	exact
4Lr35 3Ir15 4Tr21 3Ir15 4Ss6	4Tr13	250	999997	exact
4Lr35 3Ir15 4Tr21 3Ir15 4Tr12	4Ss6	250	999997	exact
4Lr35 3Ir15 4Tr21 3Ir15 4Tr13	4Ss6	250	999997	exact
4Lr35 3Ir15 4Tr21 3Ir15 4Tr16	4Tr13	250	999997	exact
4Lr35 3Ir15 4Tr21 3Ir15 4Tr27	4Tr13	250	999997	exact
4Lr35 3Ir15 4Tr21 3Ir15 4Tr31	4Tr13	250	999997	exact
4Lr35 3Ir15 4Tr22	4Ss6	19	999983	exact
4Lr35 3Ir15 4Tr27	4Lsr13	22	999978	exact
4Lr37	3Ir17	22	3145
4Tr23	4Tr27	23	-7570
4Tr23 4Tr27 15	4Lsr14	19	999986	exact
4Tr23 4Tr27 15 4Lsr14 11	4Tr36	250	999986	exact
4Tr23 4Tr27 15 4Lsr14 12	4Tr36	250	999987	exact
4Tr23 4Tr27 15 4Lsr14 13	4S6	250	999987	exact
4Tr23 4Tr27 15 4Lsr14 14	4S2	250	999987	exact
4Tr23 4Tr27 15 4Lsr14 15	4Tr36	250	999986	exact
4Tr23 4Tr27 15 4Lsr14 16	4S2	250	999987	exact
4Tr23 4Tr27 15 4Lsr14 17	4S2	250	999987	exact
4Tr23 4Tr27 15 4Lsr14 18	4S2	250	999987	exact
4Tr23 4Tr27 15 4Lsr14 19	4Tr36	250	999987	exact
4Tr23 4Tr27 15 4Lsr14 21	4Tr36	250	999987	exact
4Tr23 4Tr27 15 4Lsr14 2r14	4S6	250	999986	exact
4Tr23 4Tr27 15 4Lsr14 2r15	4S6	250	999987	exact
4Tr23 4Tr27 15 4Lsr14 2r16	4S2	250	999986	exact
4Tr23 4Tr27 15 4Lsr14 2r17	4Ss8	250	999986	exact
4Tr23 4Tr27 15 4Lsr14 2r18	4S6	250	999986	exact
4Tr23 4Tr27 15 4Lsr14 2r19	4S6	250	999987	exact
4Tr23 4Tr27 15 4Lsr14 3Ir12	4S6	250	999987	exact
4Tr23 4Tr27 15 4Lsr14 3Ir13	4Ss3	250	999987	exact
4Tr23 4Tr27 15 4Lsr14 3Ir15	4Ss8	250	999986	exact
4Tr23 4Tr27 15 4Lsr14 3Ir18	4S6	250	999986	exact
4Tr23 4Tr27 15 4Lsr14 3L2	4Tr33	250	999987	exact
4Tr23 4Tr27 15 4Lsr14 3Lr18	4S6	250	999987	exact
4Tr23 4Tr27 15 4Lsr14 4Tr37	4S2	250	999986	exact
4Tr23 4Tr27 3Ir16	4Lr16	17	999985	exact
4Tr23 4Tr27 3Ir16 4Lr16 11	3Ir17	250	999985	exact
4Tr23 4Tr27 3Ir16 4Lr16 12	3Ir16	250	999989	exact
4Tr23 4Tr27 3Ir16 4Lr16 13	3Ir16	250	999987	exact
4Tr23 4Tr27 3Ir16 4Lr16 14	3Ir16	250	999987	exact
4Tr23 4Tr27 3Ir16 4Lr16 15	3Ir16	250	999987	exact
4Tr23 4Tr27 3Ir16 4Lr16 16	4Ss6	250	999987	exact
4Tr23 4Tr27 3Ir16 4Lr16 17	4Tr14	250	999985	exact
4Tr23 4Tr27 3Ir16 4Lr16 18	3Ir16	250	999987	exact
4Tr23 4Tr27 3Ir16 4Lr16 19	3Ir16	250	999987	exact
4Tr23 4Tr27 3Ir16 4Lr16 21	4S3	250	999987	exact
4Tr23 4Tr27 3Ir16 4Lr16 26	4Tr14	250	999987	exact
4Tr23 4Tr27 3Ir16 4Lr16 2r11	3Ir17	250	999987	exact
4Tr23 4Tr27 3Ir16 4Lr16 2r12	3Ir17	250	999987	exact
4Tr23 4Tr27 3Ir16 4Lr16 2r13	3Ir17	250	999987	exact
4Tr23 4Tr27 3Ir16 4Lr16 2r14	2r14	250	999985	exact
4Tr23 4Tr27 3Ir16 4Lr16 2r15	3Ir17	250	999987	exact
4Tr23 4Tr27 3Ir16 4Lr16 2r16	4Tr14	250	999987	exact
4Tr23 4Tr27 3Ir16 4Lr16 2r17	4Tr33	250	999987	exact
4Tr23 4Tr27 3Ir16 4Lr16 2r18	3Ir16	250	999987	exact
4Tr23 4Tr27 3Ir16 4Lr16 2r19	4Tr14	250	999987	exact
4Tr23 4Tr27 3Ir16 4Lr16 3Ir11	4Tr14	250	999986	exact
4Tr23 4Tr27 3Ir16 4Lr16 3Ir12	3Ir16	250	999987	exact
4Tr23 4Tr27 3Ir16 4Lr16 3Ir13	4Tr14	250	999985	exact
4Tr23 4Tr27 3Ir16 4Lr16 3Ir14	3Lr26	250	999987	exact
4Tr23 4Tr27 3Ir16 4Lr16 3Ir15	4Lr35	250	999987	exact
4Tr23 4Tr27 3Ir16 4Lr16 3Ir16	4Tr14	250	999985	exact
4Tr23 4Tr27 3Ir16 4Lr16 3Ir17	4S3	250	999985	exact
4Tr23 4Tr27 3Ir16 4Lr16 3Ir18	3Ir16	250	999987	exact
4Tr23 4Tr27 3Ir16 4Lr16 3Ir19	3Ir16	250	999987	exact
4Tr23 4Tr27 3Ir16 4Lr16 3L2	3Ir16	250	999989	exact
4Tr23 4Tr27 3Ir16 4Lr16 3L3	3Ir16	250	999987	exact
4Tr23 4Tr27 3Ir16 4Lr16 3Lr14	3Ir16	250	999987	exact
4Tr23 4Tr27 3Ir16 4Lr16 3Lr18	3Ir16	250	999987	exact
4Tr23 4Tr27 3Ir16 4Lr16 3Lr21	3Ir17	250	999987	exact
4Tr23 4Tr27 3Ir16 4Lr16 3Lr26	4Tr14	250	999987	exact
4Tr23 4Tr27 3Ir16 4Lr16 3Lr31	3Ir17	250	999985	exact
4Tr23 4Tr27 3Ir16 4Lr16 3Lr36	4Tr14	250	999987	exact
4Tr23 4Tr27 3Ir16 4Lr16 4Lr17	4Tr14	250	999987	exact
4Tr23 4Tr27 3Ir16 4Lr16 4Lr31	4Tr14	250	999987	exact
4Tr23 4Tr27 3Ir16 4Lr16 4Lr36	4Tr14	250	999987	exact
4Tr23 4Tr27 3Ir16 4Lr16 4Lsr11	4Tr14	250	999985	exact
4Tr23 4Tr27 3Ir16 4Lr16 4Lsr16	4Tr14	250	999987	exact
4Tr23 4Tr27 3Ir16 4Lr16 4S2	3Ir16	250	999987	exact
4Tr23 4Tr27 3Ir16 4Lr16 4S3	3Ir16	250	999987	exact
4Tr23 4Tr27 3Ir16 4Lr16 4Ss4	3Ir17	250	999987	exact
4Tr23 4Tr27 3Ir16 4Lr16 4Ss8	3Ir16	250	999986	exact
4Tr23 4Tr27 3Ir16 4Lr16 4Ssr11	3Ir16	250	999985	exact
4Tr23 4Tr27 3Ir16 4Lr16 4Tr14	3Ir16	250	999987	exact
4Tr23 4Tr27 3Ir16 4Lr16 4Tr18	3Ir16	250	999987	exact
4Tr23 4Tr27 3Ir16 4Lr16 4Tr32	3Ir16	250	999987	exact
4Tr23 4Tr27 3Ir16 4Lr16 4Tr33	4Ss3	250	999987	exact
4Tr23 4Tr27 4Ssr11	4Tr14	22	999979	exact
4Tr23 4Tr27 4Ssr11 4Tr14 15	4Lsr34	250	999982	exact
