4Lsr14 3Ir15 3Ir14 11	4Lsr34	19	999985	exact
4Lsr14 3Ir15 3Ir14 11 4Lsr34 11	2r14	250	999997	exact
4Lsr14 3Ir15 3Ir14 11 4Lsr34 12	2r14	250	999997	exact
4Lsr14 3Ir15 3Ir14 11 4Lsr34 13	2r14	250	999997	exact
4Lsr14 3Ir15 3Ir14 11 4Lsr34 14	3Lr14	250	999997	exact
4Lsr14 3Ir15 3Ir14 11 4Lsr34 15	3L4	250	999997	exact
4Lsr14 3Ir15 3Ir14 11 4Lsr34 16	2r14	250	999997	exact
4Lsr14 3Ir15 3Ir14 11 4Lsr34 17	2r14	250	999997	exact
4Lsr14 3Ir15 3Ir14 11 4Lsr34 18	2r14	250	999997	exact
4Lsr14 3Ir15 3Ir14 11 4Lsr34 19	2r14	250	999997	exact
4Lsr14 3Ir15 3Ir14 11 4Lsr34 22	2r14	250	999997	exact
4Lsr14 3Ir15 3Ir14 11 4Lsr34 24	4Tr26	250	999985	exact
4Lsr14 3Ir15 3Ir14 11 4Lsr34 26	2r14	250	999997	exact
4Lsr14 3Ir15 3Ir14 11 4Lsr34 27	2r14	250	999997	exact
4Lsr14 3Ir15 3Ir14 11 4Lsr34 28	2r14	250	999997	exact
4Lsr14 3Ir15 3Ir14 11 4Lsr34 2r11	2r14	250	999997	exact
4Lsr14 3Ir15 3Ir14 11 4Lsr34 2r12	2r14	250	999997	exact
4Lsr14 3Ir15 3Ir14 11 4Lsr34 2r13	2r14	250	999997	exact
4Lsr14 3Ir15 3Ir14 11 4Lsr34 2r14	2r15	250	999997	exact
4Lsr14 3Ir15 3Ir14 11 4Lsr34 2r15	2r14	250	999997	exact
4Lsr14 3Ir15 3Ir14 11 4Lsr34 2r16	2r14	250	999997	exact
4Lsr14 3Ir15 3Ir14 11 4Lsr34 2r17	3Lr24	250	999997	exact
4Lsr14 3Ir15 3Ir14 11 4Lsr34 2r18	2r14	250	999997	exact
4Lsr14 3Ir15 3Ir14 11 4Lsr34 2r19	2r14	250	999997	exact
4Lsr14 3Ir15 3Ir14 11 4Lsr34 3I6	2r14	250	999997	exact
4Lsr14 3Ir15 3Ir14 11 4Lsr34 3I7	2r14	250	999997	exact
4Lsr14 3Ir15 3Ir14 11 4Lsr34 3Ir11	2r14	250	999997	exact
4Lsr14 3Ir15 3Ir14 11 4Lsr34 3Ir12	2r14	250	999997	exact
4Lsr14 3Ir15 3Ir14 11 4Lsr34 3Ir13	2r14	250	999997	exact
4Lsr14 3Ir15 3Ir14 11 4Lsr34 3Ir16	2r14	250	999997	exact
4Lsr14 3Ir15 3Ir14 11 4Lsr34 3Ir17	2r14	250	999997	exact
4Lsr14 3Ir15 3Ir14 11 4Lsr34 3Ir18	2r14	250	999997	exact
4Lsr14 3Ir15 3Ir14 11 4Lsr34 3Ir19	2r14	250	999997	exact
4Lsr14 3Ir15 3Ir14 11 4Lsr34 3Lr11	2r14	250	999997	exact
4Lsr14 3Ir15 3Ir14 11 4Lsr34 3Lr22	2r14	250	999997	exact
4Lsr14 3Ir15 3Ir14 11 4Lsr34 3Lr24	4Tr26	250	999985	exact
4Lsr14 3Ir15 3Ir14 11 4Lsr34 3Lr26	2r14	250	999997	exact
4Lsr14 3Ir15 3Ir14 11 4Lsr34 3Lr27	2r14	250	999997	exact
4Lsr14 3Ir15 3Ir14 11 4Lsr34 3Lr28	2r14	250	999997	exact
4Lsr14 3Ir15 3Ir14 11 4Lsr34 3Lr32	2r14	250	999997	exact
4Lsr14 3Ir15 3Ir14 11 4Lsr34 3Lr34	4Tr26	250	999985	exact
4Lsr14 3Ir15 3Ir14 11 4Lsr34 3Lr36	2r14	250	999997	exact
4Lsr14 3Ir15 3Ir14 11 4Lsr34 3Lr37	2r14	250	999997	exact
4Lsr14 3Ir15 3Ir14 11 4Lsr34 3Lr38	2r14	250	999997	exact
4Lsr14 3Ir15 3Ir14 11 4Lsr34 4Lr26	2r14	250	999997	exact
4Lsr14 3Ir15 3Ir14 11 4Lsr34 4Lr27	2r14	250	999997	exact
4Lsr14 3Ir15 3Ir14 11 4Lsr34 4Lr32	2r14	250	999997	exact
4Lsr14 3Ir15 3Ir14 11 4Lsr34 4Lr36	2r14	250	999997	exact
4Lsr14 3Ir15 3Ir14 11 4Lsr34 4Lr37	2r14	250	999997	exact
4Lsr14 3Ir15 3Ir14 11 4Lsr34 4Lr38	2r14	250	999997	exact
4Lsr14 3Ir15 3Ir14 11 4Lsr34 4Lsr12	2r14	250	999997	exact
4Lsr14 3Ir15 3Ir14 11 4Lsr34 4Lsr16	2r14	250	999997	exact
4Lsr14 3Ir15 3Ir14 11 4Lsr34 4Lsr17	2r14	250	999997	exact
4Lsr14 3Ir15 3Ir14 11 4Lsr34 4Lsr18	3Lr24	250	999997	exact
4Lsr14 3Ir15 3Ir14 11 4Lsr34 4Lsr26	2r14	250	999997	exact
4Lsr14 3Ir15 3Ir14 11 4Lsr34 4Lsr27	2r14	250	999997	exact
4Lsr14 3Ir15 3Ir14 11 4Lsr34 4Sr11	2r14	250	999997	exact
4Lsr14 3Ir15 3Ir14 11 4Lsr34 4Ss1	2r14	250	999997	exact
4Lsr14 3Ir15 3Ir14 11 4Lsr34 4Tr11	2r14	250	999997	exact
4Lsr14 3Ir15 3Ir14 11 4Lsr34 4Tr26	2r14	250	999997	exact
4Lsr14 3Ir15 3Ir14 11 4Lsr34 4Tr27	2r14	250	999997	exact
4Lsr14 3Ir15 3Ir14 12	4Tr26	18	999986	exact
4Lsr14 3Ir15 3Ir14 12 4Tr26 11	4Ss8	250	999986	exact
4Lsr14 3Ir15 3Ir14 12 4Tr26 14	4Ss7	250	999986	exact
4Lsr14 3Ir15 3Ir14 12 4Tr26 15	4Ss8	250	999986	exact
4Lsr14 3Ir15 3Ir14 12 4Tr26 16	4Ss8	250	999986	exact
4Lsr14 3Ir15 3Ir14 12 4Tr26 17	4Ss2	250	999987	exact
4Lsr14 3Ir15 3Ir14 12 4Tr26 19	4Ss2	250	999986	exact
4Lsr14 3Ir15 3Ir14 12 4Tr26 2r12	4Ss8	250	999986	exact
4Lsr14 3Ir15 3Ir14 12 4Tr26 2r13	4S2	250	999987	exact
4Lsr14 3Ir15 3Ir14 12 4Tr26 2r14	4Ss8	250	999986	exact
4Lsr14 3Ir15 3Ir14 12 4Tr26 2r18	4S1	250	999987	exact
4Lsr14 3Ir15 3Ir14 12 4Tr26 2r19	4Ss7	250	999986	exact
4Lsr14 3Ir15 3Ir14 12 4Tr26 3Ir11	4Tr36	250	999986	exact
4Lsr14 3Ir15 3Ir14 12 4Tr26 3Ir12	4Ss7	250	999986	exact
4Lsr14 3Ir15 3Ir14 12 4Tr26 3Ir13	4S3	250	999986	exact
4Lsr14 3Ir15 3Ir14 12 4Tr26 3Ir14	4S1	250	999987	exact
4Lsr14 3Ir15 3Ir14 12 4Tr26 3Ir16	4Ss7	250	999987	exact
4Lsr14 3Ir15 3Ir14 12 4Tr26 3Ir19	4Lsr38	250	999986	exact
4Lsr14 3Ir15 3Ir14 12 4Tr26 3L6	4Ss8	250	999987	exact
4Lsr14 3Ir15 3Ir14 12 4Tr26 3Lr18	4Tr36	250	999986	exact
4Lsr14 3Ir15 3Ir14 12 4Tr26 4S6	4Ss2	250	999986	exact
4Lsr14 3Ir15 3Ir14 12 4Tr26 4Ss2	4Ss2	250	999986	exact
4Lsr14 3Ir15 3Ir14 12 4Tr26 4Tr18	4Tr36	250	999986	exact
4Lsr14 3Ir15 3Ir14 12 4Tr26 4Tr31	4Ss7	250	999986	exact
4Lsr14 3Ir15 3Ir14 13	4Tr26	19	999989	exact
4Lsr14 3Ir15 3Ir14 13 4Tr26 11	4Lsr34	250	999989	exact
4Lsr14 3Ir15 3Ir14 13 4Tr26 12	4Lsr34	250	999989	exact
4Lsr14 3Ir15 3Ir14 13 4Tr26 13	4Lsr33	250	999989	exact
4Lsr14 3Ir15 3Ir14 13 4Tr26 14	4Ssr11	250	999991	exact
4Lsr14 3Ir15 3Ir14 13 4Tr26 16	4Lsr34	250	999989	exact
4Lsr14 3Ir15 3Ir14 13 4Tr26 19	4Ssr11	250	999989	exact
4Lsr14 3Ir15 3Ir14 13 4Tr26 21	4Tr21	250	999993	exact
4Lsr14 3Ir15 3Ir14 13 4Tr26 2r11	3Ir15	250	999989	exact
4Lsr14 3Ir15 3Ir14 13 4Tr26 2r12	4Ss7	250	999989	exact
4Lsr14 3Ir15 3Ir14 13 4Tr26 2r13	4Tr33	250	999989	exact
4Lsr14 3Ir15 3Ir14 13 4Tr26 2r14	4Ssr11	250	999993	exact
4Lsr14 3Ir15 3Ir14 13 4Tr26 2r15	4Ssr11	250	999991	exact
4Lsr14 3Ir15 3Ir14 13 4Tr26 2r17	4Ss8	250	999989	exact
4Lsr14 3Ir15 3Ir14 13 4Tr26 2r18	4Ssr11	250	999989	exact
4Lsr14 3Ir15 3Ir14 13 4Tr26 2r19	4S8	250	999989	exact
4Lsr14 3Ir15 3Ir14 13 4Tr26 3Ir11	4Ss8	250	999989	exact
4Lsr14 3Ir15 3Ir14 13 4Tr26 3Ir13	4Lsr13	250	999989	exact
4Lsr14 3Ir15 3Ir14 13 4Tr26 3Ir14	4Ssr11	250	999991	exact
4Lsr14 3Ir15 3Ir14 13 4Tr26 3Ir15	4Ss8	250	999989	exact
4Lsr14 3Ir15 3Ir14 13 4Tr26 3Ir16	4Ss8	250	999989	exact
4Lsr14 3Ir15 3Ir14 13 4Tr26 3Ir17	4Ss8	250	999989	exact
4Lsr14 3Ir15 3Ir14 13 4Tr26 3Ir18	4Tr32	250	999989	exact
4Lsr14 3Ir15 3Ir14 13 4Tr26 3Ir19	4Lsr38	250	999989	exact
4Lsr14 3Ir15 3Ir14 13 4Tr26 3L6	3Ir15	250	999995	exact
4Lsr14 3Ir15 3Ir14 13 4Tr26 3Lr17	2r19	250	999989	exact
4Lsr14 3Ir15 3Ir14 13 4Tr26 3Lr18	4Lr27	250	999989	exact
4Lsr14 3Ir15 3Ir14 13 4Tr26 3Lr21	4Ss2	250	999989	exact
4Lsr14 3Ir15 3Ir14 13 4Tr26 4Lr31	4Lr11	250	999989	exact
4Lsr14 3Ir15 3Ir14 13 4Tr26 4Lsr11	4Lsr31	250	999989	exact
4Lsr14 3Ir15 3Ir14 13 4Tr26 4S2	4S2	250	999989	exact
4Lsr14 3Ir15 3Ir14 13 4Tr26 4Ss7	4Lsr34	250	999989	exact
4Lsr14 3Ir15 3Ir14 13 4Tr26 4Ss8	4S7	250	999989	exact
4Lsr14 3Ir15 3Ir14 13 4Tr26 4Tr17	4Lsr34	250	999989	exact
4Lsr14 3Ir15 3Ir14 13 4Tr26 4Tr36	4Ss8	250	999991	exact
4Lsr14 3Ir15 3Ir14 14	4Tr26	18	999987	exact
4Lsr14 3Ir15 3Ir14 14 4Tr26 11	4Sr11	250	999993	exact
4Lsr14 3Ir15 3Ir14 14 4Tr26 12	4Ss2	250	999987	exact
4Lsr14 3Ir15 3Ir14 14 4Tr26 13	4Ssr11	250	999993	exact
4Lsr14 3Ir15 3Ir14 14 4Tr26 14	4Ss8	250	999987	exact
4Lsr14 3Ir15 3Ir14 14 4Tr26 15	4Tr21	250	999987	exact
4Lsr14 3Ir15 3Ir14 14 4Tr26 16	4Tr21	250	999993	exact
4Lsr14 3Ir15 3Ir14 14 4Tr26 17	4Ss8	250	999987	exact
4Lsr14 3Ir15 3Ir14 14 4Tr26 18	4Tr21	250	999995	exact
4Lsr14 3Ir15 3Ir14 14 4Tr26 19	4Sr17	250	999987	exact
4Lsr14 3Ir15 3Ir14 14 4Tr26 21	4Lsr11	250	999987	exact
4Lsr14 3Ir15 3Ir14 14 4Tr26 22	4Lr32	250	999987	exact
4Lsr14 3Ir15 3Ir14 14 4Tr26 2r11	4Ss8	250	999987	exact
4Lsr14 3Ir15 3Ir14 14 4Tr26 2r12	4Lsr31	250	999987	exact
4Lsr14 3Ir15 3Ir14 14 4Tr26 2r13	2r13	250	999987	exact
4Lsr14 3Ir15 3Ir14 14 4Tr26 2r14	4Tr21	250	999993	exact
4Lsr14 3Ir15 3Ir14 14 4Tr26 2r15	4Tr21	250	999993	exact
4Lsr14 3Ir15 3Ir14 14 4Tr26 2r16	4Tr21	250	999993	exact
4Lsr14 3Ir15 3Ir14 14 4Tr26 2r17	4Ss8	250	999987	exact
4Lsr14 3Ir15 3Ir14 14 4Tr26 2r18	4Tr21	250	999993	exact
4Lsr14 3Ir15 3Ir14 14 4Tr26 2r19	4T7	250	999987	exact
4Lsr14 3Ir15 3Ir14 14 4Tr26 3I1	4Tr21	250	999989	exact
4Lsr14 3Ir15 3Ir14 14 4Tr26 3Ir11	4Tr17	250	999987	exact
4Lsr14 3Ir15 3Ir14 14 4Tr26 3Ir12	4Ss8	250	999987	exact
4Lsr14 3Ir15 3Ir14 14 4Tr26 3Ir13	2r13	250	999987	exact
4Lsr14 3Ir15 3Ir14 14 4Tr26 3Ir14	4Ss8	250	999987	exact
4Lsr14 3Ir15 3Ir14 14 4Tr26 3Ir15	4Ss8	250	999987	exact
4Lsr14 3Ir15 3Ir14 14 4Tr26 3Ir16	4Tr21	250	999987	exact
4Lsr14 3Ir15 3Ir14 14 4Tr26 3Ir17	4Ss8	250	999987	exact
4Lsr14 3Ir15 3Ir14 14 4Tr26 3Ir18	2r19	250	999987	exact
4Lsr14 3Ir15 3Ir14 14 4Tr26 3Ir19	4Lsr38	250	999987	exact
4Lsr14 3Ir15 3Ir14 14 4Tr26 3L4	4Tr21	250	999991	exact
4Lsr14 3Ir15 3Ir14 14 4Tr26 3L6	4Ss8	250	999987	exact
4Lsr14 3Ir15 3Ir14 14 4Tr26 3Lr18	4Lr27	250	999987	exact
4Lsr14 3Ir15 3Ir14 14 4Tr26 3Lr21	4S1	250	999987	exact
4Lsr14 3Ir15 3Ir14 14 4Tr26 3Lr22	4S2	250	999987	exact
4Lsr14 3Ir15 3Ir14 14 4Tr26 3Lr31	4Tr11	250	999987	exact
4Lsr14 3Ir15 3Ir14 14 4Tr26 3Lr32	4Tr12	250	999987	exact
4Lsr14 3Ir15 3Ir14 14 4Tr26 4Lr21	4Tr32	250	999987	exact
4Lsr14 3Ir15 3Ir14 14 4Tr26 4Lr31	4Lr11	250	999987	exact
4Lsr14 3Ir15 3Ir14 14 4Tr26 4Lr32	4Lr12	250	999987	exact
4Lsr14 3Ir15 3Ir14 14 4Tr26 4Lsr11	4Lsr31	250	999987	exact
4Lsr14 3Ir15 3Ir14 14 4Tr26 4Lsr12	4Lsr33	250	999987	exact
4Lsr14 3Ir15 3Ir14 14 4Tr26 4Lsr21	4Sr11	250	999993	exact
4Lsr14 3Ir15 3Ir14 14 4Tr26 4S4	4Tr21	250	999993	exact
4Lsr14 3Ir15 3Ir14 14 4Tr26 4S6	4Ss8	250	999987	exact
4Lsr14 3Ir15 3Ir14 14 4Tr26 4Ss7	2r19	250	999989	exact
4Lsr14 3Ir15 3Ir14 14 4Tr26 4Ss8	4S7	250	999987	exact
4Lsr14 3Ir15 3Ir14 14 4Tr26 4Tr17	2r19	250	999987	exact
4Lsr14 3Ir15 3Ir14 14 4Tr26 4Tr18	4Ssr17	250	999987	exact
4Lsr14 3Ir15 3Ir14 14 4Tr26 4Tr21	4Ss2	250	999987	exact
4Lsr14 3Ir15 3Ir14 14 4Tr26 4Tr34	4Tr21	250	999993	exact
4Lsr14 3Ir15 3Ir14 14 4Tr26 4Tr36	4Ss8	250	999987	exact
4Lsr14 3Ir15 3Ir14 15	4Tr26	18	999987	exact
4Lsr14 3Ir15 3Ir14 15 4Tr26 11	4Sr11	250	999993	exact
4Lsr14 3Ir15 3Ir14 15 4Tr26 12	4Ss2	250	999987	exact
4Lsr14 3Ir15 3Ir14 15 4Tr26 13	2r14	250	999987	exact
4Lsr14 3Ir15 3Ir14 15 4Tr26 14	4Tr21	250	999987	exact
4Lsr14 3Ir15 3Ir14 15 4Tr26 15	4Tr21	250	999993	exact
4Lsr14 3Ir15 3Ir14 15 4Tr26 16	4Tr21	250	999993	exact
4Lsr14 3Ir15 3Ir14 15 4Tr26 17	4Ss8	250	999987	exact
4Lsr14 3Ir15 3Ir14 15 4Tr26 18	4Tr21	250	999995	exact
4Lsr14 3Ir15 3Ir14 15 4Tr26 19	4Sr17	250	999987	exact
4Lsr14 3Ir15 3Ir14 15 4Tr26 21	4Ls1	250	999987	exact
4Lsr14 3Ir15 3Ir14 15 4Tr26 22	2r15	250	999987	exact
4Lsr14 3Ir15 3Ir14 15 4Tr26 2r11	4Ss8	250	999987	exact
4Lsr14 3Ir15 3Ir14 15 4Tr26 2r12	4Ss8	250	999987	exact
4Lsr14 3Ir15 3Ir14 15 4Tr26 2r13	4Lsr33	250	999987	exact
4Lsr14 3Ir15 3Ir14 15 4Tr26 2r14	3I1	250	999991	exact
4Lsr14 3Ir15 3Ir14 15 4Tr26 2r15	3I1	250	999991	exact
4Lsr14 3Ir15 3Ir14 15 4Tr26 2r16	4Lsr21	250	999987	exact
4Lsr14 3Ir15 3Ir14 15 4Tr26 2r17	4Ss8	250	999987	exact
4Lsr14 3Ir15 3Ir14 15 4Tr26 2r18	4Lsr21	250	999987	exact
4Lsr14 3Ir15 3Ir14 15 4Tr26 2r19	4T7	250	999987	exact
4Lsr14 3Ir15 3Ir14 15 4Tr26 3I1	4Lsr21	250	999987	exact
4Lsr14 3Ir15 3Ir14 15 4Tr26 3Ir11	4Ss7	250	999987	exact
4Lsr14 3Ir15 3Ir14 15 4Tr26 3Ir12	4Ss8	250	999988	exact
4Lsr14 3Ir15 3Ir14 15 4Tr26 3Ir13	4Tr33	250	999987	exact
4Lsr14 3Ir15 3Ir14 15 4Tr26 3Ir14	4Lsr21	250	999993	exact
4Lsr14 3Ir15 3Ir14 15 4Tr26 3Ir16	4Lsr21	250	999993	exact
4Lsr14 3Ir15 3Ir14 15 4Tr26 3Ir17	4Ss8	250	999987	exact
4Lsr14 3Ir15 3Ir14 15 4Tr26 3Ir18	4Tr21	250	999993	exact
4Lsr14 3Ir15 3Ir14 15 4Tr26 3Ir19	4Lsr38	250	999987	exact
4Lsr14 3Ir15 3Ir14 15 4Tr26 3L6	4Ss8	250	999987	exact
4Lsr14 3Ir15 3Ir14 15 4Tr26 3Lr17	2r19	250	999989	exact
4Lsr14 3Ir15 3Ir14 15 4Tr26 3Lr18	4Tr27	250	999987	exact
4Lsr14 3Ir15 3Ir14 15 4Tr26 3Lr21	4S1	250	999987	exact
4Lsr14 3Ir15 3Ir14 15 4Tr26 3Lr22	4S2	250	999987	exact
4Lsr14 3Ir15 3Ir14 15 4Tr26 3Lr31	3Ir14	250	999987	exact
4Lsr14 3Ir15 3Ir14 15 4Tr26 4Lr21	4Ssr11	250	999993	exact
4Lsr14 3Ir15 3Ir14 15 4Tr26 4Lr31	4Lr11	250	999987	exact
4Lsr14 3Ir15 3Ir14 15 4Tr26 4Lr32	4Lr12	250	999987	exact
4Lsr14 3Ir15 3Ir14 15 4Tr26 4Lsr11	4S6	250	999987	exact
4Lsr14 3Ir15 3Ir14 15 4Tr26 4Lsr12	4Tr33	250	999987	exact
4Lsr14 3Ir15 3Ir14 15 4Tr26 4Lsr21	4Sr11	250	999993	exact
4Lsr14 3Ir15 3Ir14 15 4Tr26 4S6	4S6	250	999991	exact
4Lsr14 3Ir15 3Ir14 15 4Tr26 4Ss7	2r19	250	999989	exact
4Lsr14 3Ir15 3Ir14 15 4Tr26 4Ss8	4S7	250	999989	exact
4Lsr14 3Ir15 3Ir14 15 4Tr26 4Tr17	19	250	999988	exact
4Lsr14 3Ir15 3Ir14 15 4Tr26 4Tr18	4Ssr17	250	999987	exact
4Lsr14 3Ir15 3Ir14 15 4Tr26 4Tr21	4Ss2	250	999987	exact
4Lsr14 3Ir15 3Ir14 15 4Tr26 4Tr36	4Ss8	250	999989	exact
4Lsr14 3Ir15 3Ir14 16	4Tr16	19	999987	exact
4Lsr14 3Ir15 3Ir14 16 4Tr16 11	4Sr11	250	999987	exact
4Lsr14 3Ir15 3Ir14 16 4Tr16 12	4Lsr34	250	999987	exact
4Lsr14 3Ir15 3Ir14 16 4Tr16 13	4Lsr34	250	999987	exact
4Lsr14 3Ir15 3Ir14 16 4Tr16 14	4Tr21	250	999987	exact
4Lsr14 3Ir15 3Ir14 16 4Tr16 15	4Tr21	250	999987	exact
4Lsr14 3Ir15 3Ir14 16 4Tr16 16	3Ir15	250	999995	exact
4Lsr14 3Ir15 3Ir14 16 4Tr16 17	4Tr21	250	999993	exact
4Lsr14 3Ir15 3Ir14 16 4Tr16 18	4Lsr34	250	999987	exact
4Lsr14 3Ir15 3Ir14 16 4Tr16 19	4Tr38	250	999987	exact
4Lsr14 3Ir15 3Ir14 16 4Tr16 21	4Tr12	250	999987	exact
4Lsr14 3Ir15 3Ir14 16 4Tr16 22	4Tr36	250	999987	exact
4Lsr14 3Ir15 3Ir14 16 4Tr16 28	4S6	250	999987	exact
4Lsr14 3Ir15 3Ir14 16 4Tr16 2r11	4Tr36	250	999987	exact
4Lsr14 3Ir15 3Ir14 16 4Tr16 2r12	4Tr36	250	999987	exact
4Lsr14 3Ir15 3Ir14 16 4Tr16 2r13	4Lsr34	250	999987	exact
4Lsr14 3Ir15 3Ir14 16 4Tr16 2r14	4Tr21	250	999987	exact
4Lsr14 3Ir15 3Ir14 16 4Tr16 2r15	4Tr21	250	999987	exact
4Lsr14 3Ir15 3Ir14 16 4Tr16 2r16	3Ir15	250	999993	exact
4Lsr14 3Ir15 3Ir14 16 4Tr16 2r17	4Tr21	250	999987	exact
4Lsr14 3Ir15 3Ir14 16 4Tr16 2r18	4Lr18	250	999987	exact
4Lsr14 3Ir15 3Ir14 16 4Tr16 2r19	4Lsr34	250	999987	exact
4Lsr14 3Ir15 3Ir14 16 4Tr16 3I1	4Tr21	250	999995	exact
4Lsr14 3Ir15 3Ir14 16 4Tr16 3Ir11	4Lsr34	250	999987	exact
4Lsr14 3Ir15 3Ir14 16 4Tr16 3Ir12	4Lsr34	250	999987	exact
4Lsr14 3Ir15 3Ir14 16 4Tr16 3Ir13	4Lsr34	250	999987	exact
4Lsr14 3Ir15 3Ir14 16 4Tr16 3Ir14	4Tr21	250	999993	exact
4Lsr14 3Ir15 3Ir14 16 4Tr16 3Ir15	4Tr21	250	999995	exact
4Lsr14 3Ir15 3Ir14 16 4Tr16 3Ir16	4Lsr34	250	999987	exact
4Lsr14 3Ir15 3Ir14 16 4Tr16 3Ir17	4Tr21	250	999993	exact
4Lsr14 3Ir15 3Ir14 16 4Tr16 3Ir18	4L6	250	999987	exact
4Lsr14 3Ir15 3Ir14 16 4Tr16 3Ir19	4Lsr34	250	999987	exact
4Lsr14 3Ir15 3Ir14 16 4Tr16 3L6	4Tr21	250	999987	exact
4Lsr14 3Ir15 3Ir14 16 4Tr16 3Lr21	4Lsr34	250	999987	exact
4Lsr14 3Ir15 3Ir14 16 4Tr16 3Lr22	4Lsr34	250	999987	exact
4Lsr14 3Ir15 3Ir14 16 4Tr16 3Lr28	4Tr38	250	999987	exact
4Lsr14 3Ir15 3Ir14 16 4Tr16 3Lr31	4Lsr34	250	999987	exact
4Lsr14 3Ir15 3Ir14 16 4Tr16 3Lr32	4Lsr34	250	999987	exact
4Lsr14 3Ir15 3Ir14 16 4Tr16 3Lr38	4Ss8	250	999987	exact
4Lsr14 3Ir15 3Ir14 16 4Tr16 4Lr21	4Ssr11	250	999991	exact
4Lsr14 3Ir15 3Ir14 16 4Tr16 4Lr31	4Lsr34	250	999987	exact
4Lsr14 3Ir15 3Ir14 16 4Tr16 4Lr32	4Tr36	250	999987	exact
4Lsr14 3Ir15 3Ir14 16 4Tr16 4Lr38	4Lsr17	250	999991	exact
4Lsr14 3Ir15 3Ir14 16 4Tr16 4Lsr11	4Lsr31	250	999987	exact
4Lsr14 3Ir15 3Ir14 16 4Tr16 4Lsr12	4Lsr34	250	999987	exact
4Lsr14 3Ir15 3Ir14 16 4Tr16 4Lsr18	4S6	250	999987	exact
4Lsr14 3Ir15 3Ir14 16 4Tr16 4Lsr21	4Sr11	250	999987	exact
4Lsr14 3Ir15 3Ir14 16 4Tr16 4Lsr34	4Tr21	250	999991	exact
4Lsr14 3Ir15 3Ir14 16 4Tr16 4S6	4Tr21	250	999993	exact
4Lsr14 3Ir15 3Ir14 16 4Tr16 4Tr21	4Lsr34	250	999987	exact
4Lsr14 3Ir15 3Ir14 16 4Tr16 4Tr36	4Lsr34	250	999987	exact
4Lsr14 3Ir15 3Ir14 17	4S6	18	999987	exact
4Lsr14 3Ir15 3Ir14 17 4S6 11	4Sr11	250	999987	exact
4Lsr14 3Ir15 3Ir14 17 4S6 12	4Lsr34	250	999987	exact
4Lsr14 3Ir15 3Ir14 17 4S6 13	4Ssr11	250	999987	exact
4Lsr14 3Ir15 3Ir14 17 4S6 14	4Tr21	250	999989	exact
4Lsr14 3Ir15 3Ir14 17 4S6 15	4Tr21	250	999987	exact
4Lsr14 3Ir15 3Ir14 17 4S6 16	4Tr21	250	999987	exact
4Lsr14 3Ir15 3Ir14 17 4S6 17	4Tr21	250	999987	exact
4Lsr14 3Ir15 3Ir14 17 4S6 18	4Tr18	250	999987	exact
4Lsr14 3Ir15 3Ir14 17 4S6 19	4Tr38	250	999987	exact
4Lsr14 3Ir15 3Ir14 17 4S6 21	4Tr36	250	999987	exact
4Lsr14 3Ir15 3Ir14 17 4S6 22	4Tr36	250	999987	exact
4Lsr14 3Ir15 3Ir14 17 4S6 28	4Tr21	250	999987	exact
4Lsr14 3Ir15 3Ir14 17 4S6 2r11	4S6	250	999987	exact
4Lsr14 3Ir15 3Ir14 17 4S6 2r12	4S6	250	999987	exact
4Lsr14 3Ir15 3Ir14 17 4S6 2r13	4Lsr33	250	999987	exact
4Lsr14 3Ir15 3Ir14 17 4S6 2r14	4Tr21	250	999987	exact
4Lsr14 3Ir15 3Ir14 17 4S6 2r15	4Tr21	250	999987	exact
4Lsr14 3Ir15 3Ir14 17 4S6 2r16	4Tr21	250	999987	exact
4Lsr14 3Ir15 3Ir14 17 4S6 2r17	4Tr21	250	999993	exact
4Lsr14 3Ir15 3Ir14 17 4S6 2r18	4Tr17	250	999987	exact
4Lsr14 3Ir15 3Ir14 17 4S6 2r19	4Tr21	250	999987	exact
4Lsr14 3Ir15 3Ir14 17 4S6 3I1	4Tr21	250	999989	exact
4Lsr14 3Ir15 3Ir14 17 4S6 3Ir11	4Tr36	250	999987	exact
4Lsr14 3Ir15 3Ir14 17 4S6 3Ir12	4Lsr34	250	999987	exact
4Lsr14 3Ir15 3Ir14 17 4S6 3Ir13	4Tr33	250	999993	exact
4Lsr14 3Ir15 3Ir14 17 4S6 3Ir14	4Tr21	250	999995	exact
4Lsr14 3Ir15 3Ir14 17 4S6 3Ir15	4Tr21	250	999995	exact
4Lsr14 3Ir15 3Ir14 17 4S6 3Ir16	3Lr38	250	999987	exact
4Lsr14 3Ir15 3Ir14 17 4S6 3Ir17	4Tr21	250	999993	exact
4Lsr14 3Ir15 3Ir14 17 4S6 3Ir18	4Lsr17	250	999987	exact
4Lsr14 3Ir15 3Ir14 17 4S6 3Ir19	4Tr21	250	999987	exact
4Lsr14 3Ir15 3Ir14 17 4S6 3L6	4Tr21	250	999987	exact
4Lsr14 3Ir15 3Ir14 17 4S6 3Lr21	4Lsr34	250	999987	exact
4Lsr14 3Ir15 3Ir14 17 4S6 3Lr22	4Lsr33	250	999987	exact
4Lsr14 3Ir15 3Ir14 17 4S6 3Lr31	4Tr36	250	999987	exact
4Lsr14 3Ir15 3Ir14 17 4S6 3Lr32	4Lsr34	250	999987	exact
4Lsr14 3Ir15 3Ir14 17 4S6 3Lr38	4Ss8	250	999987	exact
4Lsr14 3Ir15 3Ir14 17 4S6 4Lr21	4Ssr11	250	999989	exact
4Lsr14 3Ir15 3Ir14 17 4S6 4Lr31	4Lr11	250	999989	exact
4Lsr14 3Ir15 3Ir14 17 4S6 4Lr32	4Lr12	250	999989	exact
4Lsr14 3Ir15 3Ir14 17 4S6 4Lr38	4Lsr17	250	999991	exact
4Lsr14 3Ir15 3Ir14 17 4S6 4Lsr11	4Lsr31	250	999987	exact
4Lsr14 3Ir15 3Ir14 17 4S6 4Lsr12	4Tr33	250	999987	exact
4Lsr14 3Ir15 3Ir14 17 4S6 4Lsr18	4Tr36	250	999987	exact
4Lsr14 3Ir15 3Ir14 17 4S6 4Lsr21	4Sr11	250	999987	exact
4Lsr14 3Ir15 3Ir14 17 4S6 4Lsr34	4Tr21	250	999989	exact
4Lsr14 3Ir15 3Ir14 17 4S6 4S6	4Tr21	250	999993	exact
4Lsr14 3Ir15 3Ir14 17 4S6 4Tr21	4Ss2	250	999989	exact
4Lsr14 3Ir15 3Ir14 17 4S6 4Tr36	4Lsr34	250	999989	exact
4Lsr14 3Ir15 3Ir14 18	4Ssr16	19	999989	exact
4Lsr14 3Ir15 3Ir14 18 4Ssr16 11	4Sr11	250	999995	exact
4Lsr14 3Ir15 3Ir14 18 4Ssr16 12	3Lr27	250	999989	exact
4Lsr14 3Ir15 3Ir14 18 4Ssr16 13	4Ssr11	250	999995	exact
4Lsr14 3Ir15 3Ir14 18 4Ssr16 14	4Tr21	250	999995	exact
4Lsr14 3Ir15 3Ir14 18 4Ssr16 17	4Lsr34	250	999989	exact
4Lsr14 3Ir15 3Ir14 18 4Ssr16 18	4Tr21	250	999993	exact
4Lsr14 3Ir15 3Ir14 18 4Ssr16 19	4Ss8	250	999989	exact
4Lsr14 3Ir15 3Ir14 18 4Ssr16 21	4Tr12	250	999989	exact
4Lsr14 3Ir15 3Ir14 18 4Ssr16 22	3Lr32	250	999989	exact
4Lsr14 3Ir15 3Ir14 18 4Ssr16 27	4Lsr34	250	999989	exact
4Lsr14 3Ir15 3Ir14 18 4Ssr16 2r11	3Ir11	250	999989	exact
4Lsr14 3Ir15 3Ir14 18 4Ssr16 2r12	3Lr27	250	999989	exact
4Lsr14 3Ir15 3Ir14 18 4Ssr16 2r13	4Lsr33	250	999989	exact
4Lsr14 3Ir15 3Ir14 18 4Ssr16 2r14	4Tr21	250	999993	exact
4Lsr14 3Ir15 3Ir14 18 4Ssr16 2r18	19	250	999989	exact
4Lsr14 3Ir15 3Ir14 18 4Ssr16 2r19	4Tr27	250	999989	exact
4Lsr14 3Ir15 3Ir14 18 4Ssr16 3I1	4Tr21	250	999995	exact
4Lsr14 3Ir15 3Ir14 18 4Ssr16 3Ir11	3Lr27	250	999989	exact
4Lsr14 3Ir15 3Ir14 18 4Ssr16 3Ir12	2r12	250	999989	exact
4Lsr14 3Ir15 3Ir14 18 4Ssr16 3Ir13	4Tr33	250	999989	exact
4Lsr14 3Ir15 3Ir14 18 4Ssr16 3Ir14	4Tr21	250	999993	exact
4Lsr14 3Ir15 3Ir14 18 4Ssr16 3Ir15	4Tr21	250	999995	exact
4Lsr14 3Ir15 3Ir14 18 4Ssr16 3Ir16	4Tr21	250	999993	exact
4Lsr14 3Ir15 3Ir14 18 4Ssr16 3Ir17	3Ir19	250	999989	exact
4Lsr14 3Ir15 3Ir14 18 4Ssr16 3Ir18	4Lsr34	250	999989	exact
4Lsr14 3Ir15 3Ir14 18 4Ssr16 3L6	4Tr17	250	999989	exact
4Lsr14 3Ir15 3Ir14 18 4Ssr16 3Lr21	4Tr31	250	999989	exact
4Lsr14 3Ir15 3Ir14 18 4Ssr16 3Lr22	4S2	250	999989	exact
4Lsr14 3Ir15 3Ir14 18 4Ssr16 3Lr31	4Tr11	250	999989	exact
4Lsr14 3Ir15 3Ir14 18 4Ssr16 3Lr32	4Tr12	250	999989	exact
4Lsr14 3Ir15 3Ir14 18 4Ssr16 3Lr37	4Lr21	250	999993	exact
4Lsr14 3Ir15 3Ir14 18 4Ssr16 4L6	3Ir15	250	999995	exact
4Lsr14 3Ir15 3Ir14 18 4Ssr16 4Lr18	4L7	250	999989	exact
4Lsr14 3Ir15 3Ir14 18 4Ssr16 4Lr21	4Ssr11	250	999995	exact
4Lsr14 3Ir15 3Ir14 18 4Ssr16 4Lr31	4Tr36	250	999989	exact
4Lsr14 3Ir15 3Ir14 18 4Ssr16 4Lsr12	4Tr33	250	999989	exact
4Lsr14 3Ir15 3Ir14 18 4Ssr16 4Lsr17	4Tr21	250	999991	exact
4Lsr14 3Ir15 3Ir14 18 4Ssr16 4Lsr21	4Sr11	250	999995	exact
4Lsr14 3Ir15 3Ir14 18 4Ssr16 4Lsr34	4Tr21	250	999995	exact
4Lsr14 3Ir15 3Ir14 18 4Ssr16 4Tr21	4Tr12	250	999991	exact
4Lsr14 3Ir15 3Ir14 18 4Ssr16 4Tr36	4Lsr34	250	999989	exact
4Lsr14 3Ir15 3Ir14 19	3Lr36	20	999986	exact
4Lsr14 3Ir15 3Ir14 21	4Tr26	20	999985	exact
4Lsr14 3Ir15 3Ir14 22	3Lr36	18	999986	exact
4Lsr14 3Ir15 3Ir14 22 3Lr36 11	4Ss6	250	999986	exact
4Lsr14 3Ir15 3Ir14 22 3Lr36 12	4Tr17	250	999986	exact
4Lsr14 3Ir15 3Ir14 22 3Lr36 13	4S2	250	999987	exact
4Lsr14 3Ir15 3Ir14 22 3Lr36 14	4Tr16	250	999986	exact
4Lsr14 3Ir15 3Ir14 22 3Lr36 15	3Lr32	250	999987	exact
4Lsr14 3Ir15 3Ir14 22 3Lr36 16	4Tr17	250	999986	exact
4Lsr14 3Ir15 3Ir14 22 3Lr36 17	4Tr31	250	999987	exact
4Lsr14 3Ir15 3Ir14 22 3Lr36 19	4Ss6	250	999986	exact
4Lsr14 3Ir15 3Ir14 22 3Lr36 22	4Lsr12	250	999987	exact
4Lsr14 3Ir15 3Ir14 22 3Lr36 28	3Lr28	250	999987	exact
4Lsr14 3Ir15 3Ir14 22 3Lr36 2r11	4Lsr34	250	999986	exact
4Lsr14 3Ir15 3Ir14 22 3Lr36 2r12	4Tr16	250	999986	exact
4Lsr14 3Ir15 3Ir14 22 3Lr36 2r13	4Lsr34	250	999987	exact
4Lsr14 3Ir15 3Ir14 22 3Lr36 2r14	4Tr16	250	999987	exact
4Lsr14 3Ir15 3Ir14 22 3Lr36 2r16	4Tr17	250	999986	exact
4Lsr14 3Ir15 3Ir14 22 3Lr36 2r17	4Tr31	250	999986	exact
4Lsr14 3Ir15 3Ir14 22 3Lr36 3Ir11	4Lsr34	250	999987	exact
4Lsr14 3Ir15 3Ir14 22 3Lr36 3Ir12	4Sr17	250	999986	exact
4Lsr14 3Ir15 3Ir14 22 3Lr36 3Ir13	4Lsr34	250	999987	exact
4Lsr14 3Ir15 3Ir14 22 3Lr36 3Ir14	4Ss7	250	999986	exact
4Lsr14 3Ir15 3Ir14 22 3Lr36 3Ir15	4Sr17	250	999987	exact
4Lsr14 3Ir15 3Ir14 22 3Lr36 3Ir16	3Ir15	250	999986	exact
4Lsr14 3Ir15 3Ir14 22 3Lr36 3Ir17	4Lsr12	250	999986	exact
4Lsr14 3Ir15 3Ir14 22 3Lr36 3Ir18	4Tr16	250	999987	exact
4Lsr14 3Ir15 3Ir14 22 3Lr36 3Ir19	4Lsr12	250	999986	exact
4Lsr14 3Ir15 3Ir14 22 3Lr36 3L1	4Tr16	250	999987	exact
4Lsr14 3Ir15 3Ir14 22 3Lr36 3Lr16	4Tr31	250	999987	exact
4Lsr14 3Ir15 3Ir14 22 3Lr36 3Lr22	4Tr32	250	999987	exact
4Lsr14 3Ir15 3Ir14 22 3Lr36 3Lr28	4Lsr34	250	999986	exact
4Lsr14 3Ir15 3Ir14 22 3Lr36 3Lr32	4Ss2	250	999987	exact
4Lsr14 3Ir15 3Ir14 22 3Lr36 3Lr38	4Ss6	250	999987	exact
4Lsr14 3Ir15 3Ir14 22 3Lr36 4L1	4Ss6	250	999986	exact
4Lsr14 3Ir15 3Ir14 22 3Lr36 4Lr32	4Lr12	250	999986	exact
4Lsr14 3Ir15 3Ir14 22 3Lr36 4Lr38	4Lsr37	250	999986	exact
4Lsr14 3Ir15 3Ir14 22 3Lr36 4Lsr18	4Ss6	250	999986	exact
4Lsr14 3Ir15 3Ir14 22 3Lr36 4Sr17	3Ir15	250	999987	exact
4Lsr14 3Ir15 3Ir14 22 3Lr36 4Ss6	4Lsr34	250	999987	exact
4Lsr14 3Ir15 3Ir14 22 3Lr36 4Tr16	4Tr31	250	999987	exact
4Lsr14 3Ir15 3Ir14 22 3Lr36 4Tr17	4Ssr16	250	999987	exact
4Lsr14 3Ir15 3Ir14 22 3Lr36 4Tr31	4Tr11	250	999986	exact
4Lsr14 3Ir15 3Ir14 26	4Lr36	19	999988	exact
4Lsr14 3Ir15 3Ir14 26 4Lr36 11	3Ir15	250	999989	exact
4Lsr14 3Ir15 3Ir14 26 4Lr36 12	3Ir15	250	999988	exact
4Lsr14 3Ir15 3Ir14 26 4Lr36 13	3Lr38	250	999988	exact
4Lsr14 3Ir15 3Ir14 26 4Lr36 14	3Lr38	250	999988	exact
4Lsr14 3Ir15 3Ir14 26 4Lr36 16	3Ir15	250	999988	exact
4Lsr14 3Ir15 3Ir14 26 4Lr36 18	3Ir15	250	999988	exact
4Lsr14 3Ir15 3Ir14 26 4Lr36 19	3Ir15	250	999988	exact
4Lsr14 3Ir15 3Ir14 26 4Lr36 21	3Lr38	250	999989	exact
4Lsr14 3Ir15 3Ir14 26 4Lr36 22	3Lr38	250	999988	exact
4Lsr14 3Ir15 3Ir14 26 4Lr36 28	3Lr38	250	999988	exact
4Lsr14 3Ir15 3Ir14 26 4Lr36 2r11	3Ir15	250	999995	exact
4Lsr14 3Ir15 3Ir14 26 4Lr36 2r12	3Lr38	250	999989	exact
4Lsr14 3Ir15 3Ir14 26 4Lr36 2r15	3Lr38	250	999988	exact
4Lsr14 3Ir15 3Ir14 26 4Lr36 2r16	3Ir15	250	999989	exact
4Lsr14 3Ir15 3Ir14 26 4Lr36 2r18	3Ir15	250	999989	exact
4Lsr14 3Ir15 3Ir14 26 4Lr36 2r19	3Ir15	250	999989	exact
4Lsr14 3Ir15 3Ir14 26 4Lr36 3I1	3Lr38	250	999989	exact
4Lsr14 3Ir15 3Ir14 26 4Lr36 3Ir11	3Ir15	250	999993	exact
4Lsr14 3Ir15 3Ir14 26 4Lr36 3Ir12	3Ir15	250	999995	exact
4Lsr14 3Ir15 3Ir14 26 4Lr36 3Ir13	3Ir15	250	999993	exact
4Lsr14 3Ir15 3Ir14 26 4Lr36 3Ir14	3Lr38	250	999988	exact
4Lsr14 3Ir15 3Ir14 26 4Lr36 3Ir15	3Lr38	250	999988	exact
4Lsr14 3Ir15 3Ir14 26 4Lr36 3Ir16	3Ir15	250	999989	exact
4Lsr14 3Ir15 3Ir14 26 4Lr36 3Ir17	3Ir15	250	999989	exact
4Lsr14 3Ir15 3Ir14 26 4Lr36 3Ir18	3Ir15	250	999993	exact
4Lsr14 3Ir15 3Ir14 26 4Lr36 3Ir19	3Ir15	250	999995	exact
4Lsr14 3Ir15 3Ir14 26 4Lr36 3Lr22	3Ir15	250	999989	exact
4Lsr14 3Ir15 3Ir14 26 4Lr36 3Lr28	4S8	250	999989	exact
4Lsr14 3Ir15 3Ir14 26 4Lr36 3Lr31	3Lr38	250	999989	exact
4Lsr14 3Ir15 3Ir14 26 4Lr36 3Lr32	3Lr38	250	999989	exact
4Lsr14 3Ir15 3Ir14 26 4Lr36 4Lr15	3Lr38	250	999988	exact
4Lsr14 3Ir15 3Ir14 26 4Lr36 4Lr16	3Lr38	250	999989	exact
4Lsr14 3Ir15 3Ir14 26 4Lr36 4Lr21	3Ir15	250	999989	exact
4Lsr14 3Ir15 3Ir14 26 4Lr36 4Lr31	3Lr38	250	999988	exact
4Lsr14 3Ir15 3Ir14 26 4Lr36 4Lr32	3Ir15	250	999995	exact
4Lsr14 3Ir15 3Ir14 26 4Lr36 4Lr38	4S7	250	999989	exact
4Lsr14 3Ir15 3Ir14 26 4Lr36 4Lsr11	3Ir15	250	999993	exact
4Lsr14 3Ir15 3Ir14 26 4Lr36 4Lsr12	4S3	250	999989	exact
4Lsr14 3Ir15 3Ir14 26 4Lr36 4Lsr18	3Ir15	250	999993	exact
4Lsr14 3Ir15 3Ir14 26 4Lr36 4Tr21	3Ir15	250	999989	exact
4Lsr14 3Ir15 3Ir14 27	4L6	20	999987	exact
4Lsr14 3Ir15 3Ir14 27 4L6 11	4Ss1	250	999987	exact
4Lsr14 3Ir15 3Ir14 27 4L6 12	4Tr12	250	999987	exact
4Lsr14 3Ir15 3Ir14 27 4L6 14	4Tr21	250	999989	exact
4Lsr14 3Ir15 3Ir14 27 4L6 17	4Tr21	250	999987	exact
4Lsr14 3Ir15 3Ir14 27 4L6 18	4Tr21	250	999987	exact
4Lsr14 3Ir15 3Ir14 28	4Ssr16	20	999985	exact
4Lsr14 3Ir15 3Ir14 2r11	4Lsr34	18	999985	exact
4Lsr14 3Ir15 3Ir14 2r11 4Lsr34 14	3Lr14	250	999997	exact
4Lsr14 3Ir15 3Ir14 2r11 4Lsr34 16	3Lr34	250	999997	exact
4Lsr14 3Ir15 3Ir14 2r11 4Lsr34 18	3Lr34	250	999997	exact
4Lsr14 3Ir15 3Ir14 2r11 4Lsr34 19	3Lr34	250	999997	exact
4Lsr14 3Ir15 3Ir14 2r11 4Lsr34 24	4Tr26	250	999985	exact
4Lsr14 3Ir15 3Ir14 2r11 4Lsr34 27	3Lr34	250	999997	exact
4Lsr14 3Ir15 3Ir14 2r11 4Lsr34 2r13	3Lr34	250	999997	exact
4Lsr14 3Ir15 3Ir14 2r11 4Lsr34 2r15	2r14	250	999997	exact
4Lsr14 3Ir15 3Ir14 2r11 4Lsr34 2r16	3Lr34	250	999997	exact
4Lsr14 3Ir15 3Ir14 2r11 4Lsr34 2r17	3Lr34	250	999997	exact
4Lsr14 3Ir15 3Ir14 2r11 4Lsr34 2r18	3Lr34	250	999997	exact
4Lsr14 3Ir15 3Ir14 2r11 4Lsr34 2r19	3Lr34	250	999997	exact
4Lsr14 3Ir15 3Ir14 2r11 4Lsr34 3I7	3Lr34	250	999997	exact
4Lsr14 3Ir15 3Ir14 2r11 4Lsr34 3Ir12	3Lr34	250	999997	exact
4Lsr14 3Ir15 3Ir14 2r11 4Lsr34 3Ir17	3Lr34	250	999997	exact
4Lsr14 3Ir15 3Ir14 2r11 4Lsr34 3Ir18	3Lr34	250	999997	exact
4Lsr14 3Ir15 3Ir14 2r11 4Lsr34 3Lr28	3Lr34	250	999997	exact
4Lsr14 3Ir15 3Ir14 2r11 4Lsr34 3Lr32	3Lr34	250	999997	exact
4Lsr14 3Ir15 3Ir14 2r11 4Lsr34 3Lr34	4Tr26	250	999985	exact
4Lsr14 3Ir15 3Ir14 2r11 4Lsr34 3Lr36	3Lr34	250	999997	exact
4Lsr14 3Ir15 3Ir14 2r11 4Lsr34 3Lr38	3Lr34	250	999997	exact
4Lsr14 3Ir15 3Ir14 2r11 4Lsr34 4Lr11	3Lr34	250	999997	exact
4Lsr14 3Ir15 3Ir14 2r11 4Lsr34 4Lr26	3Lr34	250	999997	exact
4Lsr14 3Ir15 3Ir14 2r11 4Lsr34 4Lr32	3Lr34	250	999997	exact
4Lsr14 3Ir15 3Ir14 2r11 4Lsr34 4Lr36	3Lr34	250	999997	exact
4Lsr14 3Ir15 3Ir14 2r11 4Lsr34 4Lsr12	3Lr34	250	999997	exact
4Lsr14 3Ir15 3Ir14 2r11 4Lsr34 4Lsr17	3Lr34	250	999997	exact
4Lsr14 3Ir15 3Ir14 2r11 4Lsr34 4Lsr27	3Lr34	250	999997	exact
4Lsr14 3Ir15 3Ir14 2r12	4Lsr34	17	999984	exact
4Lsr14 3Ir15 3Ir14 2r12 4Lsr34 11	2r14	250	999997	exact
4Lsr14 3Ir15 3Ir14 2r12 4Lsr34 12	2r14	250	999997	exact
4Lsr14 3Ir15 3Ir14 2r12 4Lsr34 13	2r14	250	999997	exact
4Lsr14 3Ir15 3Ir14 2r12 4Lsr34 14	3Lr14	250	999997	exact
4Lsr14 3Ir15 3Ir14 2r12 4Lsr34 15	3L4	250	999997	exact
4Lsr14 3Ir15 3Ir14 2r12 4Lsr34 16	3Lr24	250	999997	exact
4Lsr14 3Ir15 3Ir14 2r12 4Lsr34 17	2r14	250	999997	exact
4Lsr14 3Ir15 3Ir14 2r12 4Lsr34 18	2r14	250	999997	exact
4Lsr14 3Ir15 3Ir14 2r12 4Lsr34 19	2r14	250	999997	exact
4Lsr14 3Ir15 3Ir14 2r12 4Lsr34 24	4Tr26	250	999984	exact
4Lsr14 3Ir15 3Ir14 2r12 4Lsr34 26	2r14	250	999997	exact
4Lsr14 3Ir15 3Ir14 2r12 4Lsr34 27	2r14	250	999997	exact
4Lsr14 3Ir15 3Ir14 2r12 4Lsr34 28	2r14	250	999997	exact
4Lsr14 3Ir15 3Ir14 2r12 4Lsr34 2r11	2r14	250	999997	exact
4Lsr14 3Ir15 3Ir14 2r12 4Lsr34 2r12	2r14	250	999997	exact
4Lsr14 3Ir15 3Ir14 2r12 4Lsr34 2r13	2r14	250	999997	exact
4Lsr14 3Ir15 3Ir14 2r12 4Lsr34 2r16	3Lr24	250	999997	exact
4Lsr14 3Ir15 3Ir14 2r12 4Lsr34 2r17	2r14	250	999997	exact
4Lsr14 3Ir15 3Ir14 2r12 4Lsr34 3I6	2r14	250	999997	exact
4Lsr14 3Ir15 3Ir14 2r12 4Lsr34 3I7	2r14	250	999997	exact
4Lsr14 3Ir15 3Ir14 2r12 4Lsr34 3Ir11	2r14	250	999997	exact
4Lsr14 3Ir15 3Ir14 2r12 4Lsr34 3Ir12	2r14	250	999997	exact
4Lsr14 3Ir15 3Ir14 2r12 4Lsr34 3Ir13	2r14	250	999997	exact
4Lsr14 3Ir15 3Ir14 2r12 4Lsr34 3Ir16	2r14	250	999997	exact
4Lsr14 3Ir15 3Ir14 2r12 4Lsr34 3Ir17	2r14	250	999997	exact
4Lsr14 3Ir15 3Ir14 2r12 4Lsr34 3Ir18	2r14	250	999997	exact
4Lsr14 3Ir15 3Ir14 2r12 4Lsr34 3Ir19	2r14	250	999997	exact
4Lsr14 3Ir15 3Ir14 2r12 4Lsr34 3Lr24	4Tr26	250	999984	exact
4Lsr14 3Ir15 3Ir14 2r12 4Lsr34 3Lr26	2r14	250	999997	exact
4Lsr14 3Ir15 3Ir14 2r12 4Lsr34 3Lr28	2r14	250	999997	exact
4Lsr14 3Ir15 3Ir14 2r12 4Lsr34 3Lr34	4Tr26	250	999984	exact
4Lsr14 3Ir15 3Ir14 2r12 4Lsr34 3Lr38	2r14	250	999997	exact
4Lsr14 3Ir15 3Ir14 2r12 4Lsr34 4Lr12	2r14	250	999997	exact
4Lsr14 3Ir15 3Ir14 2r12 4Lsr34 4Lr26	2r14	250	999997	exact
4Lsr14 3Ir15 3Ir14 2r12 4Lsr34 4Lr36	2r14	250	999997	exact
4Lsr14 3Ir15 3Ir14 2r12 4Lsr34 4Lr37	2r14	250	999997	exact
4Lsr14 3Ir15 3Ir14 2r12 4Lsr34 4Lsr16	2r14	250	999997	exact
4Lsr14 3Ir15 3Ir14 2r12 4Lsr34 4Lsr18	2r14	250	999997	exact
4Lsr14 3Ir15 3Ir14 2r12 4Lsr34 4Lsr26	2r14	250	999997	exact
4Lsr14 3Ir15 3Ir14 2r12 4Lsr34 4Lsr31	2r14	250	999997	exact
4Lsr14 3Ir15 3Ir14 2r12 4Lsr34 4Tr27	2r14	250	999997	exact
4Lsr14 3Ir15 3Ir14 2r13	4Lsr34	19	999985	exact
4Lsr14 3Ir15 3Ir14 2r13 4Lsr34 11	3Lr24	250	999997	exact
4Lsr14 3Ir15 3Ir14 2r13 4Lsr34 13	3Lr24	250	999997	exact
4Lsr14 3Ir15 3Ir14 2r13 4Lsr34 14	3Lr14	250	999997	exact
4Lsr14 3Ir15 3Ir14 2r13 4Lsr34 15	3L4	250	999997	exact
4Lsr14 3Ir15 3Ir14 2r13 4Lsr34 16	3Lr24	250	999997	exact
4Lsr14 3Ir15 3Ir14 2r13 4Lsr34 18	3Lr24	250	999997	exact
4Lsr14 3Ir15 3Ir14 2r13 4Lsr34 24	4Tr26	250	999985	exact
4Lsr14 3Ir15 3Ir14 2r13 4Lsr34 26	3Lr24	250	999997	exact
4Lsr14 3Ir15 3Ir14 2r13 4Lsr34 28	3Lr24	250	999997	exact
4Lsr14 3Ir15 3Ir14 2r13 4Lsr34 2r15	2r14	250	999997	exact
4Lsr14 3Ir15 3Ir14 2r13 4Lsr34 2r16	3Lr24	250	999997	exact
4Lsr14 3Ir15 3Ir14 2r13 4Lsr34 2r17	3Lr24	250	999997	exact
4Lsr14 3Ir15 3Ir14 2r13 4Lsr34 2r18	3Lr24	250	999997	exact
4Lsr14 3Ir15 3Ir14 2r13 4Lsr34 3Ir11	3Lr24	250	999997	exact
4Lsr14 3Ir15 3Ir14 2r13 4Lsr34 3Ir13	3Lr24	250	999997	exact
4Lsr14 3Ir15 3Ir14 2r13 4Lsr34 3Ir17	3Lr24	250	999997	exact
4Lsr14 3Ir15 3Ir14 2r13 4Lsr34 3Ir19	3Lr24	250	999997	exact
4Lsr14 3Ir15 3Ir14 2r13 4Lsr34 3Lr21	3Lr24	250	999997	exact
4Lsr14 3Ir15 3Ir14 2r13 4Lsr34 3Lr24	4Tr26	250	999985	exact
4Lsr14 3Ir15 3Ir14 2r13 4Lsr34 3Lr26	3Lr24	250	999997	exact
4Lsr14 3Ir15 3Ir14 2r13 4Lsr34 3Lr31	2r14	250	999997	exact
4Lsr14 3Ir15 3Ir14 2r13 4Lsr34 3Lr34	4Tr26	250	999985	exact
4Lsr14 3Ir15 3Ir14 2r13 4Lsr34 4Lr27	3Lr24	250	999997	exact
4Lsr14 3Ir15 3Ir14 2r13 4Lsr34 4Lr37	3Lr24	250	999997	exact
4Lsr14 3Ir15 3Ir14 2r13 4Lsr34 4Lr38	3Lr24	250	999997	exact
4Lsr14 3Ir15 3Ir14 2r13 4Lsr34 4Lsr11	2r14	250	999997	exact
4Lsr14 3Ir15 3Ir14 2r13 4Lsr34 4Lsr16	3Lr24	250	999997	exact
4Lsr14 3Ir15 3Ir14 2r13 4Lsr34 4Lsr18	3Lr24	250	999997	exact
4Lsr14 3Ir15 3Ir14 2r13 4Lsr34 4Lsr32	3Lr24	250	999997	exact
4Lsr14 3Ir15 3Ir14 2r13 4Lsr34 4Tr27	3Lr24	250	999997	exact
4Lsr14 3Ir15 3Ir14 2r14	4Tr26	16	999986	exact
4Lsr14 3Ir15 3Ir14 2r14 4Tr26 11	4S6	250	999987	exact
4Lsr14 3Ir15 3Ir14 2r14 4Tr26 12	4S6	250	999989	exact
4Lsr14 3Ir15 3Ir14 2r14 4Tr26 13	4Ssr11	250	999989	exact
4Lsr14 3Ir15 3Ir14 2r14 4Tr26 14	4Ss8	250	999986	exact
4Lsr14 3Ir15 3Ir14 2r14 4Tr26 15	4Tr21	250	999989	exact
4Lsr14 3Ir15 3Ir14 2r14 4Tr26 16	4Tr21	250	999989	exact
4Lsr14 3Ir15 3Ir14 2r14 4Tr26 17	4Ss8	250	999986	exact
4Lsr14 3Ir15 3Ir14 2r14 4Tr26 18	4Tr21	250	999989	exact
4Lsr14 3Ir15 3Ir14 2r14 4Tr26 19	4S6	250	999988	exact
4Lsr14 3Ir15 3Ir14 2r14 4Tr26 21	4S6	250	999989	exact
4Lsr14 3Ir15 3Ir14 2r14 4Tr26 22	4L1	250	999991	exact
4Lsr14 3Ir15 3Ir14 2r14 4Tr26 24	4Tr21	250	999989	exact
4Lsr14 3Ir15 3Ir14 2r14 4Tr26 2r11	4Ss8	250	999987	exact
4Lsr14 3Ir15 3Ir14 2r14 4Tr26 2r12	4Ss7	250	999988	exact
4Lsr14 3Ir15 3Ir14 2r14 4Tr26 2r13	4Ss7	250	999986	exact
4Lsr14 3Ir15 3Ir14 2r14 4Tr26 2r14	4Tr21	250	999989	exact
4Lsr14 3Ir15 3Ir14 2r14 4Tr26 2r15	4Ss8	250	999986	exact
4Lsr14 3Ir15 3Ir14 2r14 4Tr26 2r16	4Tr21	250	999989	exact
4Lsr14 3Ir15 3Ir14 2r14 4Tr26 2r17	4Ss8	250	999987	exact
4Lsr14 3Ir15 3Ir14 2r14 4Tr26 2r18	4S6	250	999987	exact
4Lsr14 3Ir15 3Ir14 2r14 4Tr26 2r19	4T7	250	999987	exact
4Lsr14 3Ir15 3Ir14 2r14 4Tr26 3I1	4Tr21	250	999989	exact
4Lsr14 3Ir15 3Ir14 2r14 4Tr26 3Ir11	4Ss7	250	999987	exact
4Lsr14 3Ir15 3Ir14 2r14 4Tr26 3Ir12	4Ss8	250	999986	exact
4Lsr14 3Ir15 3Ir14 2r14 4Tr26 3Ir13	2r13	250	999986	exact
4Lsr14 3Ir15 3Ir14 2r14 4Tr26 3Ir14	4Tr21	250	999991	exact
4Lsr14 3Ir15 3Ir14 2r14 4Tr26 3Ir15	4Tr21	250	999989	exact
4Lsr14 3Ir15 3Ir14 2r14 4Tr26 3Ir16	4Ss8	250	999987	exact
4Lsr14 3Ir15 3Ir14 2r14 4Tr26 3Ir17	4Ss8	250	999987	exact
4Lsr14 3Ir15 3Ir14 2r14 4Tr26 3Ir18	4Tr21	250	999987	exact
4Lsr14 3Ir15 3Ir14 2r14 4Tr26 3Ir19	4Lsr38	250	999989	exact
4Lsr14 3Ir15 3Ir14 2r14 4Tr26 3L6	4Ss8	250	999986	exact
4Lsr14 3Ir15 3Ir14 2r14 4Tr26 3Lr17	2r19	250	999989	exact
4Lsr14 3Ir15 3Ir14 2r14 4Tr26 3Lr18	4Tr27	250	999986	exact
4Lsr14 3Ir15 3Ir14 2r14 4Tr26 3Lr21	4S1	250	999989	exact
4Lsr14 3Ir15 3Ir14 2r14 4Tr26 3Lr22	4S2	250	999989	exact
4Lsr14 3Ir15 3Ir14 2r14 4Tr26 3Lr24	4Ss8	250	999986	exact
4Lsr14 3Ir15 3Ir14 2r14 4Tr26 3Lr31	4Ss1	250	999989	exact
4Lsr14 3Ir15 3Ir14 2r14 4Tr26 3Lr32	4Ss2	250	999987	exact
4Lsr14 3Ir15 3Ir14 2r14 4Tr26 3Lr34	4Ss8	250	999987	exact
4Lsr14 3Ir15 3Ir14 2r14 4Tr26 4Lr21	4Ssr11	250	999989	exact
4Lsr14 3Ir15 3Ir14 2r14 4Tr26 4Lr31	4S6	250	999986	exact
4Lsr14 3Ir15 3Ir14 2r14 4Tr26 4Lr32	4Lr12	250	999987	exact
4Lsr14 3Ir15 3Ir14 2r14 4Tr26 4Lr34	4Tr21	250	999993	exact
4Lsr14 3Ir15 3Ir14 2r14 4Tr26 4Lsr11	4Tr17	250	999986	exact
4Lsr14 3Ir15 3Ir14 2r14 4Tr26 4Lsr12	4Lsr32	250	999986	exact
4Lsr14 3Ir15 3Ir14 2r14 4Tr26 4Lsr14	4Tr21	250	999989	exact
4Lsr14 3Ir15 3Ir14 2r14 4Tr26 4Lsr21	4Sr11	250	999989	exact
4Lsr14 3Ir15 3Ir14 2r14 4Tr26 4S6	4Ss8	250	999987	exact
4Lsr14 3Ir15 3Ir14 2r14 4Tr26 4Ss7	2r19	250	999986	exact
4Lsr14 3Ir15 3Ir14 2r14 4Tr26 4Ss8	4S7	250	999987	exact
4Lsr14 3Ir15 3Ir14 2r14 4Tr26 4Tr17	19	250	999986	exact
4Lsr14 3Ir15 3Ir14 2r14 4Tr26 4Tr18	4Ssr17	250	999987	exact
4Lsr14 3Ir15 3Ir14 2r14 4Tr26 4Tr21	4Tr12	250	999987	exact
4Lsr14 3Ir15 3Ir14 2r14 4Tr26 4Tr36	4Ss8	250	999989	exact
4Lsr14 3Ir15 3Ir14 2r15	4Tr26	15	999987	exact
4Lsr14 3Ir15 3Ir14 2r15 4Tr26 11	4Sr11	250	999993	exact
4Lsr14 3Ir15 3Ir14 2r15 4Tr26 12	4Ss7	250	999988	exact
4Lsr14 3Ir15 3Ir14 2r15 4Tr26 13	4Ss8	250	999987	exact
4Lsr14 3Ir15 3Ir14 2r15 4Tr26 14	4Lr21	250	999989	exact
4Lsr14 3Ir15 3Ir14 2r15 4Tr26 15	4Ss8	250	999987	exact
4Lsr14 3Ir15 3Ir14 2r15 4Tr26 16	4Ss8	250	999987	exact
4Lsr14 3Ir15 3Ir14 2r15 4Tr26 17	4Ss8	250	999989	exact
4Lsr14 3Ir15 3Ir14 2r15 4Tr26 18	4Tr21	250	999991	exact
4Lsr14 3Ir15 3Ir14 2r15 4Tr26 19	4Sr17	250	999987	exact
4Lsr14 3Ir15 3Ir14 2r15 4Tr26 21	4Ls1	250	999991	exact
4Lsr14 3Ir15 3Ir14 2r15 4Tr26 22	4L1	250	999991	exact
4Lsr14 3Ir15 3Ir14 2r15 4Tr26 2r11	4Tr17	250	999987	exact
4Lsr14 3Ir15 3Ir14 2r15 4Tr26 2r12	4Ss7	250	999987	exact
4Lsr14 3Ir15 3Ir14 2r15 4Tr26 2r13	4Lsr33	250	999989	exact
4Lsr14 3Ir15 3Ir14 2r15 4Tr26 2r14	4Tr21	250	999987	exact
4Lsr14 3Ir15 3Ir14 2r15 4Tr26 2r16	4Tr21	250	999989	exact
4Lsr14 3Ir15 3Ir14 2r15 4Tr26 2r17	4Ss8	250	999987	exact
4Lsr14 3Ir15 3Ir14 2r15 4Tr26 2r18	4S7	250	999988	exact
4Lsr14 3Ir15 3Ir14 2r15 4Tr26 2r19	4Ss7	250	999987	exact
4Lsr14 3Ir15 3Ir14 2r15 4Tr26 3I1	4Lsr11	250	999989	exact
4Lsr14 3Ir15 3Ir14 2r15 4Tr26 3Ir11	3Ir11	250	999987	exact
4Lsr14 3Ir15 3Ir14 2r15 4Tr26 3Ir12	4Ss8	250	999987	exact
4Lsr14 3Ir15 3Ir14 2r15 4Tr26 3Ir13	4Tr33	250	999987	exact
4Lsr14 3Ir15 3Ir14 2r15 4Tr26 3Ir14	4Tr21	250	999987	exact
4Lsr14 3Ir15 3Ir14 2r15 4Tr26 3Ir16	4Ss8	250	999989	exact
4Lsr14 3Ir15 3Ir14 2r15 4Tr26 3Ir17	4Ss8	250	999987	exact
4Lsr14 3Ir15 3Ir14 2r15 4Tr26 3Ir18	4Tr21	250	999989	exact
4Lsr14 3Ir15 3Ir14 2r15 4Tr26 3Ir19	4Lsr38	250	999987	exact
4Lsr14 3Ir15 3Ir14 2r15 4Tr26 3L6	4Ss8	250	999987	exact
4Lsr14 3Ir15 3Ir14 2r15 4Tr26 3Lr17	19	250	999987	exact
4Lsr14 3Ir15 3Ir14 2r15 4Tr26 3Lr18	4Lr27	250	999987	exact
4Lsr14 3Ir15 3Ir14 2r15 4Tr26 3Lr21	4S1	250	999987	exact
4Lsr14 3Ir15 3Ir14 2r15 4Tr26 3Lr22	4Tr32	250	999989	exact
4Lsr14 3Ir15 3Ir14 2r15 4Tr26 3Lr31	4Tr11	250	999991	exact
4Lsr14 3Ir15 3Ir14 2r15 4Tr26 3Lr32	4Ss2	250	999989	exact
4Lsr14 3Ir15 3Ir14 2r15 4Tr26 4Lr21	4Tr32	250	999987	exact
4Lsr14 3Ir15 3Ir14 2r15 4Tr26 4Lr31	4Lr11	250	999987	exact
4Lsr14 3Ir15 3Ir14 2r15 4Tr26 4Lr32	4Lr12	250	999987	exact
4Lsr14 3Ir15 3Ir14 2r15 4Tr26 4Lsr11	4Ss7	250	999987	exact
4Lsr14 3Ir15 3Ir14 2r15 4Tr26 4Lsr12	4Tr33	250	999987	exact
4Lsr14 3Ir15 3Ir14 2r15 4Tr26 4Lsr21	4Sr11	250	999989	exact
4Lsr14 3Ir15 3Ir14 2r15 4Tr26 4S6	4Ss8	250	999989	exact
4Lsr14 3Ir15 3Ir14 2r15 4Tr26 4Ss7	2r19	250	999989	exact
4Lsr14 3Ir15 3Ir14 2r15 4Tr26 4Ss8	4S7	250	999989	exact
4Lsr14 3Ir15 3Ir14 2r15 4Tr26 4Tr17	2r19	250	999989	exact
4Lsr14 3Ir15 3Ir14 2r15 4Tr26 4Tr18	4Ssr17	250	999987	exact
4Lsr14 3Ir15 3Ir14 2r15 4Tr26 4Tr21	4Ss2	250	999987	exact
4Lsr14 3Ir15 3Ir14 2r15 4Tr26 4Tr36	4Ss8	250	999989	exact
4Lsr14 3Ir15 3Ir14 2r16	2r16	18	999984	exact
4Lsr14 3Ir15 3Ir14 2r16 2r16 11	3Ir15	250	999986	exact
4Lsr14 3Ir15 3Ir14 2r16 2r16 12	3Ir15	250	999987	exact
4Lsr14 3Ir15 3Ir14 2r16 2r16 14	3Ir15	250	999984	exact
4Lsr14 3Ir15 3Ir14 2r16 2r16 17	3Ir15	250	999986	exact
4Lsr14 3Ir15 3Ir14 2r16 2r16 18	3Ir15	250	999989	exact
4Lsr14 3Ir15 3Ir14 2r16 2r16 19	3Ir15	250	999987	exact
4Lsr14 3Ir15 3Ir14 2r16 2r16 21	3Ir15	250	999985	exact
4Lsr14 3Ir15 3Ir14 2r16 2r16 28	3Ir15	250	999989	exact
4Lsr14 3Ir15 3Ir14 2r16 2r16 2r11	3Ir15	250	999987	exact
4Lsr14 3Ir15 3Ir14 2r16 2r16 2r12	3Ir15	250	999989	exact
4Lsr14 3Ir15 3Ir14 2r16 2r16 2r13	3Ir15	250	999987	exact
4Lsr14 3Ir15 3Ir14 2r16 2r16 2r14	3Ir15	250	999986	exact
4Lsr14 3Ir15 3Ir14 2r16 2r16 2r15	4Tr21	250	999985	exact
4Lsr14 3Ir15 3Ir14 2r16 2r16 2r16	3Ir15	250	999985	exact
4Lsr14 3Ir15 3Ir14 2r16 2r16 2r17	3Ir15	250	999989	exact
4Lsr14 3Ir15 3Ir14 2r16 2r16 2r18	3Ir15	250	999995	exact
4Lsr14 3Ir15 3Ir14 2r16 2r16 3I1	3Ir15	250	999989	exact
4Lsr14 3Ir15 3Ir14 2r16 2r16 3I7	4Tr21	250	999986	exact
4Lsr14 3Ir15 3Ir14 2r16 2r16 3Ir11	3Ir15	250	999989	exact
4Lsr14 3Ir15 3Ir14 2r16 2r16 3Ir12	3Ir15	250	999986	exact
4Lsr14 3Ir15 3Ir14 2r16 2r16 3Ir14	3Ir15	250	999985	exact
4Lsr14 3Ir15 3Ir14 2r16 2r16 3Ir16	3Ir15	250	999984	exact
4Lsr14 3Ir15 3Ir14 2r16 2r16 3Ir19	3Ir15	250	999995	exact
4Lsr14 3Ir15 3Ir14 2r16 2r16 3Lr21	3Ir15	250	999985	exact
4Lsr14 3Ir15 3Ir14 2r16 2r16 3Lr27	3Ir15	250	999989	exact
4Lsr14 3Ir15 3Ir14 2r16 2r16 3Lr31	3Ir15	250	999991	exact
4Lsr14 3Ir15 3Ir14 2r16 2r16 3Lr38	3Ir15	250	999989	exact
4Lsr14 3Ir15 3Ir14 2r16 2r16 4Lr31	3Ir15	250	999985	exact
4Lsr14 3Ir15 3Ir14 2r16 2r16 4Lr32	3Ir15	250	999985	exact
4Lsr14 3Ir15 3Ir14 2r16 2r16 4Lsr12	3Ir15	250	999995	exact
4Lsr14 3Ir15 3Ir14 2r16 2r16 4Lsr17	3Ir15	250	999987	exact
4Lsr14 3Ir15 3Ir14 2r16 2r16 4Lsr18	4Lr15	250	999984	exact
4Lsr14 3Ir15 3Ir14 2r16 2r16 4Lsr21	3Ir15	250	999995	exact
4Lsr14 3Ir15 3Ir14 2r16 2r16 4Lsr27	3Ir15	250	999989	exact
4Lsr14 3Ir15 3Ir14 2r16 2r16 4Lsr34	15	250	999984	exact
4Lsr14 3Ir15 3Ir14 2r16 2r16 4Tr21	3Ir15	250	999985	exact
4Lsr14 3Ir15 3Ir14 2r16 2r16 4Tr27	3Ir15	250	999989	exact
4Lsr14 3Ir15 3Ir14 2r17	4Tr21	17	999984	exact
4Lsr14 3Ir15 3Ir14 2r17 4Tr21 11	4Lr17	250	999986	exact
4Lsr14 3Ir15 3Ir14 2r17 4Tr21 12	4Lr17	250	999987	exact
4Lsr14 3Ir15 3Ir14 2r17 4Tr21 13	4Lsr36	250	999987	exact
4Lsr14 3Ir15 3Ir14 2r17 4Tr21 14	4Lsr36	250	999987	exact
4Lsr14 3Ir15 3Ir14 2r17 4Tr21 15	4Lsr36	250	999986	exact
4Lsr14 3Ir15 3Ir14 2r17 4Tr21 16	4Lsr34	250	999985	exact
4Lsr14 3Ir15 3Ir14 2r17 4Tr21 17	4Lsr34	250	999984	exact
4Lsr14 3Ir15 3Ir14 2r17 4Tr21 18	4Lsr34	250	999985	exact
4Lsr14 3Ir15 3Ir14 2r17 4Tr21 19	4Lsr36	250	999987	exact
4Lsr14 3Ir15 3Ir14 2r17 4Tr21 28	4Sr17	250	999995	exact
4Lsr14 3Ir15 3Ir14 2r17 4Tr21 2r11	2r17	250	999985	exact
4Lsr14 3Ir15 3Ir14 2r17 4Tr21 2r12	2r17	250	999986	exact
4Lsr14 3Ir15 3Ir14 2r17 4Tr21 2r13	4Lsr36	250	999989	exact
4Lsr14 3Ir15 3Ir14 2r17 4Tr21 2r14	4Lsr36	250	999987	exact
4Lsr14 3Ir15 3Ir14 2r17 4Tr21 2r15	4Lsr36	250	999987	exact
4Lsr14 3Ir15 3Ir14 2r17 4Tr21 2r16	4Lsr34	250	999985	exact
4Lsr14 3Ir15 3Ir14 2r17 4Tr21 2r17	4Lsr34	250	999984	exact
4Lsr14 3Ir15 3Ir14 2r17 4Tr21 2r18	4Lsr34	250	999987	exact
4Lsr14 3Ir15 3Ir14 2r17 4Tr21 2r19	2r17	250	999986	exact
4Lsr14 3Ir15 3Ir14 2r17 4Tr21 3Ir11	3Ir17	250	999985	exact
4Lsr14 3Ir15 3Ir14 2r17 4Tr21 3Ir12	4Lsr36	250	999985	exact
4Lsr14 3Ir15 3Ir14 2r17 4Tr21 3Ir13	3Ir13	250	999987	exact
4Lsr14 3Ir15 3Ir14 2r17 4Tr21 3Ir14	4Lsr36	250	999985	exact
4Lsr14 3Ir15 3Ir14 2r17 4Tr21 3Ir15	4Lsr36	250	999985	exact
4Lsr14 3Ir15 3Ir14 2r17 4Tr21 3Ir16	4Tr16	250	999987	exact
4Lsr14 3Ir15 3Ir14 2r17 4Tr21 3Ir17	4Lsr34	250	999984	exact
4Lsr14 3Ir15 3Ir14 2r17 4Tr21 3Ir18	4Lsr34	250	999985	exact
4Lsr14 3Ir15 3Ir14 2r17 4Tr21 3Ir19	4Lsr34	250	999984	exact
4Lsr14 3Ir15 3Ir14 2r17 4Tr21 3L1	17	250	999985	exact
4Lsr14 3Ir15 3Ir14 2r17 4Tr21 3Lr12	4Lsr34	250	999985	exact
4Lsr14 3Ir15 3Ir14 2r17 4Tr21 3Lr28	4Lsr34	250	999993	exact
4Lsr14 3Ir15 3Ir14 2r17 4Tr21 3Lr38	4Ls7	250	999995	exact
4Lsr14 3Ir15 3Ir14 2r17 4Tr21 4Lr17	4Lsr34	250	999984	exact
4Lsr14 3Ir15 3Ir14 2r17 4Tr21 4Lr38	4Lsr34	250	999984	exact
4Lsr14 3Ir15 3Ir14 2r17 4Tr21 4Lsr18	4Lsr34	250	999984	exact
4Lsr14 3Ir15 3Ir14 2r17 4Tr21 4Lsr34	4Lsr36	250	999993	exact
4Lsr14 3Ir15 3Ir14 2r17 4Tr21 4Lsr36	3Ir15	250	999995	exact
4Lsr14 3Ir15 3Ir14 2r17 4Tr21 4S1	2r17	250	999984	exact
4Lsr14 3Ir15 3Ir14 2r17 4Tr21 4Ss2	4Lsr36	250	999987	exact
4Lsr14 3Ir15 3Ir14 2r17 4Tr21 4Tr12	4Lsr36	250	999987	exact
4Lsr14 3Ir15 3Ir14 2r17 4Tr21 4Tr31	2r17	250	999985	exact
4Lsr14 3Ir15 3Ir14 2r18	4Lsr34	21	999982	exact
4Lsr14 3Ir15 3Ir14 2r19	3Lr36	20	999981	exact
4Lsr14 3Ir15 3Ir14 3I1	4Tr26	17	999986	exact
4Lsr14 3Ir15 3Ir14 3I1 4Tr26 11	4Lsr34	250	999987	exact
4Lsr14 3Ir15 3Ir14 3I1 4Tr26 12	4Lsr34	250	999987	exact
4Lsr14 3Ir15 3Ir14 3I1 4Tr26 13	4Lsr34	250	999987	exact
4Lsr14 3Ir15 3Ir14 3I1 4Tr26 14	4Tr21	250	999989	exact
4Lsr14 3Ir15 3Ir14 3I1 4Tr26 15	21	250	999987	exact
4Lsr14 3Ir15 3Ir14 3I1 4Tr26 16	4Ss8	250	999987	exact
4Lsr14 3Ir15 3Ir14 3I1 4Tr26 17	4Lsr34	250	999987	exact
4Lsr14 3Ir15 3Ir14 3I1 4Tr26 18	4S6	250	999987	exact
4Lsr14 3Ir15 3Ir14 3I1 4Tr26 19	4Sr17	250	999987	exact
4Lsr14 3Ir15 3Ir14 3I1 4Tr26 21	4Lsr34	250	999987	exact
4Lsr14 3Ir15 3Ir14 3I1 4Tr26 22	4Lsr34	250	999987	exact
4Lsr14 3Ir15 3Ir14 3I1 4Tr26 2r11	4Tr36	250	999987	exact
4Lsr14 3Ir15 3Ir14 3I1 4Tr26 2r12	4Tr36	250	999986	exact
4Lsr14 3Ir15 3Ir14 3I1 4Tr26 2r13	4S3	250	999987	exact
4Lsr14 3Ir15 3Ir14 3I1 4Tr26 2r14	4Tr21	250	999991	exact
4Lsr14 3Ir15 3Ir14 3I1 4Tr26 2r15	4Tr21	250	999991	exact
4Lsr14 3Ir15 3Ir14 3I1 4Tr26 2r16	4Lsr34	250	999987	exact
4Lsr14 3Ir15 3Ir14 3I1 4Tr26 2r17	4Lsr34	250	999987	exact
4Lsr14 3Ir15 3Ir14 3I1 4Tr26 2r18	4Lsr34	250	999987	exact
4Lsr14 3Ir15 3Ir14 3I1 4Tr26 2r19	4Tr36	250	999987	exact
4Lsr14 3Ir15 3Ir14 3I1 4Tr26 3L6	4Tr21	250	999986	exact
4Lsr14 3Ir15 3Ir14 3I1 4Tr26 3Lr17	4Lsr34	250	999986	exact
4Lsr14 3Ir15 3Ir14 3I1 4Tr26 3Lr18	4Tr36	250	999989	exact
4Lsr14 3Ir15 3Ir14 3I1 4Tr26 3Lr21	4S1	250	999987	exact
4Lsr14 3Ir15 3Ir14 3I1 4Tr26 3Lr22	4Lsr34	250	999987	exact
4Lsr14 3Ir15 3Ir14 3I1 4Tr26 3Lr31	4Lsr34	250	999987	exact
4Lsr14 3Ir15 3Ir14 3I1 4Tr26 3Lr32	4Ss2	250	999987	exact
4Lsr14 3Ir15 3Ir14 3I1 4Tr26 4Lr21	4S2	250	999987	exact
4Lsr14 3Ir15 3Ir14 3I1 4Tr26 4Lr31	4Ss8	250	999987	exact
4Lsr14 3Ir15 3Ir14 3I1 4Tr26 4Lr32	4Lr12	250	999987	exact
4Lsr14 3Ir15 3Ir14 3I1 4Tr26 4Lsr11	4Ss8	250	999986	exact
4Lsr14 3Ir15 3Ir14 3I1 4Tr26 4Lsr12	4Lsr13	250	999987	exact
4Lsr14 3Ir15 3Ir14 3I1 4Tr26 4Lsr21	4Lsr34	250	999987	exact
4Lsr14 3Ir15 3Ir14 3I1 4Tr26 4Lsr34	4Lr21	250	999993	exact
4Lsr14 3Ir15 3Ir14 3I1 4Tr26 4S6	3Ir15	250	999995	exact
4Lsr14 3Ir15 3Ir14 3I1 4Tr26 4Ss7	4Lsr34	250	999986	exact
4Lsr14 3Ir15 3Ir14 3I1 4Tr26 4Ss8	4S7	250	999987	exact
4Lsr14 3Ir15 3Ir14 3I1 4Tr26 4Tr17	4Lsr34	250	999987	exact
4Lsr14 3Ir15 3Ir14 3I1 4Tr26 4Tr18	4Lsr34	250	999987	exact
4Lsr14 3Ir15 3Ir14 3I1 4Tr26 4Tr21	4Ss2	250	999987	exact
4Lsr14 3Ir15 3Ir14 3I1 4Tr26 4Tr36	4Tr18	250	999987	exact
4Lsr14 3Ir15 3Ir14 3I6	4Tr26	19	999991	exact
4Lsr14 3Ir15 3Ir14 3I6 4Tr26 11	4Sr11	250	999995	exact
4Lsr14 3Ir15 3Ir14 3I6 4Tr26 12	4Lsr34	250	999991	exact
4Lsr14 3Ir15 3Ir14 3I6 4Tr26 13	4Ssr11	250	999995	exact
4Lsr14 3Ir15 3Ir14 3I6 4Tr26 14	4Lsr21	250	999995	exact
4Lsr14 3Ir15 3Ir14 3I6 4Tr26 17	4Tr21	250	999995	exact
4Lsr14 3Ir15 3Ir14 3I6 4Tr26 18	4Tr21	250	999993	exact
4Lsr14 3Ir15 3Ir14 3I6 4Tr26 19	4Tr36	250	999993	exact
4Lsr14 3Ir15 3Ir14 3I6 4Tr26 21	4Ls1	250	999993	exact
4Lsr14 3Ir15 3Ir14 3I6 4Tr26 22	4L1	250	999995	exact
4Lsr14 3Ir15 3Ir14 3I6 4Tr26 2r11	4S6	250	999991	exact
4Lsr14 3Ir15 3Ir14 3I6 4Tr26 2r15	4Tr21	250	999993	exact
4Lsr14 3Ir15 3Ir14 3I6 4Tr26 2r17	4Tr21	250	999995	exact
4Lsr14 3Ir15 3Ir14 3I6 4Tr26 2r18	4Tr21	250	999995	exact
4Lsr14 3Ir15 3Ir14 3I6 4Tr26 2r19	4Sr17	250	999991	exact
4Lsr14 3Ir15 3Ir14 3I6 4Tr26 3Lr17	4Tr21	250	999995	exact
4Lsr14 3Ir15 3Ir14 3I6 4Tr26 3Lr21	4S1	250	999993	exact
4Lsr14 3Ir15 3Ir14 3I6 4Tr26 3Lr22	4S2	250	999993	exact
4Lsr14 3Ir15 3Ir14 3I6 4Tr26 3Lr32	4Lsr34	250	999991	exact
4Lsr14 3Ir15 3Ir14 3I6 4Tr26 4Lr21	4Ssr11	250	999995	exact
4Lsr14 3Ir15 3Ir14 3I6 4Tr26 4Lr31	4Lr11	250	999993	exact
4Lsr14 3Ir15 3Ir14 3I6 4Tr26 4Lr32	4Lr12	250	999993	exact
4Lsr14 3Ir15 3Ir14 3I6 4Tr26 4Lsr12	4S3	250	999993	exact
4Lsr14 3Ir15 3Ir14 3I6 4Tr26 4Lsr21	4Sr11	250	999995	exact
4Lsr14 3Ir15 3Ir14 3I6 4Tr26 4Tr17	4Tr21	250	999993	exact
4Lsr14 3Ir15 3Ir14 3I6 4Tr26 4Tr21	4S1	250	999993	exact
4Lsr14 3Ir15 3Ir14 3I6 4Tr26 4Tr36	4Tr21	250	999995	exact
4Lsr14 3Ir15 3Ir14 3I7	4Tr27	12	999991	exact
4Lsr14 3Ir15 3Ir14 3I7 4Tr27 11	4Lsr34	250	999993	exact
4Lsr14 3Ir15 3Ir14 3I7 4Tr27 12	4Ss2	250	999991	exact
4Lsr14 3Ir15 3Ir14 3I7 4Tr27 13	4Lsr34	250	999993	exact
4Lsr14 3Ir15 3Ir14 3I7 4Tr27 14	4Tr21	250	999993	exact
4Lsr14 3Ir15 3Ir14 3I7 4Tr27 15	4Tr21	250	999991	exact
4Lsr14 3Ir15 3Ir14 3I7 4Tr27 16	4Lsr34	250	999991	exact
4Lsr14 3Ir15 3Ir14 3I7 4Tr27 17	4Lsr34	250	999991	exact
4Lsr14 3Ir15 3Ir14 3I7 4Tr27 18	4Lsr34	250	999993	exact
4Lsr14 3Ir15 3Ir14 3I7 4Tr27 19	4Lsr34	250	999993	exact
4Lsr14 3Ir15 3Ir14 3I7 4Tr27 21	4Lsr11	250	999991	exact
4Lsr14 3Ir15 3Ir14 3I7 4Tr27 22	4L1	250	999991	exact
4Lsr14 3Ir15 3Ir14 3I7 4Tr27 2r11	3Ir11	250	999991	exact
4Lsr14 3Ir15 3Ir14 3I7 4Tr27 2r12	4Lsr31	250	999991	exact
4Lsr14 3Ir15 3Ir14 3I7 4Tr27 2r13	3Ir13	250	999991	exact
4Lsr14 3Ir15 3Ir14 3I7 4Tr27 2r14	4Tr21	250	999991	exact
4Lsr14 3Ir15 3Ir14 3I7 4Tr27 2r15	4Tr21	250	999991	exact
4Lsr14 3Ir15 3Ir14 3I7 4Tr27 2r16	3Ir15	250	999993	exact
4Lsr14 3Ir15 3Ir14 3I7 4Tr27 2r17	4Lsr34	250	999993	exact
4Lsr14 3Ir15 3Ir14 3I7 4Tr27 2r18	4Lsr34	250	999993	exact
4Lsr14 3Ir15 3Ir14 3I7 4Tr27 2r19	4Lsr34	250	999993	exact
4Lsr14 3Ir15 3Ir14 3I7 4Tr27 3L7	4Lsr34	250	999993	exact
4Lsr14 3Ir15 3Ir14 3I7 4Tr27 3Lr18	4Lsr34	250	999993	exact
4Lsr14 3Ir15 3Ir14 3I7 4Tr27 3Lr21	3Ir15	250	999991	exact
4Lsr14 3Ir15 3Ir14 3I7 4Tr27 3Lr22	4S2	250	999991	exact
4Lsr14 3Ir15 3Ir14 3I7 4Tr27 3Lr31	3Ir15	250	999991	exact
4Lsr14 3Ir15 3Ir14 3I7 4Tr27 3Lr32	3Ir15	250	999991	exact
4Lsr14 3Ir15 3Ir14 3I7 4Tr27 4Lr21	4Lsr34	250	999991	exact
4Lsr14 3Ir15 3Ir14 3I7 4Tr27 4Lr31	3Ir15	250	999991	exact
4Lsr14 3Ir15 3Ir14 3I7 4Tr27 4Lr32	4Lr12	250	999991	exact
4Lsr14 3Ir15 3Ir14 3I7 4Tr27 4Lsr11	4Lsr31	250	999991	exact
4Lsr14 3Ir15 3Ir14 3I7 4Tr27 4Lsr12	4Tr33	250	999991	exact
4Lsr14 3Ir15 3Ir14 3I7 4Tr27 4Lsr21	4Lsr34	250	999991	exact
4Lsr14 3Ir15 3Ir14 3I7 4Tr27 4Lsr34	4Tr21	250	999993	exact
4Lsr14 3Ir15 3Ir14 3I7 4Tr27 4Lsr36	3Ir15	250	999991	exact
4Lsr14 3Ir15 3Ir14 3I7 4Tr27 4S7	4Lsr34	250	999993	exact
4Lsr14 3Ir15 3Ir14 3I7 4Tr27 4Ss8	4Lsr34	250	999993	exact
4Lsr14 3Ir15 3Ir14 3I7 4Tr27 4Tr18	4Lsr34	250	999993	exact
4Lsr14 3Ir15 3Ir14 3I7 4Tr27 4Tr21	4Ss2	250	999991	exact
4Lsr14 3Ir15 3Ir14 3I7 4Tr27 4Tr37	4Lsr34	250	999993	exact
4Lsr14 3Ir15 3Ir14 3Ir11	4Lsr34	17	999985	exact
4Lsr14 3Ir15 3Ir14 3Ir11 4Lsr34 11	3Lr34	250	999997	exact
4Lsr14 3Ir15 3Ir14 3Ir11 4Lsr34 12	3Lr34	250	999997	exact
4Lsr14 3Ir15 3Ir14 3Ir11 4Lsr34 13	3Lr34	250	999997	exact
4Lsr14 3Ir15 3Ir14 3Ir11 4Lsr34 14	3Lr14	250	999997	exact
4Lsr14 3Ir15 3Ir14 3Ir11 4Lsr34 15	3L4	250	999997	exact
4Lsr14 3Ir15 3Ir14 3Ir11 4Lsr34 16	3Lr34	250	999997	exact
4Lsr14 3Ir15 3Ir14 3Ir11 4Lsr34 17	3Lr34	250	999997	exact
4Lsr14 3Ir15 3Ir14 3Ir11 4Lsr34 18	3Lr34	250	999997	exact
4Lsr14 3Ir15 3Ir14 3Ir11 4Lsr34 19	3Lr34	250	999997	exact
4Lsr14 3Ir15 3Ir14 3Ir11 4Lsr34 22	3Lr34	250	999997	exact
4Lsr14 3Ir15 3Ir14 3Ir11 4Lsr34 24	4Tr26	250	999985	exact
4Lsr14 3Ir15 3Ir14 3Ir11 4Lsr34 26	3Lr34	250	999997	exact
4Lsr14 3Ir15 3Ir14 3Ir11 4Lsr34 27	3Lr34	250	999997	exact
4Lsr14 3Ir15 3Ir14 3Ir11 4Lsr34 28	3Lr34	250	999997	exact
4Lsr14 3Ir15 3Ir14 3Ir11 4Lsr34 2r11	3Lr34	250	999997	exact
4Lsr14 3Ir15 3Ir14 3Ir11 4Lsr34 2r12	3Lr34	250	999997	exact
4Lsr14 3Ir15 3Ir14 3Ir11 4Lsr34 2r13	3Lr34	250	999997	exact
4Lsr14 3Ir15 3Ir14 3Ir11 4Lsr34 2r14	2r15	250	999997	exact
4Lsr14 3Ir15 3Ir14 3Ir11 4Lsr34 2r15	2r14	250	999997	exact
4Lsr14 3Ir15 3Ir14 3Ir11 4Lsr34 2r16	3Lr34	250	999997	exact
4Lsr14 3Ir15 3Ir14 3Ir11 4Lsr34 2r17	3Lr34	250	999997	exact
4Lsr14 3Ir15 3Ir14 3Ir11 4Lsr34 2r18	3Lr34	250	999997	exact
4Lsr14 3Ir15 3Ir14 3Ir11 4Lsr34 2r19	3Lr34	250	999997	exact
4Lsr14 3Ir15 3Ir14 3Ir11 4Lsr34 3Lr22	3Lr34	250	999997	exact
4Lsr14 3Ir15 3Ir14 3Ir11 4Lsr34 3Lr24	4Tr26	250	999985	exact
4Lsr14 3Ir15 3Ir14 3Ir11 4Lsr34 3Lr26	3Lr34	250	999997	exact
4Lsr14 3Ir15 3Ir14 3Ir11 4Lsr34 3Lr27	3Lr34	250	999997	exact
4Lsr14 3Ir15 3Ir14 3Ir11 4Lsr34 3Lr28	3Lr34	250	999997	exact
4Lsr14 3Ir15 3Ir14 3Ir11 4Lsr34 3Lr32	3Lr34	250	999997	exact
4Lsr14 3Ir15 3Ir14 3Ir11 4Lsr34 3Lr34	4Tr26	250	999985	exact
4Lsr14 3Ir15 3Ir14 3Ir11 4Lsr34 3Lr36	3Lr34	250	999997	exact
4Lsr14 3Ir15 3Ir14 3Ir11 4Lsr34 3Lr37	3Lr34	250	999997	exact
4Lsr14 3Ir15 3Ir14 3Ir11 4Lsr34 3Lr38	3Lr34	250	999997	exact
4Lsr14 3Ir15 3Ir14 3Ir11 4Lsr34 4Lr26	3Lr34	250	999997	exact
4Lsr14 3Ir15 3Ir14 3Ir11 4Lsr34 4Lr27	3Lr34	250	999997	exact
4Lsr14 3Ir15 3Ir14 3Ir11 4Lsr34 4Lr32	3Lr34	250	999997	exact
4Lsr14 3Ir15 3Ir14 3Ir11 4Lsr34 4Lr36	3Lr34	250	999997	exact
4Lsr14 3Ir15 3Ir14 3Ir11 4Lsr34 4Lr37	3Lr34	250	999997	exact
4Lsr14 3Ir15 3Ir14 3Ir11 4Lsr34 4Lr38	3Lr34	250	999997	exact
4Lsr14 3Ir15 3Ir14 3Ir11 4Lsr34 4Lsr12	3Lr34	250	999997	exact
4Lsr14 3Ir15 3Ir14 3Ir11 4Lsr34 4Lsr16	3Lr34	250	999997	exact
4Lsr14 3Ir15 3Ir14 3Ir11 4Lsr34 4Lsr17	3Lr34	250	999997	exact
4Lsr14 3Ir15 3Ir14 3Ir11 4Lsr34 4Lsr18	3Lr34	250	999997	exact
4Lsr14 3Ir15 3Ir14 3Ir11 4Lsr34 4Lsr26	3Lr34	250	999997	exact
4Lsr14 3Ir15 3Ir14 3Ir11 4Lsr34 4Lsr27	3Lr34	250	999997	exact
4Lsr14 3Ir15 3Ir14 3Ir11 4Lsr34 4Tr26	3Lr34	250	999997	exact
4Lsr14 3Ir15 3Ir14 3Ir11 4Lsr34 4Tr27	3Lr34	250	999997	exact
4Lsr14 3Ir15 3Ir14 3Ir12	4Lsr34	18	999985	exact
4Lsr14 3Ir15 3Ir14 3Ir12 4Lsr34 11	3Lr34	250	999997	exact
4Lsr14 3Ir15 3Ir14 3Ir12 4Lsr34 12	3Lr34	250	999997	exact
4Lsr14 3Ir15 3Ir14 3Ir12 4Lsr34 13	3Lr34	250	999997	exact
4Lsr14 3Ir15 3Ir14 3Ir12 4Lsr34 14	2r15	250	999997	exact
4Lsr14 3Ir15 3Ir14 3Ir12 4Lsr34 15	2r14	250	999997	exact
4Lsr14 3Ir15 3Ir14 3Ir12 4Lsr34 16	3Lr34	250	999997	exact
4Lsr14 3Ir15 3Ir14 3Ir12 4Lsr34 17	3Lr34	250	999997	exact
4Lsr14 3Ir15 3Ir14 3Ir12 4Lsr34 18	3Lr34	250	999997	exact
4Lsr14 3Ir15 3Ir14 3Ir12 4Lsr34 19	3Lr34	250	999997	exact
4Lsr14 3Ir15 3Ir14 3Ir12 4Lsr34 24	4Tr26	250	999985	exact
4Lsr14 3Ir15 3Ir14 3Ir12 4Lsr34 26	3Lr34	250	999997	exact
4Lsr14 3Ir15 3Ir14 3Ir12 4Lsr34 27	3Lr34	250	999997	exact
4Lsr14 3Ir15 3Ir14 3Ir12 4Lsr34 28	3Lr34	250	999997	exact
4Lsr14 3Ir15 3Ir14 3Ir12 4Lsr34 2r11	3Lr34	250	999997	exact
4Lsr14 3Ir15 3Ir14 3Ir12 4Lsr34 2r12	3Lr34	250	999997	exact
4Lsr14 3Ir15 3Ir14 3Ir12 4Lsr34 2r13	3Lr34	250	999997	exact
4Lsr14 3Ir15 3Ir14 3Ir12 4Lsr34 2r14	2r15	250	999997	exact
4Lsr14 3Ir15 3Ir14 3Ir12 4Lsr34 2r15	2r14	250	999997	exact
4Lsr14 3Ir15 3Ir14 3Ir12 4Lsr34 2r16	3Lr34	250	999997	exact
4Lsr14 3Ir15 3Ir14 3Ir12 4Lsr34 2r17	3Lr34	250	999997	exact
4Lsr14 3Ir15 3Ir14 3Ir12 4Lsr34 2r18	3Lr34	250	999997	exact
4Lsr14 3Ir15 3Ir14 3Ir12 4Lsr34 3Lr24	4Tr26	250	999985	exact
4Lsr14 3Ir15 3Ir14 3Ir12 4Lsr34 3Lr26	3Lr34	250	999997	exact
4Lsr14 3Ir15 3Ir14 3Ir12 4Lsr34 3Lr27	3Lr34	250	999997	exact
4Lsr14 3Ir15 3Ir14 3Ir12 4Lsr34 3Lr28	3Lr34	250	999997	exact
4Lsr14 3Ir15 3Ir14 3Ir12 4Lsr34 3Lr34	4Tr26	250	999985	exact
4Lsr14 3Ir15 3Ir14 3Ir12 4Lsr34 3Lr36	3Lr34	250	999997	exact
4Lsr14 3Ir15 3Ir14 3Ir12 4Lsr34 3Lr37	3Lr34	250	999997	exact
4Lsr14 3Ir15 3Ir14 3Ir12 4Lsr34 3Lr38	3Lr34	250	999997	exact
4Lsr14 3Ir15 3Ir14 3Ir12 4Lsr34 4Lr26	3Lr34	250	999997	exact
4Lsr14 3Ir15 3Ir14 3Ir12 4Lsr34 4Lr27	3Lr34	250	999997	exact
4Lsr14 3Ir15 3Ir14 3Ir12 4Lsr34 4Lr36	3Lr34	250	999997	exact
4Lsr14 3Ir15 3Ir14 3Ir12 4Lsr34 4Lr37	3Lr34	250	999997	exact
4Lsr14 3Ir15 3Ir14 3Ir12 4Lsr34 4Lr38	3Lr34	250	999997	exact
4Lsr14 3Ir15 3Ir14 3Ir12 4Lsr34 4Lsr16	3Lr34	250	999997	exact
4Lsr14 3Ir15 3Ir14 3Ir12 4Lsr34 4Lsr17	3Lr34	250	999997	exact
4Lsr14 3Ir15 3Ir14 3Ir12 4Lsr34 4Lsr18	3Lr34	250	999997	exact
4Lsr14 3Ir15 3Ir14 3Ir12 4Lsr34 4Lsr26	3Lr34	250	999997	exact
4Lsr14 3Ir15 3Ir14 3Ir12 4Lsr34 4Lsr27	3Lr34	250	999997	exact
4Lsr14 3Ir15 3Ir14 3Ir12 4Lsr34 4Tr26	3Lr34	250	999997	exact
4Lsr14 3Ir15 3Ir14 3Ir12 4Lsr34 4Tr27	3Lr34	250	999997	exact
4Lsr14 3Ir15 3Ir14 3Ir13	3L3	13	999991	exact
4Lsr14 3Ir15 3Ir14 3Ir13 3L3 11	4Tr26	250	999991	exact
4Lsr14 3Ir15 3Ir14 3Ir13 3L3 12	4Tr26	250	999991	exact
4Lsr14 3Ir15 3Ir14 3Ir13 3L3 13	4Tr26	250	999991	exact
4Lsr14 3Ir15 3Ir14 3Ir13 3L3 14	4Tr26	250	999991	exact
4Lsr14 3Ir15 3Ir14 3Ir13 3L3 15	4Tr26	250	999991	exact
4Lsr14 3Ir15 3Ir14 3Ir13 3L3 16	4Lr33	250	999995	exact
4Lsr14 3Ir15 3Ir14 3Ir13 3L3 17	4Lr33	250	999995	exact
4Lsr14 3Ir15 3Ir14 3Ir13 3L3 18	4Lr33	250	999995	exact
4Lsr14 3Ir15 3Ir14 3Ir13 3L3 19	4Tr26	250	999991	exact
4Lsr14 3Ir15 3Ir14 3Ir13 3L3 21	4Tr26	250	999991	exact
4Lsr14 3Ir15 3Ir14 3Ir13 3L3 23	4Tr26	250	999991	exact
4Lsr14 3Ir15 3Ir14 3Ir13 3L3 26	4Lr33	250	999993	exact
4Lsr14 3Ir15 3Ir14 3Ir13 3L3 27	4Lr33	250	999995	exact
4Lsr14 3Ir15 3Ir14 3Ir13 3L3 28	4Lr33	250	999995	exact
4Lsr14 3Ir15 3Ir14 3Ir13 3L3 2r11	4Lr33	250	999995	exact
4Lsr14 3Ir15 3Ir14 3Ir13 3L3 2r12	4Tr26	250	999991	exact
4Lsr14 3Ir15 3Ir14 3Ir13 3L3 2r13	4Tr26	250	999991	exact
4Lsr14 3Ir15 3Ir14 3Ir13 3L3 2r14	4Tr26	250	999991	exact
4Lsr14 3Ir15 3Ir14 3Ir13 3L3 2r15	4Tr26	250	999991	exact
4Lsr14 3Ir15 3Ir14 3Ir13 3L3 2r16	4Lr33	250	999995	exact
4Lsr14 3Ir15 3Ir14 3Ir13 3L3 2r17	4Lr33	250	999995	exact
4Lsr14 3Ir15 3Ir14 3Ir13 3L3 2r18	4Lr33	250	999995	exact
4Lsr14 3Ir15 3Ir14 3Ir13 3L3 2r19	4Lr33	250	999995	exact
4Lsr14 3Ir15 3Ir14 3Ir13 3L3 3L4	4Tr26	250	999991	exact
4Lsr14 3Ir15 3Ir14 3Ir13 3L3 3Lr21	4Tr26	250	999991	exact
4Lsr14 3Ir15 3Ir14 3Ir13 3L3 3Lr23	4Tr26	250	999991	exact
4Lsr14 3Ir15 3Ir14 3Ir13 3L3 3Lr26	4Lr33	250	999991	exact
4Lsr14 3Ir15 3Ir14 3Ir13 3L3 3Lr27	4Lr33	250	999993	exact
4Lsr14 3Ir15 3Ir14 3Ir13 3L3 3Lr28	4Lr33	250	999995	exact
4Lsr14 3Ir15 3Ir14 3Ir13 3L3 3Lr31	4Tr26	250	999991	exact
4Lsr14 3Ir15 3Ir14 3Ir13 3L3 3Lr33	4Tr26	250	999991	exact
4Lsr14 3Ir15 3Ir14 3Ir13 3L3 3Lr36	4Lr33	250	999995	exact
4Lsr14 3Ir15 3Ir14 3Ir13 3L3 3Lr37	4Ss8	250	999991	exact
4Lsr14 3Ir15 3Ir14 3Ir13 3L3 3Lr38	4Lr33	250	999995	exact
4Lsr14 3Ir15 3Ir14 3Ir13 3L3 4Lr26	4Lr33	250	999995	exact
4Lsr14 3Ir15 3Ir14 3Ir13 3L3 4Lr27	4Lr33	250	999995	exact
4Lsr14 3Ir15 3Ir14 3Ir13 3L3 4Lr31	4Lr33	250	999991	exact
4Lsr14 3Ir15 3Ir14 3Ir13 3L3 4Lr33	4Tr26	250	999991	exact
4Lsr14 3Ir15 3Ir14 3Ir13 3L3 4Lr36	4Tr34	250	999991	exact
4Lsr14 3Ir15 3Ir14 3Ir13 3L3 4Lr37	4Lr33	250	999995	exact
4Lsr14 3Ir15 3Ir14 3Ir13 3L3 4Lr38	4Tr34	250	999991	exact
4Lsr14 3Ir15 3Ir14 3Ir13 3L3 4Lsr11	4Lr33	250	999995	exact
4Lsr14 3Ir15 3Ir14 3Ir13 3L3 4Lsr13	4Tr26	250	999991	exact
4Lsr14 3Ir15 3Ir14 3Ir13 3L3 4Lsr16	4Lr33	250	999995	exact
4Lsr14 3Ir15 3Ir14 3Ir13 3L3 4Lsr17	4Lr33	250	999995	exact
4Lsr14 3Ir15 3Ir14 3Ir13 3L3 4Lsr18	4Lr33	250	999995	exact
4Lsr14 3Ir15 3Ir14 3Ir13 3L3 4Lsr26	4Lr33	250	999995	exact
4Lsr14 3Ir15 3Ir14 3Ir13 3L3 4Lsr27	4Lr33	250	999995	exact
4Lsr14 3Ir15 3Ir14 3Ir13 3L3 4S4	4Lsr33	250	999995	exact
4Lsr14 3Ir15 3Ir14 3Ir13 3L3 4Ssr13	4Tr26	250	999991	exact
4Lsr14 3Ir15 3Ir14 3Ir13 3L3 4Tr26	4S4	250	999991	exact
4Lsr14 3Ir15 3Ir14 3Ir13 3L3 4Tr27	4Lr33	250	999995	exact
4Lsr14 3Ir15 3Ir14 3Ir13 3L3 4Tr34	4Tr26	250	999991	exact
4Lsr14 3Ir15 3Ir14 3Ir14	4Tr26	15	999991	exact
4Lsr14 3Ir15 3Ir14 3Ir14 4Tr26 11	4Sr11	250	999991	exact
4Lsr14 3Ir15 3Ir14 3Ir14 4Tr26 12	4S1	250	999991	exact
4Lsr14 3Ir15 3Ir14 3Ir14 4Tr26 13	4Ssr11	250	999993	exact
4Lsr14 3Ir15 3Ir14 3Ir14 4Tr26 14	4Lr21	250	999991	exact
4Lsr14 3Ir15 3Ir14 3Ir14 4Tr26 15	4Lr21	250	999991	exact
4Lsr14 3Ir15 3Ir14 3Ir14 4Tr26 16	4Tr21	250	999991	exact
4Lsr14 3Ir15 3Ir14 3Ir14 4Tr26 17	4Ss8	250	999991	exact
4Lsr14 3Ir15 3Ir14 3Ir14 4Tr26 18	4Tr21	250	999991	exact
4Lsr14 3Ir15 3Ir14 3Ir14 4Tr26 19	4Sr17	250	999991	exact
4Lsr14 3Ir15 3Ir14 3Ir14 4Tr26 21	4Ls1	250	999991	exact
4Lsr14 3Ir15 3Ir14 3Ir14 4Tr26 22	4L1	250	999993	exact
4Lsr14 3Ir15 3Ir14 3Ir14 4Tr26 2r11	3Ir11	250	999991	exact
4Lsr14 3Ir15 3Ir14 3Ir14 4Tr26 2r12	4Lr12	250	999991	exact
4Lsr14 3Ir15 3Ir14 3Ir14 4Tr26 2r13	3Ir13	250	999991	exact
4Lsr14 3Ir15 3Ir14 3Ir14 4Tr26 2r14	4Ss8	250	999991	exact
4Lsr14 3Ir15 3Ir14 3Ir14 4Tr26 2r15	4Lr21	250	999991	exact
4Lsr14 3Ir15 3Ir14 3Ir14 4Tr26 2r16	4Tr21	250	999991	exact
4Lsr14 3Ir15 3Ir14 3Ir14 4Tr26 2r17	4Ss8	250	999991	exact
4Lsr14 3Ir15 3Ir14 3Ir14 4Tr26 2r18	4Tr21	250	999991	exact
4Lsr14 3Ir15 3Ir14 3Ir14 4Tr26 2r19	4T7	250	999991	exact
4Lsr14 3Ir15 3Ir14 3Ir14 4Tr26 3L6	4Ss8	250	999991	exact
4Lsr14 3Ir15 3Ir14 3Ir14 4Tr26 3Lr14	4Ss8	250	999991	exact
4Lsr14 3Ir15 3Ir14 3Ir14 4Tr26 3Lr17	4Tr21	250	999993	exact
4Lsr14 3Ir15 3Ir14 3Ir14 4Tr26 3Lr18	3Lr28	250	999993	exact
4Lsr14 3Ir15 3Ir14 3Ir14 4Tr26 3Lr21	4S1	250	999991	exact
4Lsr14 3Ir15 3Ir14 3Ir14 4Tr26 3Lr22	4S2	250	999991	exact
4Lsr14 3Ir15 3Ir14 3Ir14 4Tr26 3Lr31	4Tr11	250	999991	exact
4Lsr14 3Ir15 3Ir14 3Ir14 4Tr26 3Lr32	4Tr12	250	999991	exact
4Lsr14 3Ir15 3Ir14 3Ir14 4Tr26 4Lr21	4Ssr11	250	999993	exact
4Lsr14 3Ir15 3Ir14 3Ir14 4Tr26 4Lr31	4S6	250	999991	exact
4Lsr14 3Ir15 3Ir14 3Ir14 4Tr26 4Lr32	4Lr12	250	999991	exact
4Lsr14 3Ir15 3Ir14 3Ir14 4Tr26 4Lsr11	4Lsr31	250	999991	exact
4Lsr14 3Ir15 3Ir14 3Ir14 4Tr26 4Lsr12	4Lsr32	250	999991	exact
4Lsr14 3Ir15 3Ir14 3Ir14 4Tr26 4Lsr21	4Sr11	250	999991	exact
4Lsr14 3Ir15 3Ir14 3Ir14 4Tr26 4S6	4Ss8	250	999991	exact
4Lsr14 3Ir15 3Ir14 3Ir14 4Tr26 4Ss4	4Lr21	250	999993	exact
4Lsr14 3Ir15 3Ir14 3Ir14 4Tr26 4Ss7	2r19	250	999991	exact
4Lsr14 3Ir15 3Ir14 3Ir14 4Tr26 4Ss8	4Tr37	250	999991	exact
4Lsr14 3Ir15 3Ir14 3Ir14 4Tr26 4Tr14	4Lsr11	250	999991	exact
4Lsr14 3Ir15 3Ir14 3Ir14 4Tr26 4Tr17	2r19	250	999991	exact
4Lsr14 3Ir15 3Ir14 3Ir14 4Tr26 4Tr18	4Ssr17	250	999991	exact
4Lsr14 3Ir15 3Ir14 3Ir14 4Tr26 4Tr21	4Ss2	250	999991	exact
4Lsr14 3Ir15 3Ir14 3Ir14 4Tr26 4Tr36	4Tr18	250	999993	exact
4Lsr14 3Ir15 3Ir14 3Ir15	4Tr26	15	999989	exact
4Lsr14 3Ir15 3Ir14 3Ir15 4Tr26 11	4Tr11	250	999989	exact
4Lsr14 3Ir15 3Ir14 3Ir15 4Tr26 12	4Ss7	250	999989	exact
4Lsr14 3Ir15 3Ir14 3Ir15 4Tr26 13	4S2	250	999989	exact
4Lsr14 3Ir15 3Ir14 3Ir15 4Tr26 14	3I1	250	999993	exact
4Lsr14 3Ir15 3Ir14 3Ir15 4Tr26 16	3I1	250	999993	exact
4Lsr14 3Ir15 3Ir14 3Ir15 4Tr26 17	4Ss8	250	999989	exact
4Lsr14 3Ir15 3Ir14 3Ir15 4Tr26 18	3I1	250	999995	exact
4Lsr14 3Ir15 3Ir14 3Ir15 4Tr26 19	4Sr17	250	999989	exact
4Lsr14 3Ir15 3Ir14 3Ir15 4Tr26 21	4Lsr11	250	999989	exact
4Lsr14 3Ir15 3Ir14 3Ir15 4Tr26 22	4Lr32	250	999989	exact
4Lsr14 3Ir15 3Ir14 3Ir15 4Tr26 2r11	3Ir11	250	999989	exact
4Lsr14 3Ir15 3Ir14 3Ir15 4Tr26 2r12	4Lsr31	250	999989	exact
4Lsr14 3Ir15 3Ir14 3Ir15 4Tr26 2r13	2r14	250	999989	exact
4Lsr14 3Ir15 3Ir14 3Ir15 4Tr26 2r14	4Lr21	250	999993	exact
4Lsr14 3Ir15 3Ir14 3Ir15 4Tr26 2r16	4Tr21	250	999993	exact
4Lsr14 3Ir15 3Ir14 3Ir15 4Tr26 2r17	4Ss8	250	999989	exact
4Lsr14 3Ir15 3Ir14 3Ir15 4Tr26 2r18	4Tr21	250	999989	exact
4Lsr14 3Ir15 3Ir14 3Ir15 4Tr26 2r19	4S8	250	999989	exact
4Lsr14 3Ir15 3Ir14 3Ir15 4Tr26 3L6	4Ss8	250	999989	exact
4Lsr14 3Ir15 3Ir14 3Ir15 4Tr26 3Lr17	19	250	999989	exact
4Lsr14 3Ir15 3Ir14 3Ir15 4Tr26 3Lr18	4Tr27	250	999989	exact
4Lsr14 3Ir15 3Ir14 3Ir15 4Tr26 3Lr21	4S1	250	999989	exact
4Lsr14 3Ir15 3Ir14 3Ir15 4Tr26 3Lr22	4S2	250	999989	exact
4Lsr14 3Ir15 3Ir14 3Ir15 4Tr26 3Lr31	4Tr11	250	999989	exact
4Lsr14 3Ir15 3Ir14 3Ir15 4Tr26 3Lr32	4Ss2	250	999989	exact
4Lsr14 3Ir15 3Ir14 3Ir15 4Tr26 4Lr21	2r14	250	999989	exact
4Lsr14 3Ir15 3Ir14 3Ir15 4Tr26 4Lr31	4Lr11	250	999989	exact
4Lsr14 3Ir15 3Ir14 3Ir15 4Tr26 4Lr32	4Lr12	250	999989	exact
4Lsr14 3Ir15 3Ir14 3Ir15 4Tr26 4Lsr11	4Lsr31	250	999989	exact
4Lsr14 3Ir15 3Ir14 3Ir15 4Tr26 4Lsr12	4Tr33	250	999989	exact
4Lsr14 3Ir15 3Ir14 3Ir15 4Tr26 4Lsr21	4Ss8	250	999989	exact
4Lsr14 3Ir15 3Ir14 3Ir15 4Tr26 4S6	4Ss8	250	999989	exact
4Lsr14 3Ir15 3Ir14 3Ir15 4Tr26 4Ss7	2r19	250	999993	exact
4Lsr14 3Ir15 3Ir14 3Ir15 4Tr26 4Ss8	4S7	250	999989	exact
4Lsr14 3Ir15 3Ir14 3Ir15 4Tr26 4Tr17	2r14	250	999989	exact
4Lsr14 3Ir15 3Ir14 3Ir15 4Tr26 4Tr18	4Ssr17	250	999989	exact
4Lsr14 3Ir15 3Ir14 3Ir15 4Tr26 4Tr21	4Ss8	250	999989	exact
4Lsr14 3Ir15 3Ir14 3Ir15 4Tr26 4Tr36	4Ss8	250	999989	exact
4Lsr14 3Ir15 3Ir14 3Ir16	4Lsr34	17	999983	exact
4Lsr14 3Ir15 3Ir14 3Ir16 4Lsr34 11	2r15	250	999997	exact
4Lsr14 3Ir15 3Ir14 3Ir16 4Lsr34 12	2r15	250	999997	exact
4Lsr14 3Ir15 3Ir14 3Ir16 4Lsr34 13	2r15	250	999997	exact
4Lsr14 3Ir15 3Ir14 3Ir16 4Lsr34 14	2r15	250	999997	exact
4Lsr14 3Ir15 3Ir14 3Ir16 4Lsr34 15	2r14	250	999997	exact
4Lsr14 3Ir15 3Ir14 3Ir16 4Lsr34 16	2r14	250	999997	exact
4Lsr14 3Ir15 3Ir14 3Ir16 4Lsr34 17	3Lr24	250	999997	exact
4Lsr14 3Ir15 3Ir14 3Ir16 4Lsr34 18	3Lr24	250	999997	exact
4Lsr14 3Ir15 3Ir14 3Ir16 4Lsr34 19	3Lr24	250	999997	exact
4Lsr14 3Ir15 3Ir14 3Ir16 4Lsr34 21	2r15	250	999997	exact
4Lsr14 3Ir15 3Ir14 3Ir16 4Lsr34 22	2r15	250	999997	exact
4Lsr14 3Ir15 3Ir14 3Ir16 4Lsr34 24	24	250	999989	exact
4Lsr14 3Ir15 3Ir14 3Ir16 4Lsr34 27	2r15	250	999997	exact
4Lsr14 3Ir15 3Ir14 3Ir16 4Lsr34 28	2r15	250	999997	exact
4Lsr14 3Ir15 3Ir14 3Ir16 4Lsr34 2r11	2r15	250	999997	exact
4Lsr14 3Ir15 3Ir14 3Ir16 4Lsr34 2r12	2r15	250	999997	exact
4Lsr14 3Ir15 3Ir14 3Ir16 4Lsr34 2r13	2r15	250	999997	exact
4Lsr14 3Ir15 3Ir14 3Ir16 4Lsr34 2r14	2r15	250	999997	exact
4Lsr14 3Ir15 3Ir14 3Ir16 4Lsr34 2r15	2r14	250	999997	exact
4Lsr14 3Ir15 3Ir14 3Ir16 4Lsr34 2r16	3Lr24	250	999997	exact
4Lsr14 3Ir15 3Ir14 3Ir16 4Lsr34 2r17	2r14	250	999997	exact
4Lsr14 3Ir15 3Ir14 3Ir16 4Lsr34 2r18	3Lr24	250	999997	exact
4Lsr14 3Ir15 3Ir14 3Ir16 4Lsr34 2r19	2r14	250	999997	exact
4Lsr14 3Ir15 3Ir14 3Ir16 4Lsr34 3Lr21	2r15	250	999997	exact
4Lsr14 3Ir15 3Ir14 3Ir16 4Lsr34 3Lr22	2r15	250	999997	exact
4Lsr14 3Ir15 3Ir14 3Ir16 4Lsr34 3Lr24	4Tr21	250	999983	exact
4Lsr14 3Ir15 3Ir14 3Ir16 4Lsr34 3Lr27	2r15	250	999997	exact
4Lsr14 3Ir15 3Ir14 3Ir16 4Lsr34 3Lr28	2r15	250	999997	exact
4Lsr14 3Ir15 3Ir14 3Ir16 4Lsr34 3Lr31	2r15	250	999997	exact
4Lsr14 3Ir15 3Ir14 3Ir16 4Lsr34 3Lr32	2r15	250	999997	exact
4Lsr14 3Ir15 3Ir14 3Ir16 4Lsr34 3Lr34	4Tr21	250	999983	exact
4Lsr14 3Ir15 3Ir14 3Ir16 4Lsr34 3Lr37	2r14	250	999997	exact
4Lsr14 3Ir15 3Ir14 3Ir16 4Lsr34 3Lr38	2r14	250	999997	exact
4Lsr14 3Ir15 3Ir14 3Ir16 4Lsr34 4Lr21	2r15	250	999997	exact
4Lsr14 3Ir15 3Ir14 3Ir16 4Lsr34 4Lr27	2r14	250	999997	exact
4Lsr14 3Ir15 3Ir14 3Ir16 4Lsr34 4Lr31	2r15	250	999997	exact
4Lsr14 3Ir15 3Ir14 3Ir16 4Lsr34 4Lr32	2r15	250	999997	exact
4Lsr14 3Ir15 3Ir14 3Ir16 4Lsr34 4Lr37	2r15	250	999997	exact
4Lsr14 3Ir15 3Ir14 3Ir16 4Lsr34 4Lr38	2r15	250	999997	exact
4Lsr14 3Ir15 3Ir14 3Ir16 4Lsr34 4Lsr11	2r15	250	999997	exact
4Lsr14 3Ir15 3Ir14 3Ir16 4Lsr34 4Lsr12	2r15	250	999997	exact
4Lsr14 3Ir15 3Ir14 3Ir16 4Lsr34 4Lsr17	2r15	250	999997	exact
4Lsr14 3Ir15 3Ir14 3Ir16 4Lsr34 4Lsr18	2r15	250	999997	exact
4Lsr14 3Ir15 3Ir14 3Ir16 4Lsr34 4Lsr21	2r15	250	999997	exact
4Lsr14 3Ir15 3Ir14 3Ir16 4Lsr34 4Lsr27	2r15	250	999997	exact
4Lsr14 3Ir15 3Ir14 3Ir16 4Lsr34 4Tr21	2r15	250	999997	exact
4Lsr14 3Ir15 3Ir14 3Ir16 4Lsr34 4Tr27	2r15	250	999997	exact
4Lsr14 3Ir15 3Ir14 3Ir17	4Lsr34	19	999985	exact
4Lsr14 3Ir15 3Ir14 3Ir17 4Lsr34 11	2r15	250	999997	exact
4Lsr14 3Ir15 3Ir14 3Ir17 4Lsr34 12	2r15	250	999997	exact
4Lsr14 3Ir15 3Ir14 3Ir17 4Lsr34 13	2r15	250	999997	exact
4Lsr14 3Ir15 3Ir14 3Ir17 4Lsr34 14	2r15	250	999997	exact
4Lsr14 3Ir15 3Ir14 3Ir17 4Lsr34 15	2r14	250	999997	exact
4Lsr14 3Ir15 3Ir14 3Ir17 4Lsr34 16	2r15	250	999997	exact
4Lsr14 3Ir15 3Ir14 3Ir17 4Lsr34 17	2r15	250	999997	exact
4Lsr14 3Ir15 3Ir14 3Ir17 4Lsr34 18	2r15	250	999997	exact
4Lsr14 3Ir15 3Ir14 3Ir17 4Lsr34 19	2r15	250	999997	exact
4Lsr14 3Ir15 3Ir14 3Ir17 4Lsr34 21	2r15	250	999997	exact
4Lsr14 3Ir15 3Ir14 3Ir17 4Lsr34 22	2r15	250	999997	exact
4Lsr14 3Ir15 3Ir14 3Ir17 4Lsr34 24	4Tr21	250	999987	exact
4Lsr14 3Ir15 3Ir14 3Ir17 4Lsr34 28	2r15	250	999997	exact
4Lsr14 3Ir15 3Ir14 3Ir17 4Lsr34 2r11	2r15	250	999997	exact
4Lsr14 3Ir15 3Ir14 3Ir17 4Lsr34 2r12	2r15	250	999997	exact
4Lsr14 3Ir15 3Ir14 3Ir17 4Lsr34 2r13	2r15	250	999997	exact
4Lsr14 3Ir15 3Ir14 3Ir17 4Lsr34 2r14	2r15	250	999997	exact
4Lsr14 3Ir15 3Ir14 3Ir17 4Lsr34 2r15	2r14	250	999997	exact
4Lsr14 3Ir15 3Ir14 3Ir17 4Lsr34 2r16	2r15	250	999997	exact
4Lsr14 3Ir15 3Ir14 3Ir17 4Lsr34 2r17	2r14	250	999997	exact
4Lsr14 3Ir15 3Ir14 3Ir17 4Lsr34 2r18	2r14	250	999997	exact
4Lsr14 3Ir15 3Ir14 3Ir17 4Lsr34 2r19	2r15	250	999997	exact
4Lsr14 3Ir15 3Ir14 3Ir17 4Lsr34 3Lr21	2r15	250	999997	exact
4Lsr14 3Ir15 3Ir14 3Ir17 4Lsr34 3Lr22	2r15	250	999997	exact
4Lsr14 3Ir15 3Ir14 3Ir17 4Lsr34 3Lr24	4Tr21	250	999986	exact
4Lsr14 3Ir15 3Ir14 3Ir17 4Lsr34 3Lr28	2r15	250	999997	exact
4Lsr14 3Ir15 3Ir14 3Ir17 4Lsr34 3Lr31	2r15	250	999997	exact
4Lsr14 3Ir15 3Ir14 3Ir17 4Lsr34 3Lr32	2r15	250	999997	exact
4Lsr14 3Ir15 3Ir14 3Ir17 4Lsr34 3Lr34	4Tr21	250	999985	exact
4Lsr14 3Ir15 3Ir14 3Ir17 4Lsr34 3Lr38	2r14	250	999997	exact
4Lsr14 3Ir15 3Ir14 3Ir17 4Lsr34 4Lr21	2r15	250	999997	exact
4Lsr14 3Ir15 3Ir14 3Ir17 4Lsr34 4Lr31	2r15	250	999997	exact
4Lsr14 3Ir15 3Ir14 3Ir17 4Lsr34 4Lr32	2r15	250	999997	exact
4Lsr14 3Ir15 3Ir14 3Ir17 4Lsr34 4Lr38	2r14	250	999997	exact
4Lsr14 3Ir15 3Ir14 3Ir17 4Lsr34 4Lsr11	2r15	250	999997	exact
4Lsr14 3Ir15 3Ir14 3Ir17 4Lsr34 4Lsr12	2r15	250	999997	exact
4Lsr14 3Ir15 3Ir14 3Ir17 4Lsr34 4Lsr18	2r15	250	999997	exact
4Lsr14 3Ir15 3Ir14 3Ir17 4Lsr34 4Lsr21	2r15	250	999997	exact
4Lsr14 3Ir15 3Ir14 3Ir17 4Lsr34 4Tr21	2r15	250	999997	exact
4Lsr14 3Ir15 3Ir14 3Ir18	4Lsr34	19	999983	exact
4Lsr14 3Ir15 3Ir14 3Ir18 4Lsr34 11	2r14	250	999997	exact
4Lsr14 3Ir15 3Ir14 3Ir18 4Lsr34 12	2r14	250	999997	exact
4Lsr14 3Ir15 3Ir14 3Ir18 4Lsr34 13	2r14	250	999997	exact
4Lsr14 3Ir15 3Ir14 3Ir18 4Lsr34 14	2r15	250	999997	exact
4Lsr14 3Ir15 3Ir14 3Ir18 4Lsr34 15	3L4	250	999997	exact
4Lsr14 3Ir15 3Ir14 3Ir18 4Lsr34 16	3Lr24	250	999997	exact
4Lsr14 3Ir15 3Ir14 3Ir18 4Lsr34 17	3Lr24	250	999997	exact
4Lsr14 3Ir15 3Ir14 3Ir18 4Lsr34 18	2r15	250	999997	exact
4Lsr14 3Ir15 3Ir14 3Ir18 4Lsr34 19	2r15	250	999997	exact
4Lsr14 3Ir15 3Ir14 3Ir18 4Lsr34 21	2r14	250	999997	exact
4Lsr14 3Ir15 3Ir14 3Ir18 4Lsr34 22	2r14	250	999997	exact
4Lsr14 3Ir15 3Ir14 3Ir18 4Lsr34 24	4Tr21	250	999983	exact
4Lsr14 3Ir15 3Ir14 3Ir18 4Lsr34 26	3Lr24	250	999997	exact
4Lsr14 3Ir15 3Ir14 3Ir18 4Lsr34 2r11	2r14	250	999997	exact
4Lsr14 3Ir15 3Ir14 3Ir18 4Lsr34 2r12	2r14	250	999997	exact
4Lsr14 3Ir15 3Ir14 3Ir18 4Lsr34 2r13	2r14	250	999997	exact
4Lsr14 3Ir15 3Ir14 3Ir18 4Lsr34 2r14	2r15	250	999997	exact
4Lsr14 3Ir15 3Ir14 3Ir18 4Lsr34 2r15	2r14	250	999997	exact
4Lsr14 3Ir15 3Ir14 3Ir18 4Lsr34 2r16	2r15	250	999997	exact
4Lsr14 3Ir15 3Ir14 3Ir18 4Lsr34 2r17	2r15	250	999997	exact
4Lsr14 3Ir15 3Ir14 3Ir18 4Lsr34 2r18	2r15	250	999997	exact
4Lsr14 3Ir15 3Ir14 3Ir18 4Lsr34 2r19	3Lr24	250	999997	exact
4Lsr14 3Ir15 3Ir14 3Ir18 4Lsr34 3Lr21	2r14	250	999997	exact
4Lsr14 3Ir15 3Ir14 3Ir18 4Lsr34 3Lr22	2r14	250	999997	exact
4Lsr14 3Ir15 3Ir14 3Ir18 4Lsr34 3Lr24	4Tr21	250	999983	exact
4Lsr14 3Ir15 3Ir14 3Ir18 4Lsr34 3Lr26	3Lr24	250	999997	exact
4Lsr14 3Ir15 3Ir14 3Ir18 4Lsr34 3Lr31	2r14	250	999997	exact
4Lsr14 3Ir15 3Ir14 3Ir18 4Lsr34 3Lr32	2r14	250	999997	exact
4Lsr14 3Ir15 3Ir14 3Ir18 4Lsr34 3Lr34	4Tr21	250	999984	exact
4Lsr14 3Ir15 3Ir14 3Ir18 4Lsr34 3Lr36	3Lr24	250	999997	exact
4Lsr14 3Ir15 3Ir14 3Ir18 4Lsr34 4Lr21	2r14	250	999997	exact
4Lsr14 3Ir15 3Ir14 3Ir18 4Lsr34 4Lr31	2r14	250	999997	exact
4Lsr14 3Ir15 3Ir14 3Ir18 4Lsr34 4Lr32	2r14	250	999997	exact
4Lsr14 3Ir15 3Ir14 3Ir18 4Lsr34 4Lr36	2r15	250	999997	exact
4Lsr14 3Ir15 3Ir14 3Ir18 4Lsr34 4Lsr11	2r14	250	999997	exact
4Lsr14 3Ir15 3Ir14 3Ir18 4Lsr34 4Lsr12	2r14	250	999997	exact
4Lsr14 3Ir15 3Ir14 3Ir18 4Lsr34 4Lsr16	2r14	250	999997	exact
4Lsr14 3Ir15 3Ir14 3Ir18 4Lsr34 4Lsr21	2r14	250	999997	exact
4Lsr14 3Ir15 3Ir14 3Ir18 4Lsr34 4Tr21	2r14	250	999997	exact
4Lsr14 3Ir15 3Ir14 3Ir19	4Tr26	19	999986	exact
4Lsr14 3Ir15 3Ir14 3Ir19 4Tr26 2r11	4Lsr38	250	999986	exact
4Lsr14 3Ir15 3Ir14 3Lr21	4Lsr34	15	999983	exact
4Lsr14 3Ir15 3Ir14 3Lr21 4Lsr34 11	2r15	250	999997	exact
4Lsr14 3Ir15 3Ir14 3Lr21 4Lsr34 12	2r15	250	999997	exact
4Lsr14 3Ir15 3Ir14 3Lr21 4Lsr34 13	2r15	250	999997	exact
4Lsr14 3Ir15 3Ir14 3Lr21 4Lsr34 14	2r15	250	999997	exact
4Lsr14 3Ir15 3Ir14 3Lr21 4Lsr34 15	3L4	250	999997	exact
4Lsr14 3Ir15 3Ir14 3Lr21 4Lsr34 16	2r15	250	999997	exact
4Lsr14 3Ir15 3Ir14 3Lr21 4Lsr34 17	2r15	250	999997	exact
4Lsr14 3Ir15 3Ir14 3Lr21 4Lsr34 18	2r15	250	999997	exact
4Lsr14 3Ir15 3Ir14 3Lr21 4Lsr34 24	4Tr26	250	999983	exact
4Lsr14 3Ir15 3Ir14 3Lr21 4Lsr34 27	2r15	250	999997	exact
4Lsr14 3Ir15 3Ir14 3Lr21 4Lsr34 28	2r15	250	999997	exact
4Lsr14 3Ir15 3Ir14 3Lr21 4Lsr34 2r11	2r15	250	999997	exact
4Lsr14 3Ir15 3Ir14 3Lr21 4Lsr34 2r12	2r15	250	999997	exact
4Lsr14 3Ir15 3Ir14 3Lr21 4Lsr34 2r13	2r15	250	999997	exact
4Lsr14 3Ir15 3Ir14 3Lr21 4Lsr34 2r14	2r15	250	999997	exact
4Lsr14 3Ir15 3Ir14 3Lr21 4Lsr34 2r15	2r14	250	999997	exact
4Lsr14 3Ir15 3Ir14 3Lr21 4Lsr34 2r16	2r15	250	999997	exact
4Lsr14 3Ir15 3Ir14 3Lr21 4Lsr34 2r17	2r15	250	999997	exact
4Lsr14 3Ir15 3Ir14 3Lr21 4Lsr34 2r19	2r15	250	999997	exact
4Lsr14 3Ir15 3Ir14 3Lr21 4Lsr34 3I6	2r15	250	999997	exact
4Lsr14 3Ir15 3Ir14 3Lr21 4Lsr34 3Ir11	2r15	250	999997	exact
4Lsr14 3Ir15 3Ir14 3Lr21 4Lsr34 3Ir12	2r15	250	999997	exact
4Lsr14 3Ir15 3Ir14 3Lr21 4Lsr34 3Ir17	2r15	250	999997	exact
4Lsr14 3Ir15 3Ir14 3Lr21 4Lsr34 3Ir19	2r15	250	999997	exact
4Lsr14 3Ir15 3Ir14 3Lr21 4Lsr34 3L1	2r15	250	999997	exact
4Lsr14 3Ir15 3Ir14 3Lr21 4Lsr34 3Lr26	2r15	250	999997	exact
4Lsr14 3Ir15 3Ir14 3Lr21 4Lsr34 3Lr28	2r15	250	999997	exact
4Lsr14 3Ir15 3Ir14 3Lr21 4Lsr34 3Lr34	4Tr26	250	999983	exact
4Lsr14 3Ir15 3Ir14 3Lr21 4Lsr34 3Lr36	2r15	250	999997	exact
4Lsr14 3Ir15 3Ir14 3Lr21 4Lsr34 3Lr37	2r15	250	999997	exact
4Lsr14 3Ir15 3Ir14 3Lr21 4Lsr34 4Lr12	2r15	250	999997	exact
4Lsr14 3Ir15 3Ir14 3Lr21 4Lsr34 4Lr27	2r15	250	999997	exact
4Lsr14 3Ir15 3Ir14 3Lr21 4Lsr34 4Lr37	2r15	250	999997	exact
4Lsr14 3Ir15 3Ir14 3Lr21 4Lsr34 4Lr38	2r15	250	999997	exact
4Lsr14 3Ir15 3Ir14 3Lr21 4Lsr34 4Lsr17	2r15	250	999997	exact
4Lsr14 3Ir15 3Ir14 3Lr21 4Lsr34 4Lsr18	2r15	250	999997	exact
4Lsr14 3Ir15 3Ir14 3Lr21 4Lsr34 4Lsr26	2r15	250	999997	exact
4Lsr14 3Ir15 3Ir14 3Lr21 4Lsr34 4Lsr27	2r15	250	999997	exact
4Lsr14 3Ir15 3Ir14 3Lr21 4Lsr34 4S1	2r15	250	999997	exact
4Lsr14 3Ir15 3Ir14 3Lr21 4Lsr34 4Tr31	2r15	250	999997	exact
4Lsr14 3Ir15 3Ir14 3Lr22	4Lsr34	18	999985	exact
4Lsr14 3Ir15 3Ir14 3Lr22 4Lsr34 11	2r15	250	999997	exact
4Lsr14 3Ir15 3Ir14 3Lr22 4Lsr34 12	2r15	250	999997	exact
4Lsr14 3Ir15 3Ir14 3Lr22 4Lsr34 13	2r15	250	999997	exact
4Lsr14 3Ir15 3Ir14 3Lr22 4Lsr34 14	2r15	250	999997	exact
4Lsr14 3Ir15 3Ir14 3Lr22 4Lsr34 15	3L4	250	999997	exact
4Lsr14 3Ir15 3Ir14 3Lr22 4Lsr34 16	2r15	250	999997	exact
4Lsr14 3Ir15 3Ir14 3Lr22 4Lsr34 17	2r15	250	999997	exact
4Lsr14 3Ir15 3Ir14 3Lr22 4Lsr34 18	2r15	250	999997	exact
4Lsr14 3Ir15 3Ir14 3Lr22 4Lsr34 19	2r15	250	999997	exact
4Lsr14 3Ir15 3Ir14 3Lr22 4Lsr34 24	4Tr26	250	999985	exact
4Lsr14 3Ir15 3Ir14 3Lr22 4Lsr34 26	3Lr24	250	999997	exact
4Lsr14 3Ir15 3Ir14 3Lr22 4Lsr34 27	3Lr24	250	999997	exact
4Lsr14 3Ir15 3Ir14 3Lr22 4Lsr34 28	3Lr24	250	999997	exact
4Lsr14 3Ir15 3Ir14 3Lr22 4Lsr34 2r11	2r14	250	999997	exact
4Lsr14 3Ir15 3Ir14 3Lr22 4Lsr34 2r12	3Lr24	250	999997	exact
4Lsr14 3Ir15 3Ir14 3Lr22 4Lsr34 2r13	3Lr24	250	999997	exact
4Lsr14 3Ir15 3Ir14 3Lr22 4Lsr34 2r14	2r15	250	999997	exact
4Lsr14 3Ir15 3Ir14 3Lr22 4Lsr34 2r15	2r14	250	999997	exact
4Lsr14 3Ir15 3Ir14 3Lr22 4Lsr34 2r16	2r15	250	999997	exact
4Lsr14 3Ir15 3Ir14 3Lr22 4Lsr34 2r17	2r15	250	999997	exact
4Lsr14 3Ir15 3Ir14 3Lr22 4Lsr34 2r18	2r15	250	999997	exact
4Lsr14 3Ir15 3Ir14 3Lr22 4Lsr34 2r19	2r15	250	999997	exact
4Lsr14 3Ir15 3Ir14 3Lr22 4Lsr34 3I6	3Lr24	250	999997	exact
4Lsr14 3Ir15 3Ir14 3Lr22 4Lsr34 3I7	3Lr24	250	999997	exact
4Lsr14 3Ir15 3Ir14 3Lr22 4Lsr34 3Ir11	3Lr24	250	999997	exact
4Lsr14 3Ir15 3Ir14 3Lr22 4Lsr34 3Ir12	3Lr24	250	999997	exact
4Lsr14 3Ir15 3Ir14 3Lr22 4Lsr34 3Ir13	3Lr24	250	999997	exact
4Lsr14 3Ir15 3Ir14 3Lr22 4Lsr34 3Ir16	3Lr24	250	999997	exact
4Lsr14 3Ir15 3Ir14 3Lr22 4Lsr34 3Ir17	3Lr24	250	999997	exact
4Lsr14 3Ir15 3Ir14 3Lr22 4Lsr34 3Ir18	3Lr24	250	999997	exact
4Lsr14 3Ir15 3Ir14 3Lr22 4Lsr34 3Ir19	3Lr24	250	999997	exact
4Lsr14 3Ir15 3Ir14 3Lr22 4Lsr34 3L1	2r14	250	999997	exact
4Lsr14 3Ir15 3Ir14 3Lr22 4Lsr34 3L2	2r14	250	999997	exact
4Lsr14 3Ir15 3Ir14 3Lr22 4Lsr34 3Lr24	4Tr26	250	999985	exact
4Lsr14 3Ir15 3Ir14 3Lr22 4Lsr34 3Lr26	3Lr24	250	999997	exact
4Lsr14 3Ir15 3Ir14 3Lr22 4Lsr34 3Lr27	3Lr24	250	999997	exact
4Lsr14 3Ir15 3Ir14 3Lr22 4Lsr34 3Lr28	3Lr24	250	999997	exact
4Lsr14 3Ir15 3Ir14 3Lr22 4Lsr34 3Lr34	4Tr26	250	999985	exact
4Lsr14 3Ir15 3Ir14 3Lr22 4Lsr34 3Lr36	3Lr24	250	999997	exact
4Lsr14 3Ir15 3Ir14 3Lr22 4Lsr34 3Lr37	3Lr24	250	999997	exact
4Lsr14 3Ir15 3Ir14 3Lr22 4Lsr34 3Lr38	3Lr24	250	999997	exact
4Lsr14 3Ir15 3Ir14 3Lr22 4Lsr34 4Lr26	3Lr24	250	999997	exact
4Lsr14 3Ir15 3Ir14 3Lr22 4Lsr34 4Lr27	3Lr24	250	999997	exact
4Lsr14 3Ir15 3Ir14 3Lr22 4Lsr34 4Lr36	3Lr24	250	999997	exact
4Lsr14 3Ir15 3Ir14 3Lr22 4Lsr34 4Lr37	3Lr24	250	999997	exact
4Lsr14 3Ir15 3Ir14 3Lr22 4Lsr34 4Lr38	3Lr24	250	999997	exact
4Lsr14 3Ir15 3Ir14 3Lr22 4Lsr34 4Lsr16	3Lr24	250	999997	exact
4Lsr14 3Ir15 3Ir14 3Lr22 4Lsr34 4Lsr17	3Lr24	250	999997	exact
4Lsr14 3Ir15 3Ir14 3Lr22 4Lsr34 4Lsr18	3Lr24	250	999997	exact
4Lsr14 3Ir15 3Ir14 3Lr22 4Lsr34 4Lsr26	3Lr24	250	999997	exact
4Lsr14 3Ir15 3Ir14 3Lr22 4Lsr34 4Lsr27	3Lr24	250	999997	exact
4Lsr14 3Ir15 3Ir14 3Lr22 4Lsr34 4S1	3Lr24	250	999997	exact
4Lsr14 3Ir15 3Ir14 3Lr22 4Lsr34 4S2	3Lr24	250	999997	exact
4Lsr14 3Ir15 3Ir14 3Lr22 4Lsr34 4Tr26	3Lr24	250	999997	exact
4Lsr14 3Ir15 3Ir14 3Lr22 4Lsr34 4Tr27	3Lr24	250	999997	exact
4Lsr14 3Ir15 3Ir14 3Lr22 4Lsr34 4Tr31	3Lr24	250	999997	exact
4Lsr14 3Ir15 3Ir14 3Lr22 4Lsr34 4Tr32	3Lr24	250	999997	exact
4Lsr14 3Ir15 3Ir14 3Lr26	4S6	11	999993	exact
4Lsr14 3Ir15 3Ir14 3Lr26 4S6 11	3Ir15	250	999993	exact
4Lsr14 3Ir15 3Ir14 3Lr26 4S6 12	3Ir15	250	999995	exact
4Lsr14 3Ir15 3Ir14 3Lr26 4S6 13	3Ir15	250	999993	exact
4Lsr14 3Ir15 3Ir14 3Lr26 4S6 14	4Tr21	250	999993	exact
4Lsr14 3Ir15 3Ir14 3Lr26 4S6 15	4Tr21	250	999993	exact
4Lsr14 3Ir15 3Ir14 3Lr26 4S6 16	4Tr21	250	999993	exact
4Lsr14 3Ir15 3Ir14 3Lr26 4S6 17	4Tr21	250	999993	exact
4Lsr14 3Ir15 3Ir14 3Lr26 4S6 18	4Tr21	250	999993	exact
4Lsr14 3Ir15 3Ir14 3Lr26 4S6 19	4Tr21	250	999993	exact
4Lsr14 3Ir15 3Ir14 3Lr26 4S6 21	3Ir15	250	999995	exact
4Lsr14 3Ir15 3Ir14 3Lr26 4S6 22	3Ir15	250	999993	exact
4Lsr14 3Ir15 3Ir14 3Lr26 4S6 28	3Ir15	250	999995	exact
4Lsr14 3Ir15 3Ir14 3Lr26 4S6 2r11	3Ir15	250	999995	exact
4Lsr14 3Ir15 3Ir14 3Lr26 4S6 2r12	3Ir15	250	999995	exact
4Lsr14 3Ir15 3Ir14 3Lr26 4S6 2r13	3Ir15	250	999995	exact
4Lsr14 3Ir15 3Ir14 3Lr26 4S6 2r14	4Tr21	250	999993	exact
4Lsr14 3Ir15 3Ir14 3Lr26 4S6 2r15	4Tr21	250	999993	exact
4Lsr14 3Ir15 3Ir14 3Lr26 4S6 2r16	4Tr21	250	999993	exact
4Lsr14 3Ir15 3Ir14 3Lr26 4S6 2r17	4Tr21	250	999993	exact
4Lsr14 3Ir15 3Ir14 3Lr26 4S6 2r18	3Ir15	250	999993	exact
4Lsr14 3Ir15 3Ir14 3Lr26 4S6 2r19	4Tr21	250	999993	exact
4Lsr14 3Ir15 3Ir14 3Lr26 4S6 3I1	4Tr21	250	999993	exact
4Lsr14 3Ir15 3Ir14 3Lr26 4S6 3Ir11	3Ir15	250	999995	exact
4Lsr14 3Ir15 3Ir14 3Lr26 4S6 3Ir12	3Ir15	250	999995	exact
4Lsr14 3Ir15 3Ir14 3Lr26 4S6 3Ir13	3Ir15	250	999995	exact
4Lsr14 3Ir15 3Ir14 3Lr26 4S6 3Ir14	4Tr21	250	999993	exact
4Lsr14 3Ir15 3Ir14 3Lr26 4S6 3Ir15	4Tr21	250	999993	exact
4Lsr14 3Ir15 3Ir14 3Lr26 4S6 3Ir16	4Tr21	250	999993	exact
4Lsr14 3Ir15 3Ir14 3Lr26 4S6 3Ir17	4Tr21	250	999993	exact
4Lsr14 3Ir15 3Ir14 3Lr26 4S6 3Ir18	4Tr17	250	999993	exact
4Lsr14 3Ir15 3Ir14 3Lr26 4S6 3Ir19	4Tr21	250	999993	exact
4Lsr14 3Ir15 3Ir14 3Lr26 4S6 3L6	4Tr21	250	999993	exact
4Lsr14 3Ir15 3Ir14 3Lr26 4S6 3Lr21	3Ir15	250	999995	exact
4Lsr14 3Ir15 3Ir14 3Lr26 4S6 3Lr22	3Ir15	250	999995	exact
4Lsr14 3Ir15 3Ir14 3Lr26 4S6 3Lr28	3Ir15	250	999995	exact
4Lsr14 3Ir15 3Ir14 3Lr26 4S6 3Lr31	3Ir15	250	999995	exact
4Lsr14 3Ir15 3Ir14 3Lr26 4S6 3Lr32	4Ss2	250	999993	exact
4Lsr14 3Ir15 3Ir14 3Lr26 4S6 3Lr38	4Tr21	250	999993	exact
4Lsr14 3Ir15 3Ir14 3Lr26 4S6 4Lr21	4Ssr11	250	999993	exact
4Lsr14 3Ir15 3Ir14 3Lr26 4S6 4Lr31	3Ir15	250	999995	exact
4Lsr14 3Ir15 3Ir14 3Lr26 4S6 4Lr32	3Ir15	250	999995	exact
4Lsr14 3Ir15 3Ir14 3Lr26 4S6 4Lr38	3Ir15	250	999995	exact
4Lsr14 3Ir15 3Ir14 3Lr26 4S6 4Lsr11	3Ir15	250	999995	exact
4Lsr14 3Ir15 3Ir14 3Lr26 4S6 4Lsr12	3Ir15	250	999995	exact
4Lsr14 3Ir15 3Ir14 3Lr26 4S6 4Lsr18	3Ir15	250	999995	exact
4Lsr14 3Ir15 3Ir14 3Lr26 4S6 4Lsr21	4Tr11	250	999993	exact
4Lsr14 3Ir15 3Ir14 3Lr26 4S6 4Lsr34	4Tr21	250	999993	exact
4Lsr14 3Ir15 3Ir14 3Lr26 4S6 4S6	4Tr21	250	999993	exact
4Lsr14 3Ir15 3Ir14 3Lr26 4S6 4Tr21	4Ss2	250	999993	exact
4Lsr14 3Ir15 3Ir14 3Lr26 4S6 4Tr36	4Tr21	250	999993	exact
4Lsr14 3Ir15 3Ir14 3Lr27	4Lsr34	19	999982	exact
4Lsr14 3Ir15 3Ir14 3Lr27 4Lsr34 11	3Lr24	250	999997	exact
4Lsr14 3Ir15 3Ir14 3Lr27 4Lsr34 12	3Lr24	250	999997	exact
4Lsr14 3Ir15 3Ir14 3Lr27 4Lsr34 13	3Lr24	250	999997	exact
4Lsr14 3Ir15 3Ir14 3Lr27 4Lsr34 14	3Lr14	250	999997	exact
4Lsr14 3Ir15 3Ir14 3Lr27 4Lsr34 15	2r14	250	999997	exact
4Lsr14 3Ir15 3Ir14 3Lr27 4Lsr34 16	3Lr24	250	999997	exact
4Lsr14 3Ir15 3Ir14 3Lr27 4Lsr34 17	3Lr24	250	999997	exact
4Lsr14 3Ir15 3Ir14 3Lr27 4Lsr34 18	3Lr24	250	999997	exact
4Lsr14 3Ir15 3Ir14 3Lr27 4Lsr34 19	3Lr24	250	999997	exact
4Lsr14 3Ir15 3Ir14 3Lr27 4Lsr34 21	3Lr24	250	999997	exact
4Lsr14 3Ir15 3Ir14 3Lr27 4Lsr34 22	3Lr24	250	999997	exact
4Lsr14 3Ir15 3Ir14 3Lr27 4Lsr34 24	4Tr21	250	999982	exact
4Lsr14 3Ir15 3Ir14 3Lr27 4Lsr34 2r11	2r14	250	999997	exact
4Lsr14 3Ir15 3Ir14 3Lr27 4Lsr34 2r12	2r14	250	999997	exact
4Lsr14 3Ir15 3Ir14 3Lr27 4Lsr34 2r13	2r14	250	999997	exact
4Lsr14 3Ir15 3Ir14 3Lr27 4Lsr34 2r14	2r15	250	999997	exact
4Lsr14 3Ir15 3Ir14 3Lr27 4Lsr34 2r15	2r14	250	999997	exact
4Lsr14 3Ir15 3Ir14 3Lr27 4Lsr34 2r16	3Lr24	250	999997	exact
4Lsr14 3Ir15 3Ir14 3Lr27 4Lsr34 2r17	3Lr24	250	999997	exact
4Lsr14 3Ir15 3Ir14 3Lr27 4Lsr34 2r18	3Lr24	250	999997	exact
4Lsr14 3Ir15 3Ir14 3Lr27 4Lsr34 2r19	3Lr24	250	999997	exact
4Lsr14 3Ir15 3Ir14 3Lr27 4Lsr34 3I1	3Lr24	250	999997	exact
4Lsr14 3Ir15 3Ir14 3Lr27 4Lsr34 3Ir11	3Lr24	250	999997	exact
4Lsr14 3Ir15 3Ir14 3Lr27 4Lsr34 3Ir12	3Lr24	250	999997	exact
4Lsr14 3Ir15 3Ir14 3Lr27 4Lsr34 3Ir13	3Lr24	250	999997	exact
4Lsr14 3Ir15 3Ir14 3Lr27 4Lsr34 3Ir16	3Lr24	250	999997	exact
4Lsr14 3Ir15 3Ir14 3Lr27 4Lsr34 3Ir17	3Lr24	250	999997	exact
4Lsr14 3Ir15 3Ir14 3Lr27 4Lsr34 3Ir18	3Lr24	250	999997	exact
4Lsr14 3Ir15 3Ir14 3Lr27 4Lsr34 3Ir19	3Lr24	250	999997	exact
4Lsr14 3Ir15 3Ir14 3Lr27 4Lsr34 3L6	3Lr24	250	999997	exact
4Lsr14 3Ir15 3Ir14 3Lr27 4Lsr34 3L7	3Lr24	250	999997	exact
4Lsr14 3Ir15 3Ir14 3Lr27 4Lsr34 3Lr21	3Lr24	250	999997	exact
4Lsr14 3Ir15 3Ir14 3Lr27 4Lsr34 3Lr22	3Lr24	250	999997	exact
4Lsr14 3Ir15 3Ir14 3Lr27 4Lsr34 3Lr24	4Tr37	250	999982	exact
4Lsr14 3Ir15 3Ir14 3Lr27 4Lsr34 3Lr31	3Lr24	250	999997	exact
4Lsr14 3Ir15 3Ir14 3Lr27 4Lsr34 3Lr32	3Lr24	250	999997	exact
4Lsr14 3Ir15 3Ir14 3Lr27 4Lsr34 3Lr34	4Tr21	250	999983	exact
4Lsr14 3Ir15 3Ir14 3Lr27 4Lsr34 4Lr18	3Lr24	250	999997	exact
4Lsr14 3Ir15 3Ir14 3Lr27 4Lsr34 4Lr21	3Lr24	250	999997	exact
4Lsr14 3Ir15 3Ir14 3Lr27 4Lsr34 4Lr31	3Lr24	250	999997	exact
4Lsr14 3Ir15 3Ir14 3Lr27 4Lsr34 4Lr32	3Lr24	250	999997	exact
4Lsr14 3Ir15 3Ir14 3Lr27 4Lsr34 4Lsr11	3Lr24	250	999997	exact
4Lsr14 3Ir15 3Ir14 3Lr27 4Lsr34 4Lsr12	3Lr24	250	999997	exact
4Lsr14 3Ir15 3Ir14 3Lr27 4Lsr34 4Lsr21	3Lr24	250	999997	exact
4Lsr14 3Ir15 3Ir14 3Lr27 4Lsr34 4S6	3Lr24	250	999997	exact
4Lsr14 3Ir15 3Ir14 3Lr27 4Lsr34 4S7	3Lr24	250	999997	exact
4Lsr14 3Ir15 3Ir14 3Lr27 4Lsr34 4Tr21	3Lr24	250	999997	exact
4Lsr14 3Ir15 3Ir14 3Lr27 4Lsr34 4Tr36	3Lr24	250	999997	exact
4Lsr14 3Ir15 3Ir14 3Lr27 4Lsr34 4Tr37	3Lr24	250	999997	exact
4Lsr14 3Ir15 3Ir14 3Lr28	4Lsr34	18	999983	exact
4Lsr14 3Ir15 3Ir14 3Lr28 4Lsr34 11	3Lr24	250	999997	exact
4Lsr14 3Ir15 3Ir14 3Lr28 4Lsr34 12	3Lr24	250	999997	exact
4Lsr14 3Ir15 3Ir14 3Lr28 4Lsr34 13	3Lr24	250	999997	exact
4Lsr14 3Ir15 3Ir14 3Lr28 4Lsr34 14	2r15	250	999997	exact
4Lsr14 3Ir15 3Ir14 3Lr28 4Lsr34 15	2r14	250	999997	exact
4Lsr14 3Ir15 3Ir14 3Lr28 4Lsr34 16	2r14	250	999997	exact
4Lsr14 3Ir15 3Ir14 3Lr28 4Lsr34 17	3Lr24	250	999997	exact
4Lsr14 3Ir15 3Ir14 3Lr28 4Lsr34 18	3Lr24	250	999997	exact
4Lsr14 3Ir15 3Ir14 3Lr28 4Lsr34 19	3Lr24	250	999997	exact
4Lsr14 3Ir15 3Ir14 3Lr28 4Lsr34 21	3Lr24	250	999997	exact
4Lsr14 3Ir15 3Ir14 3Lr28 4Lsr34 22	3Lr24	250	999997	exact
4Lsr14 3Ir15 3Ir14 3Lr28 4Lsr34 24	4Tr21	250	999983	exact
4Lsr14 3Ir15 3Ir14 3Lr28 4Lsr34 26	3Lr24	250	999997	exact
4Lsr14 3Ir15 3Ir14 3Lr28 4Lsr34 2r11	3Lr24	250	999997	exact
4Lsr14 3Ir15 3Ir14 3Lr28 4Lsr34 2r12	3Lr24	250	999997	exact
4Lsr14 3Ir15 3Ir14 3Lr28 4Lsr34 2r13	3Lr24	250	999997	exact
4Lsr14 3Ir15 3Ir14 3Lr28 4Lsr34 2r14	2r15	250	999997	exact
4Lsr14 3Ir15 3Ir14 3Lr28 4Lsr34 2r15	2r14	250	999997	exact
4Lsr14 3Ir15 3Ir14 3Lr28 4Lsr34 2r16	2r14	250	999997	exact
4Lsr14 3Ir15 3Ir14 3Lr28 4Lsr34 2r17	2r14	250	999997	exact
4Lsr14 3Ir15 3Ir14 3Lr28 4Lsr34 2r18	2r14	250	999997	exact
4Lsr14 3Ir15 3Ir14 3Lr28 4Lsr34 2r19	3Lr24	250	999997	exact
4Lsr14 3Ir15 3Ir14 3Lr28 4Lsr34 3I1	2r14	250	999997	exact
4Lsr14 3Ir15 3Ir14 3Lr28 4Lsr34 3Ir11	3Lr24	250	999997	exact
4Lsr14 3Ir15 3Ir14 3Lr28 4Lsr34 3Ir12	3Lr24	250	999997	exact
4Lsr14 3Ir15 3Ir14 3Lr28 4Lsr34 3Ir13	3Lr24	250	999997	exact
4Lsr14 3Ir15 3Ir14 3Lr28 4Lsr34 3Ir16	3Lr24	250	999997	exact
4Lsr14 3Ir15 3Ir14 3Lr28 4Lsr34 3Ir17	3Lr24	250	999997	exact
4Lsr14 3Ir15 3Ir14 3Lr28 4Lsr34 3Ir18	3Lr24	250	999997	exact
4Lsr14 3Ir15 3Ir14 3Lr28 4Lsr34 3Ir19	3Lr24	250	999997	exact
4Lsr14 3Ir15 3Ir14 3Lr28 4Lsr34 3L7	3Lr24	250	999997	exact
4Lsr14 3Ir15 3Ir14 3Lr28 4Lsr34 3L8	3Lr24	250	999997	exact
4Lsr14 3Ir15 3Ir14 3Lr28 4Lsr34 3Lr21	3Lr24	250	999997	exact
4Lsr14 3Ir15 3Ir14 3Lr28 4Lsr34 3Lr22	3Lr24	250	999997	exact
4Lsr14 3Ir15 3Ir14 3Lr28 4Lsr34 3Lr24	4Tr38	250	999983	exact
4Lsr14 3Ir15 3Ir14 3Lr28 4Lsr34 3Lr26	3Lr24	250	999997	exact
4Lsr14 3Ir15 3Ir14 3Lr28 4Lsr34 3Lr31	3Lr24	250	999997	exact
4Lsr14 3Ir15 3Ir14 3Lr28 4Lsr34 3Lr32	3Lr24	250	999997	exact
4Lsr14 3Ir15 3Ir14 3Lr28 4Lsr34 3Lr34	4Tr38	250	999983	exact
4Lsr14 3Ir15 3Ir14 3Lr28 4Lsr34 3Lr36	3Lr24	250	999997	exact
4Lsr14 3Ir15 3Ir14 3Lr28 4Lsr34 4Lr21	3Lr24	250	999997	exact
4Lsr14 3Ir15 3Ir14 3Lr28 4Lsr34 4Lr31	3Lr24	250	999997	exact
4Lsr14 3Ir15 3Ir14 3Lr28 4Lsr34 4Lr32	3Lr24	250	999997	exact
4Lsr14 3Ir15 3Ir14 3Lr28 4Lsr34 4Lr36	3Lr24	250	999997	exact
4Lsr14 3Ir15 3Ir14 3Lr28 4Lsr34 4Lsr11	3Lr24	250	999997	exact
4Lsr14 3Ir15 3Ir14 3Lr28 4Lsr34 4Lsr12	3Lr24	250	999997	exact
4Lsr14 3Ir15 3Ir14 3Lr28 4Lsr34 4Lsr16	3Lr24	250	999997	exact
4Lsr14 3Ir15 3Ir14 3Lr28 4Lsr34 4Lsr21	3Lr24	250	999997	exact
4Lsr14 3Ir15 3Ir14 3Lr28 4Lsr34 4S7	3Lr24	250	999997	exact
4Lsr14 3Ir15 3Ir14 3Lr28 4Lsr34 4S8	3Lr24	250	999997	exact
4Lsr14 3Ir15 3Ir14 3Lr28 4Lsr34 4Ssr16	3Lr24	250	999997	exact
4Lsr14 3Ir15 3Ir14 3Lr28 4Lsr34 4Tr21	3Lr24	250	999997	exact
4Lsr14 3Ir15 3Ir14 3Lr28 4Lsr34 4Tr37	3Lr24	250	999997	exact
4Lsr14 3Ir15 3Ir14 3Lr28 4Lsr34 4Tr38	3Lr24	250	999997	exact
4Lsr14 3Ir15 3Ir14 3Lr31	4Lsr34	18	999983	exact
4Lsr14 3Ir15 3Ir14 3Lr31 4Lsr34 11	2r15	250	999997	exact
4Lsr14 3Ir15 3Ir14 3Lr31 4Lsr34 12	2r14	250	999997	exact
4Lsr14 3Ir15 3Ir14 3Lr31 4Lsr34 15	2r14	250	999997	exact
4Lsr14 3Ir15 3Ir14 3Lr31 4Lsr34 18	2r14	250	999997	exact
4Lsr14 3Ir15 3Ir14 3Lr31 4Lsr34 26	2r15	250	999997	exact
4Lsr14 3Ir15 3Ir14 3Lr31 4Lsr34 27	2r15	250	999997	exact
4Lsr14 3Ir15 3Ir14 3Lr31 4Lsr34 28	2r15	250	999997	exact
4Lsr14 3Ir15 3Ir14 3Lr31 4Lsr34 2r11	2r15	250	999997	exact
4Lsr14 3Ir15 3Ir14 3Lr31 4Lsr34 2r12	2r15	250	999997	exact
4Lsr14 3Ir15 3Ir14 3Lr31 4Lsr34 2r14	2r15	250	999997	exact
4Lsr14 3Ir15 3Ir14 3Lr31 4Lsr34 2r15	2r14	250	999997	exact
4Lsr14 3Ir15 3Ir14 3Lr31 4Lsr34 2r16	2r15	250	999997	exact
4Lsr14 3Ir15 3Ir14 3Lr31 4Lsr34 2r17	3Lr24	250	999997	exact
4Lsr14 3Ir15 3Ir14 3Lr31 4Lsr34 2r19	2r15	250	999997	exact
4Lsr14 3Ir15 3Ir14 3Lr31 4Lsr34 3Ir16	2r15	250	999997	exact
4Lsr14 3Ir15 3Ir14 3Lr31 4Lsr34 3Lr11	2r15	250	999997	exact
4Lsr14 3Ir15 3Ir14 3Lr31 4Lsr34 3Lr12	2r15	250	999997	exact
4Lsr14 3Ir15 3Ir14 3Lr31 4Lsr34 3Lr24	4Tr26	250	999983	exact
4Lsr14 3Ir15 3Ir14 3Lr31 4Lsr34 3Lr26	2r15	250	999997	exact
4Lsr14 3Ir15 3Ir14 3Lr31 4Lsr34 3Lr34	4Tr26	250	999983	exact
4Lsr14 3Ir15 3Ir14 3Lr31 4Lsr34 3Lr36	2r15	250	999997	exact
4Lsr14 3Ir15 3Ir14 3Lr31 4Lsr34 3Lr37	2r15	250	999997	exact
4Lsr14 3Ir15 3Ir14 3Lr31 4Lsr34 4Lr26	2r15	250	999997	exact
4Lsr14 3Ir15 3Ir14 3Lr31 4Lsr34 4Lr27	2r15	250	999997	exact
4Lsr14 3Ir15 3Ir14 3Lr31 4Lsr34 4Lr36	2r14	250	999997	exact
4Lsr14 3Ir15 3Ir14 3Lr31 4Lsr34 4Lr38	2r15	250	999997	exact
4Lsr14 3Ir15 3Ir14 3Lr31 4Lsr34 4Lsr26	2r15	250	999997	exact
4Lsr14 3Ir15 3Ir14 3Lr31 4Lsr34 4Tr26	2r15	250	999997	exact
4Lsr14 3Ir15 3Ir14 3Lr32	4Tr26	18	999984	exact
4Lsr14 3Ir15 3Ir14 3Lr36	4Tr16	11	999993	exact
4Lsr14 3Ir15 3Ir14 3Lr36 4Tr16 11	3Ir15	250	999995	exact
4Lsr14 3Ir15 3Ir14 3Lr36 4Tr16 12	3Ir15	250	999995	exact
4Lsr14 3Ir15 3Ir14 3Lr36 4Tr16 13	3Ir15	250	999993	exact
4Lsr14 3Ir15 3Ir14 3Lr36 4Tr16 14	4Lsr21	250	999993	exact
4Lsr14 3Ir15 3Ir14 3Lr36 4Tr16 15	4Tr21	250	999993	exact
4Lsr14 3Ir15 3Ir14 3Lr36 4Tr16 16	3Ir15	250	999993	exact
4Lsr14 3Ir15 3Ir14 3Lr36 4Tr16 17	4Tr21	250	999993	exact
4Lsr14 3Ir15 3Ir14 3Lr36 4Tr16 18	3Ir15	250	999993	exact
4Lsr14 3Ir15 3Ir14 3Lr36 4Tr16 19	3Ir15	250	999993	exact
4Lsr14 3Ir15 3Ir14 3Lr36 4Tr16 21	3Ir15	250	999995	exact
4Lsr14 3Ir15 3Ir14 3Lr36 4Tr16 22	3Ir15	250	999995	exact
4Lsr14 3Ir15 3Ir14 3Lr36 4Tr16 28	3Ir15	250	999995	exact
4Lsr14 3Ir15 3Ir14 3Lr36 4Tr16 2r11	3Ir15	250	999995	exact
4Lsr14 3Ir15 3Ir14 3Lr36 4Tr16 2r12	3Ir15	250	999995	exact
4Lsr14 3Ir15 3Ir14 3Lr36 4Tr16 2r13	3Ir15	250	999995	exact
4Lsr14 3Ir15 3Ir14 3Lr36 4Tr16 2r14	4Tr21	250	999993	exact
4Lsr14 3Ir15 3Ir14 3Lr36 4Tr16 2r15	4Tr21	250	999993	exact
4Lsr14 3Ir15 3Ir14 3Lr36 4Tr16 2r16	4Tr21	250	999993	exact
4Lsr14 3Ir15 3Ir14 3Lr36 4Tr16 2r17	4Tr21	250	999993	exact
4Lsr14 3Ir15 3Ir14 3Lr36 4Tr16 2r18	3Ir15	250	999993	exact
4Lsr14 3Ir15 3Ir14 3Lr36 4Tr16 2r19	3Ir15	250	999993	exact
4Lsr14 3Ir15 3Ir14 3Lr36 4Tr16 3I1	4Tr21	250	999993	exact
4Lsr14 3Ir15 3Ir14 3Lr36 4Tr16 3Ir11	3Ir15	250	999995	exact
4Lsr14 3Ir15 3Ir14 3Lr36 4Tr16 3Ir12	3Ir15	250	999993	exact
4Lsr14 3Ir15 3Ir14 3Lr36 4Tr16 3Ir13	3Ir15	250	999993	exact
4Lsr14 3Ir15 3Ir14 3Lr36 4Tr16 3Ir14	4Tr21	250	999993	exact
4Lsr14 3Ir15 3Ir14 3Lr36 4Tr16 3Ir15	4Tr21	250	999993	exact
4Lsr14 3Ir15 3Ir14 3Lr36 4Tr16 3Ir16	4Tr21	250	999993	exact
4Lsr14 3Ir15 3Ir14 3Lr36 4Tr16 3Ir17	4Tr21	250	999993	exact
4Lsr14 3Ir15 3Ir14 3Lr36 4Tr16 3Ir18	4Ss7	250	999993	exact
4Lsr14 3Ir15 3Ir14 3Lr36 4Tr16 3Ir19	3Ir15	250	999993	exact
4Lsr14 3Ir15 3Ir14 3Lr36 4Tr16 3L6	4Tr21	250	999993	exact
4Lsr14 3Ir15 3Ir14 3Lr36 4Tr16 3Lr21	3Ir15	250	999993	exact
4Lsr14 3Ir15 3Ir14 3Lr36 4Tr16 3Lr22	3Ir15	250	999993	exact
4Lsr14 3Ir15 3Ir14 3Lr36 4Tr16 3Lr28	4S8	250	999993	exact
4Lsr14 3Ir15 3Ir14 3Lr36 4Tr16 3Lr31	3Ir15	250	999993	exact
4Lsr14 3Ir15 3Ir14 3Lr36 4Tr16 3Lr32	3Ir15	250	999993	exact
4Lsr14 3Ir15 3Ir14 3Lr36 4Tr16 3Lr38	3Ir15	250	999995	exact
4Lsr14 3Ir15 3Ir14 3Lr36 4Tr16 4Lr21	4Ssr11	250	999993	exact
4Lsr14 3Ir15 3Ir14 3Lr36 4Tr16 4Lr31	3Ir15	250	999995	exact
4Lsr14 3Ir15 3Ir14 3Lr36 4Tr16 4Lr32	3Ir15	250	999995	exact
4Lsr14 3Ir15 3Ir14 3Lr36 4Tr16 4Lr38	4Ss7	250	999993	exact
4Lsr14 3Ir15 3Ir14 3Lr36 4Tr16 4Lsr11	3Ir15	250	999995	exact
4Lsr14 3Ir15 3Ir14 3Lr36 4Tr16 4Lsr12	3Ir15	250	999995	exact
4Lsr14 3Ir15 3Ir14 3Lr36 4Tr16 4Lsr18	3Ir15	250	999995	exact
4Lsr14 3Ir15 3Ir14 3Lr36 4Tr16 4Lsr21	4Lr38	250	999993	exact
4Lsr14 3Ir15 3Ir14 3Lr36 4Tr16 4Lsr34	4Tr21	250	999993	exact
4Lsr14 3Ir15 3Ir14 3Lr36 4Tr16 4S6	4Tr21	250	999993	exact
4Lsr14 3Ir15 3Ir14 3Lr36 4Tr16 4Tr21	4Lr38	250	999993	exact
4Lsr14 3Ir15 3Ir14 3Lr36 4Tr16 4Tr36	4Tr21	250	999993	exact
4Lsr14 3Ir15 3Ir14 3Lr37	4Tr21	18	999982	exact
4Lsr14 3Ir15 3Ir14 3Lr37 4Tr21 3Ir19	4Lsr34	250	999987	exact
4Lsr14 3Ir15 3Ir14 3Lr37 4Tr21 4Lsr36	3Ir15	250	999995	exact
4Lsr14 3Ir15 3Ir14 3Lr38	4Tr18	20	999984	exact
4Lsr14 3Ir15 3Ir14 4Lr21	4Lsr34	18	999985	exact
4Lsr14 3Ir15 3Ir14 4Lr26	4Ssr16	17	999989	exact
4Lsr14 3Ir15 3Ir14 4Lr26 4Ssr16 11	4Lsr34	250	999989	exact
4Lsr14 3Ir15 3Ir14 4Lr26 4Ssr16 12	4Lsr34	250	999989	exact
4Lsr14 3Ir15 3Ir14 4Lr26 4Ssr16 13	4Ssr11	250	999995	exact
4Lsr14 3Ir15 3Ir14 4Lr26 4Ssr16 14	4Tr21	250	999995	exact
4Lsr14 3Ir15 3Ir14 4Lr26 4Ssr16 15	4Tr21	250	999995	exact
4Lsr14 3Ir15 3Ir14 4Lr26 4Ssr16 16	4Tr21	250	999995	exact
4Lsr14 3Ir15 3Ir14 4Lr26 4Ssr16 17	4Tr21	250	999995	exact
4Lsr14 3Ir15 3Ir14 4Lr26 4Ssr16 18	4Tr21	250	999995	exact
4Lsr14 3Ir15 3Ir14 4Lr26 4Ssr16 19	4Lsr17	250	999993	exact
4Lsr14 3Ir15 3Ir14 4Lr26 4Ssr16 21	4Ls1	250	999995	exact
4Lsr14 3Ir15 3Ir14 4Lr26 4Ssr16 22	4L1	250	999993	exact
4Lsr14 3Ir15 3Ir14 4Lr26 4Ssr16 27	4Tr21	250	999993	exact
4Lsr14 3Ir15 3Ir14 4Lr26 4Ssr16 2r11	4Lr11	250	999993	exact
4Lsr14 3Ir15 3Ir14 4Lr26 4Ssr16 2r12	4Tr36	250	999989	exact
4Lsr14 3Ir15 3Ir14 4Lr26 4Ssr16 2r13	4Tr36	250	999989	exact
4Lsr14 3Ir15 3Ir14 4Lr26 4Ssr16 2r14	4Tr21	250	999995	exact
4Lsr14 3Ir15 3Ir14 4Lr26 4Ssr16 2r15	4Tr21	250	999995	exact
4Lsr14 3Ir15 3Ir14 4Lr26 4Ssr16 2r16	4Tr21	250	999995	exact
4Lsr14 3Ir15 3Ir14 4Lr26 4Ssr16 2r17	4Tr21	250	999995	exact
4Lsr14 3Ir15 3Ir14 4Lr26 4Ssr16 2r18	4Tr21	250	999995	exact
4Lsr14 3Ir15 3Ir14 4Lr26 4Ssr16 2r19	4Lsr17	250	999993	exact
4Lsr14 3Ir15 3Ir14 4Lr26 4Ssr16 3I1	4Lsr34	250	999993	exact
4Lsr14 3Ir15 3Ir14 4Lr26 4Ssr16 3Ir11	4Lsr34	250	999989	exact
4Lsr14 3Ir15 3Ir14 4Lr26 4Ssr16 3Ir12	4Lr37	250	999989	exact
4Lsr14 3Ir15 3Ir14 4Lr26 4Ssr16 3Ir13	4Tr33	250	999993	exact
4Lsr14 3Ir15 3Ir14 4Lr26 4Ssr16 3Ir14	4Tr21	250	999995	exact
4Lsr14 3Ir15 3Ir14 4Lr26 4Ssr16 3Ir15	4Tr21	250	999993	exact
4Lsr14 3Ir15 3Ir14 4Lr26 4Ssr16 3Ir16	4Tr21	250	999995	exact
4Lsr14 3Ir15 3Ir14 4Lr26 4Ssr16 3Ir17	4Tr21	250	999995	exact
4Lsr14 3Ir15 3Ir14 4Lr26 4Ssr16 3Ir18	4Tr21	250	999995	exact
4Lsr14 3Ir15 3Ir14 4Lr26 4Ssr16 3Ir19	4Lsr17	250	999989	exact
4Lsr14 3Ir15 3Ir14 4Lr26 4Ssr16 3L6	4Tr21	250	999995	exact
4Lsr14 3Ir15 3Ir14 4Lr26 4Ssr16 3Lr21	4S1	250	999993	exact
4Lsr14 3Ir15 3Ir14 4Lr26 4Ssr16 3Lr22	4Lsr34	250	999989	exact
4Lsr14 3Ir15 3Ir14 4Lr26 4Ssr16 3Lr27	4Tr21	250	999995	exact
4Lsr14 3Ir15 3Ir14 4Lr26 4Ssr16 3Lr31	4Lsr34	250	999989	exact
4Lsr14 3Ir15 3Ir14 4Lr26 4Ssr16 3Lr32	4Lsr34	250	999989	exact
4Lsr14 3Ir15 3Ir14 4Lr26 4Ssr16 3Lr37	4Tr21	250	999995	exact
4Lsr14 3Ir15 3Ir14 4Lr26 4Ssr16 4L6	4Tr21	250	999995	exact
4Lsr14 3Ir15 3Ir14 4Lr26 4Ssr16 4Lr21	4Ssr11	250	999995	exact
4Lsr14 3Ir15 3Ir14 4Lr26 4Ssr16 4Lr31	4Lr11	250	999993	exact
4Lsr14 3Ir15 3Ir14 4Lr26 4Ssr16 4Lr32	4Lr12	250	999993	exact
4Lsr14 3Ir15 3Ir14 4Lr26 4Ssr16 4Lr37	4Tr21	250	999995	exact
4Lsr14 3Ir15 3Ir14 4Lr26 4Ssr16 4Lsr11	4Lsr31	250	999993	exact
4Lsr14 3Ir15 3Ir14 4Lr26 4Ssr16 4Lsr12	4Tr33	250	999993	exact
4Lsr14 3Ir15 3Ir14 4Lr26 4Ssr16 4Lsr17	4Tr21	250	999995	exact
4Lsr14 3Ir15 3Ir14 4Lr26 4Ssr16 4Lsr21	4Lsr17	250	999993	exact
4Lsr14 3Ir15 3Ir14 4Lr26 4Ssr16 4Lsr34	4Tr21	250	999995	exact
4Lsr14 3Ir15 3Ir14 4Lr26 4Ssr16 4S6	4Tr21	250	999995	exact
4Lsr14 3Ir15 3Ir14 4Lr26 4Ssr16 4Tr21	4S1	250	999993	exact
4Lsr14 3Ir15 3Ir14 4Lr26 4Ssr16 4Tr36	4Tr21	250	999995	exact
4Lsr14 3Ir15 3Ir14 4Lr27	4Ssr17	17	999988	exact
4Lsr14 3Ir15 3Ir14 4Lr27 4Ssr17 11	4Sr11	250	999995	exact
4Lsr14 3Ir15 3Ir14 4Lr27 4Ssr17 12	4Lsr34	250	999989	exact
4Lsr14 3Ir15 3Ir14 4Lr27 4Ssr17 13	4Ssr11	250	999995	exact
4Lsr14 3Ir15 3Ir14 4Lr27 4Ssr17 14	4Tr21	250	999995	exact
4Lsr14 3Ir15 3Ir14 4Lr27 4Ssr17 15	4Tr21	250	999995	exact
4Lsr14 3Ir15 3Ir14 4Lr27 4Ssr17 16	4Tr36	250	999989	exact
4Lsr14 3Ir15 3Ir14 4Lr27 4Ssr17 17	4Tr21	250	999989	exact
4Lsr14 3Ir15 3Ir14 4Lr27 4Ssr17 18	4Lsr34	250	999989	exact
4Lsr14 3Ir15 3Ir14 4Lr27 4Ssr17 19	4Lsr34	250	999989	exact
4Lsr14 3Ir15 3Ir14 4Lr27 4Ssr17 21	4Ls1	250	999995	exact
4Lsr14 3Ir15 3Ir14 4Lr27 4Ssr17 22	4L1	250	999995	exact
4Lsr14 3Ir15 3Ir14 4Lr27 4Ssr17 28	4Tr21	250	999995	exact
4Lsr14 3Ir15 3Ir14 4Lr27 4Ssr17 2r11	2r11	250	999989	exact
4Lsr14 3Ir15 3Ir14 4Lr27 4Ssr17 2r12	2r12	250	999989	exact
4Lsr14 3Ir15 3Ir14 4Lr27 4Ssr17 2r13	4Lsr33	250	999989	exact
4Lsr14 3Ir15 3Ir14 4Lr27 4Ssr17 2r14	4Tr21	250	999995	exact
4Lsr14 3Ir15 3Ir14 4Lr27 4Ssr17 2r15	4Tr21	250	999993	exact
4Lsr14 3Ir15 3Ir14 4Lr27 4Ssr17 2r16	3Ir15	250	999993	exact
4Lsr14 3Ir15 3Ir14 4Lr27 4Ssr17 2r17	2r16	250	999989	exact
4Lsr14 3Ir15 3Ir14 4Lr27 4Ssr17 2r18	4Tr21	250	999993	exact
4Lsr14 3Ir15 3Ir14 4Lr27 4Ssr17 2r19	4Tr21	250	999995	exact
4Lsr14 3Ir15 3Ir14 4Lr27 4Ssr17 3I1	4Lsr34	250	999989	exact
4Lsr14 3Ir15 3Ir14 4Lr27 4Ssr17 3Ir11	3Ir11	250	999993	exact
4Lsr14 3Ir15 3Ir14 4Lr27 4Ssr17 3Ir12	12	250	999988	exact
4Lsr14 3Ir15 3Ir14 4Lr27 4Ssr17 3Ir13	4Tr33	250	999993	exact
4Lsr14 3Ir15 3Ir14 4Lr27 4Ssr17 3Ir14	4Tr21	250	999995	exact
4Lsr14 3Ir15 3Ir14 4Lr27 4Ssr17 3Ir15	2r16	250	999989	exact
4Lsr14 3Ir15 3Ir14 4Lr27 4Ssr17 3Ir16	3Ir15	250	999993	exact
4Lsr14 3Ir15 3Ir14 4Lr27 4Ssr17 3Ir17	2r16	250	999989	exact
4Lsr14 3Ir15 3Ir14 4Lr27 4Ssr17 3Ir18	4Lsr34	250	999989	exact
4Lsr14 3Ir15 3Ir14 4Lr27 4Ssr17 3Ir19	4Tr21	250	999995	exact
4Lsr14 3Ir15 3Ir14 4Lr27 4Ssr17 3L7	2r16	250	999989	exact
4Lsr14 3Ir15 3Ir14 4Lr27 4Ssr17 3Lr21	4Tr31	250	999993	exact
4Lsr14 3Ir15 3Ir14 4Lr27 4Ssr17 3Lr22	4Lsr34	250	999989	exact
4Lsr14 3Ir15 3Ir14 4Lr27 4Ssr17 3Lr28	4Tr21	250	999995	exact
4Lsr14 3Ir15 3Ir14 4Lr27 4Ssr17 3Lr31	4Lsr34	250	999989	exact
4Lsr14 3Ir15 3Ir14 4Lr27 4Ssr17 3Lr32	3Lr12	250	999993	exact
4Lsr14 3Ir15 3Ir14 4Lr27 4Ssr17 3Lr38	4Tr21	250	999995	exact
4Lsr14 3Ir15 3Ir14 4Lr27 4Ssr17 4L7	4Tr21	250	999993	exact
4Lsr14 3Ir15 3Ir14 4Lr27 4Ssr17 4Lr21	4Ssr11	250	999995	exact
4Lsr14 3Ir15 3Ir14 4Lr27 4Ssr17 4Lr31	4Lr11	250	999993	exact
4Lsr14 3Ir15 3Ir14 4Lr27 4Ssr17 4Lr32	4Lr12	250	999993	exact
4Lsr14 3Ir15 3Ir14 4Lr27 4Ssr17 4Lr38	4Tr21	250	999995	exact
4Lsr14 3Ir15 3Ir14 4Lr27 4Ssr17 4Lsr11	4Lsr31	250	999993	exact
4Lsr14 3Ir15 3Ir14 4Lr27 4Ssr17 4Lsr12	4Tr33	250	999993	exact
4Lsr14 3Ir15 3Ir14 4Lr27 4Ssr17 4Lsr18	4Lsr34	250	999989	exact
4Lsr14 3Ir15 3Ir14 4Lr27 4Ssr17 4Lsr21	4Lsr34	250	999993	exact
4Lsr14 3Ir15 3Ir14 4Lr27 4Ssr17 4Lsr34	4Tr21	250	999995	exact
4Lsr14 3Ir15 3Ir14 4Lr27 4Ssr17 4Lsr36	3Ir15	250	999995	exact
4Lsr14 3Ir15 3Ir14 4Lr27 4Ssr17 4S7	4Lr18	250	999993	exact
4Lsr14 3Ir15 3Ir14 4Lr27 4Ssr17 4Tr21	4S1	250	999993	exact
4Lsr14 3Ir15 3Ir14 4Lr27 4Ssr17 4Tr37	3Ir15	250	999993	exact
4Lsr14 3Ir15 3Ir14 4Lr31	4Tr26	19	999982	exact
4Lsr14 3Ir15 3Ir14 4Lr32	4Lsr34	19	999982	exact
4Lsr14 3Ir15 3Ir14 4Lr36	4Lsr34	20	999980	exact
4Lsr14 3Ir15 3Ir14 4Lr37	4Lsr34	20	999981	exact
4Lsr14 3Ir15 3Ir14 4Lr38	4Lsr34	20	999980	exact
4Lsr14 3Ir15 3Ir14 4Lsr11	4Lsr34	19	999981	exact
4Lsr14 3Ir15 3Ir14 4Lsr12	4S3	19	999986	exact
4Lsr14 3Ir15 3Ir14 4Lsr12 4S3 11	4Tr26	250	999986	exact
4Lsr14 3Ir15 3Ir14 4Lsr12 4S3 12	4Tr26	250	999986	exact
4Lsr14 3Ir15 3Ir14 4Lsr12 4S3 13	4Tr26	250	999986	exact
4Lsr14 3Ir15 3Ir14 4Lsr12 4S3 14	4Tr26	250	999986	exact
4Lsr14 3Ir15 3Ir14 4Lsr12 4S3 15	4Tr26	250	999986	exact
4Lsr14 3Ir15 3Ir14 4Lsr12 4S3 16	4Lr34	250	999997	exact
4Lsr14 3Ir15 3Ir14 4Lsr12 4S3 17	4Lr34	250	999997	exact
4Lsr14 3Ir15 3Ir14 4Lsr12 4S3 18	4Lr34	250	999997	exact
4Lsr14 3Ir15 3Ir14 4Lsr12 4S3 19	4Tr26	250	999986	exact
4Lsr14 3Ir15 3Ir14 4Lsr12 4S3 24	4Tr26	250	999986	exact
4Lsr14 3Ir15 3Ir14 4Lsr12 4S3 26	4Lr34	250	999997	exact
4Lsr14 3Ir15 3Ir14 4Lsr12 4S3 27	4Lr34	250	999997	exact
4Lsr14 3Ir15 3Ir14 4Lsr12 4S3 28	4Lr34	250	999997	exact
4Lsr14 3Ir15 3Ir14 4Lsr12 4S3 2r11	4Tr26	250	999986	exact
4Lsr14 3Ir15 3Ir14 4Lsr12 4S3 2r12	4Tr26	250	999986	exact
4Lsr14 3Ir15 3Ir14 4Lsr12 4S3 2r13	4Lr36	250	999986	exact
4Lsr14 3Ir15 3Ir14 4Lsr12 4S3 2r14	4Lr36	250	999987	exact
4Lsr14 3Ir15 3Ir14 4Lsr12 4S3 2r15	4Lr36	250	999987	exact
4Lsr14 3Ir15 3Ir14 4Lsr12 4S3 2r16	4Lr16	250	999986	exact
4Lsr14 3Ir15 3Ir14 4Lsr12 4S3 2r17	4Lr34	250	999997	exact
4Lsr14 3Ir15 3Ir14 4Lsr12 4S3 2r18	4Lr34	250	999997	exact
4Lsr14 3Ir15 3Ir14 4Lsr12 4S3 2r19	4Lsr38	250	999987	exact
4Lsr14 3Ir15 3Ir14 4Lsr12 4S3 3I6	4Tr26	250	999987	exact
4Lsr14 3Ir15 3Ir14 4Lsr12 4S3 3I7	4S6	250	999987	exact
4Lsr14 3Ir15 3Ir14 4Lsr12 4S3 3Ir11	4Lr36	250	999987	exact
4Lsr14 3Ir15 3Ir14 4Lsr12 4S3 3Ir12	4Lr36	250	999987	exact
4Lsr14 3Ir15 3Ir14 4Lsr12 4S3 3Ir13	4Lr34	250	999997	exact
4Lsr14 3Ir15 3Ir14 4Lsr12 4S3 3Ir14	4Lr36	250	999987	exact
4Lsr14 3Ir15 3Ir14 4Lsr12 4S3 3Ir15	4Lr36	250	999987	exact
4Lsr14 3Ir15 3Ir14 4Lsr12 4S3 3Ir16	4Lr34	250	999997	exact
4Lsr14 3Ir15 3Ir14 4Lsr12 4S3 3Ir17	4Lr34	250	999997	exact
4Lsr14 3Ir15 3Ir14 4Lsr12 4S3 3Ir18	4Lr34	250	999997	exact
4Lsr14 3Ir15 3Ir14 4Lsr12 4S3 3Ir19	4Lr34	250	999997	exact
4Lsr14 3Ir15 3Ir14 4Lsr12 4S3 3L1	4Tr26	250	999987	exact
4Lsr14 3Ir15 3Ir14 4Lsr12 4S3 3L3	4Ss4	250	999997	exact
4Lsr14 3Ir15 3Ir14 4Lsr12 4S3 3Lr24	4Lsr33	250	999987	exact
4Lsr14 3Ir15 3Ir14 4Lsr12 4S3 3Lr26	4S6	250	999987	exact
4Lsr14 3Ir15 3Ir14 4Lsr12 4S3 3Lr27	4S6	250	999987	exact
4Lsr14 3Ir15 3Ir14 4Lsr12 4S3 3Lr28	4Lr34	250	999997	exact
4Lsr14 3Ir15 3Ir14 4Lsr12 4S3 3Lr34	4Tr26	250	999986	exact
4Lsr14 3Ir15 3Ir14 4Lsr12 4S3 3Lr36	4Lr34	250	999997	exact
4Lsr14 3Ir15 3Ir14 4Lsr12 4S3 3Lr37	4Lr34	250	999997	exact
4Lsr14 3Ir15 3Ir14 4Lsr12 4S3 3Lr38	4Ss8	250	999987	exact
4Lsr14 3Ir15 3Ir14 4Lsr12 4S3 4L3	4Tr26	250	999986	exact
4Lsr14 3Ir15 3Ir14 4Lsr12 4S3 4Lr26	4Lsr16	250	999986	exact
4Lsr14 3Ir15 3Ir14 4Lsr12 4S3 4Lr27	4Tr38	250	999987	exact
4Lsr14 3Ir15 3Ir14 4Lsr12 4S3 4Lr34	4Tr26	250	999986	exact
4Lsr14 3Ir15 3Ir14 4Lsr12 4S3 4Lr36	4Lr34	250	999997	exact
4Lsr14 3Ir15 3Ir14 4Lsr12 4S3 4Lr37	4Lr34	250	999997	exact
4Lsr14 3Ir15 3Ir14 4Lsr12 4S3 4Lr38	4Lr34	250	999997	exact
4Lsr14 3Ir15 3Ir14 4Lsr12 4S3 4Lsr14	4Lsr16	250	999986	exact
4Lsr14 3Ir15 3Ir14 4Lsr12 4S3 4Lsr16	4Lr34	250	999997	exact
4Lsr14 3Ir15 3Ir14 4Lsr12 4S3 4Lsr17	4Lr34	250	999997	exact
4Lsr14 3Ir15 3Ir14 4Lsr12 4S3 4Lsr18	4Lr34	250	999997	exact
4Lsr14 3Ir15 3Ir14 4Lsr12 4S3 4Lsr26	4Ss8	250	999987	exact
4Lsr14 3Ir15 3Ir14 4Lsr12 4S3 4Lsr27	4Ss7	250	999987	exact
4Lsr14 3Ir15 3Ir14 4Lsr12 4S3 4S1	4Lr36	250	999987	exact
4Lsr14 3Ir15 3Ir14 4Lsr12 4S3 4S3	4Lr14	250	999997	exact
4Lsr14 3Ir15 3Ir14 4Lsr12 4S3 4Tr26	4Tr36	250	999986	exact
4Lsr14 3Ir15 3Ir14 4Lsr12 4S3 4Tr27	4Lr34	250	999997	exact
4Lsr14 3Ir15 3Ir14 4Lsr12 4S3 4Tr31	4Tr26	250	999987	exact
4Lsr14 3Ir15 3Ir14 4Lsr12 4S3 4Tr33	4Ss4	250	999997	exact
4Lsr14 3Ir15 3Ir14 4Lsr16	4Lsr36	11	999991	exact
4Lsr14 3Ir15 3Ir14 4Lsr16 4Lsr36 11	3Ir15	250	999995	exact
4Lsr14 3Ir15 3Ir14 4Lsr16 4Lsr36 12	3Ir15	250	999995	exact
4Lsr14 3Ir15 3Ir14 4Lsr16 4Lsr36 13	3Ir15	250	999993	exact
4Lsr14 3Ir15 3Ir14 4Lsr16 4Lsr36 14	4Tr21	250	999993	exact
4Lsr14 3Ir15 3Ir14 4Lsr16 4Lsr36 15	2r15	250	999995	exact
4Lsr14 3Ir15 3Ir14 4Lsr16 4Lsr36 16	4Tr21	250	999991	exact
4Lsr14 3Ir15 3Ir14 4Lsr16 4Lsr36 17	4Tr21	250	999991	exact
4Lsr14 3Ir15 3Ir14 4Lsr16 4Lsr36 18	3Ir15	250	999993	exact
4Lsr14 3Ir15 3Ir14 4Lsr16 4Lsr36 19	4Tr21	250	999993	exact
4Lsr14 3Ir15 3Ir14 4Lsr16 4Lsr36 21	3Ir15	250	999993	exact
4Lsr14 3Ir15 3Ir14 4Lsr16 4Lsr36 22	3Ir15	250	999993	exact
4Lsr14 3Ir15 3Ir14 4Lsr16 4Lsr36 26	4Tr21	250	999991	exact
4Lsr14 3Ir15 3Ir14 4Lsr16 4Lsr36 28	3Ir15	250	999993	exact
4Lsr14 3Ir15 3Ir14 4Lsr16 4Lsr36 2r11	3Ir15	250	999995	exact
4Lsr14 3Ir15 3Ir14 4Lsr16 4Lsr36 2r12	3Ir15	250	999993	exact
4Lsr14 3Ir15 3Ir14 4Lsr16 4Lsr36 2r13	3Ir15	250	999993	exact
4Lsr14 3Ir15 3Ir14 4Lsr16 4Lsr36 2r14	4Tr21	250	999991	exact
4Lsr14 3Ir15 3Ir14 4Lsr16 4Lsr36 2r15	4Tr21	250	999991	exact
4Lsr14 3Ir15 3Ir14 4Lsr16 4Lsr36 2r16	4Tr21	250	999993	exact
4Lsr14 3Ir15 3Ir14 4Lsr16 4Lsr36 2r17	4Tr21	250	999991	exact
4Lsr14 3Ir15 3Ir14 4Lsr16 4Lsr36 2r18	4Tr21	250	999991	exact
4Lsr14 3Ir15 3Ir14 4Lsr16 4Lsr36 2r19	3Ir15	250	999993	exact
4Lsr14 3Ir15 3Ir14 4Lsr16 4Lsr36 3I1	4Tr21	250	999993	exact
4Lsr14 3Ir15 3Ir14 4Lsr16 4Lsr36 3Ir11	3Ir15	250	999993	exact
4Lsr14 3Ir15 3Ir14 4Lsr16 4Lsr36 3Ir12	3Ir15	250	999993	exact
4Lsr14 3Ir15 3Ir14 4Lsr16 4Lsr36 3Ir13	3Ir15	250	999993	exact
4Lsr14 3Ir15 3Ir14 4Lsr16 4Lsr36 3Ir14	4Tr21	250	999991	exact
4Lsr14 3Ir15 3Ir14 4Lsr16 4Lsr36 3Ir15	4Tr21	250	999991	exact
4Lsr14 3Ir15 3Ir14 4Lsr16 4Lsr36 3Ir16	4Tr21	250	999993	exact
4Lsr14 3Ir15 3Ir14 4Lsr16 4Lsr36 3Ir17	4Tr21	250	999991	exact
4Lsr14 3Ir15 3Ir14 4Lsr16 4Lsr36 3Ir18	3Ir15	250	999993	exact
4Lsr14 3Ir15 3Ir14 4Lsr16 4Lsr36 3Ir19	4Tr21	250	999991	exact
4Lsr14 3Ir15 3Ir14 4Lsr16 4Lsr36 3Lr21	3Ir15	250	999993	exact
4Lsr14 3Ir15 3Ir14 4Lsr16 4Lsr36 3Lr22	3Ir15	250	999993	exact
4Lsr14 3Ir15 3Ir14 4Lsr16 4Lsr36 3Lr26	4Tr21	250	999993	exact
4Lsr14 3Ir15 3Ir14 4Lsr16 4Lsr36 3Lr28	3Ir15	250	999993	exact
4Lsr14 3Ir15 3Ir14 4Lsr16 4Lsr36 3Lr31	3Ir15	250	999993	exact
4Lsr14 3Ir15 3Ir14 4Lsr16 4Lsr36 3Lr32	3Ir15	250	999993	exact
4Lsr14 3Ir15 3Ir14 4Lsr16 4Lsr36 3Lr36	4Tr21	250	999991	exact
4Lsr14 3Ir15 3Ir14 4Lsr16 4Lsr36 3Lr38	3Ir15	250	999995	exact
4Lsr14 3Ir15 3Ir14 4Lsr16 4Lsr36 4Lr15	4Tr21	250	999993	exact
4Lsr14 3Ir15 3Ir14 4Lsr16 4Lsr36 4Lr21	4Ssr11	250	999991	exact
4Lsr14 3Ir15 3Ir14 4Lsr16 4Lsr36 4Lr31	3Ir15	250	999993	exact
4Lsr14 3Ir15 3Ir14 4Lsr16 4Lsr36 4Lr32	2r17	250	999993	exact
4Lsr14 3Ir15 3Ir14 4Lsr16 4Lsr36 4Lr36	4Tr21	250	999991	exact
4Lsr14 3Ir15 3Ir14 4Lsr16 4Lsr36 4Lr38	3Ir15	250	999993	exact
4Lsr14 3Ir15 3Ir14 4Lsr16 4Lsr36 4Lsr11	3Ir15	250	999995	exact
4Lsr14 3Ir15 3Ir14 4Lsr16 4Lsr36 4Lsr12	3Ir15	250	999995	exact
4Lsr14 3Ir15 3Ir14 4Lsr16 4Lsr36 4Lsr16	4Tr21	250	999993	exact
4Lsr14 3Ir15 3Ir14 4Lsr16 4Lsr36 4Lsr18	4Tr21	250	999991	exact
4Lsr14 3Ir15 3Ir14 4Lsr16 4Lsr36 4Lsr21	4Sr11	250	999991	exact
4Lsr14 3Ir15 3Ir14 4Lsr16 4Lsr36 4Lsr34	4Tr21	250	999993	exact
4Lsr14 3Ir15 3Ir14 4Lsr16 4Lsr36 4Tr21	3Ir15	250	999995	exact
4Lsr14 3Ir15 3Ir14 4Lsr17	4Lsr34	21	999979	exact
4Lsr14 3Ir15 3Ir14 4Lsr18	4Lsr34	20	999981	exact
4Lsr14 3Ir15 3Ir14 4Lsr21	4Tr26	17	999987	exact
4Lsr14 3Ir15 3Ir14 4Lsr21 4Tr26 11	4Ss8	250	999987	exact
4Lsr14 3Ir15 3Ir14 4Lsr21 4Tr26 12	4Tr12	250	999987	exact
4Lsr14 3Ir15 3Ir14 4Lsr21 4Tr26 13	4T1	250	999993	exact
4Lsr14 3Ir15 3Ir14 4Lsr21 4Tr26 14	4Sr11	250	999991	exact
4Lsr14 3Ir15 3Ir14 4Lsr21 4Tr26 15	4Sr11	250	999991	exact
4Lsr14 3Ir15 3Ir14 4Lsr21 4Tr26 16	4Sr11	250	999987	exact
4Lsr14 3Ir15 3Ir14 4Lsr21 4Tr26 17	4Lsr34	250	999987	exact
4Lsr14 3Ir15 3Ir14 4Lsr21 4Tr26 18	4Sr11	250	999987	exact
4Lsr14 3Ir15 3Ir14 4Lsr21 4Tr26 19	4Sr11	250	999987	exact
4Lsr14 3Ir15 3Ir14 4Lsr21 4Tr26 22	4Lsr34	250	999987	exact
4Lsr14 3Ir15 3Ir14 4Lsr21 4Tr26 2r11	2r11	250	999987	exact
4Lsr14 3Ir15 3Ir14 4Lsr21 4Tr26 2r12	4S1	250	999987	exact
4Lsr14 3Ir15 3Ir14 4Lsr21 4Tr26 2r13	4Lsr34	250	999987	exact
4Lsr14 3Ir15 3Ir14 4Lsr21 4Tr26 2r14	4Sr11	250	999991	exact
4Lsr14 3Ir15 3Ir14 4Lsr21 4Tr26 2r15	4Sr11	250	999993	exact
4Lsr14 3Ir15 3Ir14 4Lsr21 4Tr26 2r16	4Lsr34	250	999987	exact
4Lsr14 3Ir15 3Ir14 4Lsr21 4Tr26 2r17	4Lsr34	250	999987	exact
4Lsr14 3Ir15 3Ir14 4Lsr21 4Tr26 2r18	4Sr11	250	999987	exact
4Lsr14 3Ir15 3Ir14 4Lsr21 4Tr26 2r19	4S8	250	999987	exact
4Lsr14 3Ir15 3Ir14 4Lsr21 4Tr26 3Ir11	4Lsr34	250	999987	exact
4Lsr14 3Ir15 3Ir14 4Lsr21 4Tr26 3Ir12	4Lsr34	250	999987	exact
4Lsr14 3Ir15 3Ir14 4Lsr21 4Tr26 3Ir13	4Lsr34	250	999987	exact
4Lsr14 3Ir15 3Ir14 4Lsr21 4Tr26 3Ir14	4Sr11	250	999993	exact
4Lsr14 3Ir15 3Ir14 4Lsr21 4Tr26 3Ir15	4Sr11	250	999987	exact
4Lsr14 3Ir15 3Ir14 4Lsr21 4Tr26 3Ir16	4Lsr34	250	999987	exact
4Lsr14 3Ir15 3Ir14 4Lsr21 4Tr26 3Ir17	4Lsr34	250	999987	exact
4Lsr14 3Ir15 3Ir14 4Lsr21 4Tr26 3Ir18	4Lsr34	250	999987	exact
4Lsr14 3Ir15 3Ir14 4Lsr21 4Tr26 3Ir19	4Sr11	250	999987	exact
4Lsr14 3Ir15 3Ir14 4Lsr21 4Tr26 3L6	3Ir15	250	999995	exact
4Lsr14 3Ir15 3Ir14 4Lsr21 4Tr26 3Lr11	4Lsr11	250	999987	exact
4Lsr14 3Ir15 3Ir14 4Lsr21 4Tr26 3Lr17	4Sr11	250	999989	exact
4Lsr14 3Ir15 3Ir14 4Lsr21 4Tr26 3Lr18	4Lsr34	250	999987	exact
4Lsr14 3Ir15 3Ir14 4Lsr21 4Tr26 3Lr22	4Lsr34	250	999987	exact
4Lsr14 3Ir15 3Ir14 4Lsr21 4Tr26 3Lr32	4Ss2	250	999987	exact
4Lsr14 3Ir15 3Ir14 4Lsr21 4Tr26 4Lr32	4Lsr34	250	999987	exact
4Lsr14 3Ir15 3Ir14 4Lsr21 4Tr26 4Lsr12	4Lr33	250	999987	exact
4Lsr14 3Ir15 3Ir14 4Lsr21 4Tr26 4Lsr34	4Sr11	250	999993	exact
4Lsr14 3Ir15 3Ir14 4Lsr21 4Tr26 4S6	3Ir15	250	999995	exact
4Lsr14 3Ir15 3Ir14 4Lsr21 4Tr26 4Sr11	4Ls1	250	999991	exact
4Lsr14 3Ir15 3Ir14 4Lsr21 4Tr26 4Ss1	4Lsr34	250	999987	exact
4Lsr14 3Ir15 3Ir14 4Lsr21 4Tr26 4Ss7	4Lsr34	250	999987	exact
4Lsr14 3Ir15 3Ir14 4Lsr21 4Tr26 4Ss8	4S7	250	999987	exact
4Lsr14 3Ir15 3Ir14 4Lsr21 4Tr26 4Tr11	4S1	250	999987	exact
4Lsr14 3Ir15 3Ir14 4Lsr21 4Tr26 4Tr17	4Lsr34	250	999987	exact
4Lsr14 3Ir15 3Ir14 4Lsr21 4Tr26 4Tr18	4Lsr34	250	999987	exact
4Lsr14 3Ir15 3Ir14 4Lsr21 4Tr26 4Tr36	4Ss8	250	999987	exact
4Lsr14 3Ir15 3Ir14 4Lsr26	4Tr16	12	999991	exact
4Lsr14 3Ir15 3Ir14 4Lsr26 4Tr16 11	3Ir15	250	999995	exact
4Lsr14 3Ir15 3Ir14 4Lsr26 4Tr16 12	3Ir15	250	999995	exact
4Lsr14 3Ir15 3Ir14 4Lsr26 4Tr16 13	3Ir15	250	999993	exact
4Lsr14 3Ir15 3Ir14 4Lsr26 4Tr16 14	4Tr21	250	999991	exact
4Lsr14 3Ir15 3Ir14 4Lsr26 4Tr16 15	4Tr21	250	999991	exact
4Lsr14 3Ir15 3Ir14 4Lsr26 4Tr16 16	4Ss8	250	999991	exact
4Lsr14 3Ir15 3Ir14 4Lsr26 4Tr16 17	3Ir15	250	999993	exact
4Lsr14 3Ir15 3Ir14 4Lsr26 4Tr16 18	3Ir15	250	999993	exact
4Lsr14 3Ir15 3Ir14 4Lsr26 4Tr16 19	4Tr21	250	999991	exact
4Lsr14 3Ir15 3Ir14 4Lsr26 4Tr16 21	4Ss8	250	999993	exact
4Lsr14 3Ir15 3Ir14 4Lsr26 4Tr16 22	4Ss8	250	999993	exact
4Lsr14 3Ir15 3Ir14 4Lsr26 4Tr16 2r11	4Ss8	250	999993	exact
4Lsr14 3Ir15 3Ir14 4Lsr26 4Tr16 2r12	3Ir15	250	999995	exact
4Lsr14 3Ir15 3Ir14 4Lsr26 4Tr16 2r13	3Ir15	250	999995	exact
4Lsr14 3Ir15 3Ir14 4Lsr26 4Tr16 2r14	2r17	250	999991	exact
4Lsr14 3Ir15 3Ir14 4Lsr26 4Tr16 2r15	4Tr21	250	999991	exact
4Lsr14 3Ir15 3Ir14 4Lsr26 4Tr16 2r16	4Lsr21	250	999993	exact
4Lsr14 3Ir15 3Ir14 4Lsr26 4Tr16 2r17	4Tr21	250	999991	exact
4Lsr14 3Ir15 3Ir14 4Lsr26 4Tr16 2r18	3Ir15	250	999995	exact
4Lsr14 3Ir15 3Ir14 4Lsr26 4Tr16 2r19	4S8	250	999991	exact
4Lsr14 3Ir15 3Ir14 4Lsr26 4Tr16 3I1	4Lsr34	250	999991	exact
4Lsr14 3Ir15 3Ir14 4Lsr26 4Tr16 3Ir11	4Ss8	250	999991	exact
4Lsr14 3Ir15 3Ir14 4Lsr26 4Tr16 3Ir12	3Ir15	250	999993	exact
4Lsr14 3Ir15 3Ir14 4Lsr26 4Tr16 3Ir13	3Ir15	250	999993	exact
4Lsr14 3Ir15 3Ir14 4Lsr26 4Tr16 3Ir14	4Tr21	250	999991	exact
4Lsr14 3Ir15 3Ir14 4Lsr26 4Tr16 3Ir15	4Tr21	250	999991	exact
4Lsr14 3Ir15 3Ir14 4Lsr26 4Tr16 3Ir16	4Lsr34	250	999991	exact
4Lsr14 3Ir15 3Ir14 4Lsr26 4Tr16 3Ir17	4Ss8	250	999991	exact
4Lsr14 3Ir15 3Ir14 4Lsr26 4Tr16 3Ir18	4Lsr17	250	999991	exact
4Lsr14 3Ir15 3Ir14 4Lsr26 4Tr16 3Ir19	3Ir15	250	999993	exact
4Lsr14 3Ir15 3Ir14 4Lsr26 4Tr16 3L6	4Tr21	250	999993	exact
4Lsr14 3Ir15 3Ir14 4Lsr26 4Tr16 3Lr18	3Ir15	250	999995	exact
4Lsr14 3Ir15 3Ir14 4Lsr26 4Tr16 3Lr21	3Ir15	250	999991	exact
4Lsr14 3Ir15 3Ir14 4Lsr26 4Tr16 3Lr22	3Ir15	250	999995	exact
4Lsr14 3Ir15 3Ir14 4Lsr26 4Tr16 3Lr31	3Ir15	250	999993	exact
4Lsr14 3Ir15 3Ir14 4Lsr26 4Tr16 3Lr32	3Ir15	250	999991	exact
4Lsr14 3Ir15 3Ir14 4Lsr26 4Tr16 4Lr21	4Ss8	250	999991	exact
4Lsr14 3Ir15 3Ir14 4Lsr26 4Tr16 4Lr31	4Ss8	250	999991	exact
4Lsr14 3Ir15 3Ir14 4Lsr26 4Tr16 4Lr32	3Ir15	250	999995	exact
4Lsr14 3Ir15 3Ir14 4Lsr26 4Tr16 4Lsr11	3Ir15	250	999995	exact
4Lsr14 3Ir15 3Ir14 4Lsr26 4Tr16 4Lsr12	3Ir15	250	999995	exact
4Lsr14 3Ir15 3Ir14 4Lsr26 4Tr16 4Lsr21	4Ss8	250	999991	exact
4Lsr14 3Ir15 3Ir14 4Lsr26 4Tr16 4Lsr34	4Tr21	250	999991	exact
4Lsr14 3Ir15 3Ir14 4Lsr26 4Tr16 4S6	4Ss8	250	999991	exact
4Lsr14 3Ir15 3Ir14 4Lsr26 4Tr16 4Ss8	3Ir15	250	999995	exact
4Lsr14 3Ir15 3Ir14 4Lsr26 4Tr16 4Tr18	3Ir15	250	999991	exact
4Lsr14 3Ir15 3Ir14 4Lsr26 4Tr16 4Tr21	4Ss2	250	999991	exact
4Lsr14 3Ir15 3Ir14 4Lsr26 4Tr16 4Tr36	4Tr21	250	999991	exact
4Lsr14 3Ir15 3Ir14 4Lsr27	4Tr17	19	999987	exact
4Lsr14 3Ir15 3Ir14 4Lsr34	4Tr26	16	999985	exact
4Lsr14 3Ir15 3Ir14 4Tr21	4Lsr34	18	999982	exact
4Lsr14 3Ir15 3Ir14 4Tr21 4Lsr34 11	2r15	250	999997	exact
4Lsr14 3Ir15 3Ir14 4Tr21 4Lsr34 12	2r15	250	999997	exact
4Lsr14 3Ir15 3Ir14 4Tr21 4Lsr34 13	2r15	250	999997	exact
4Lsr14 3Ir15 3Ir14 4Tr21 4Lsr34 14	2r15	250	999997	exact
4Lsr14 3Ir15 3Ir14 4Tr21 4Lsr34 15	3L4	250	999997	exact
4Lsr14 3Ir15 3Ir14 4Tr21 4Lsr34 16	2r15	250	999997	exact
4Lsr14 3Ir15 3Ir14 4Tr21 4Lsr34 17	2r15	250	999997	exact
4Lsr14 3Ir15 3Ir14 4Tr21 4Lsr34 18	2r15	250	999997	exact
4Lsr14 3Ir15 3Ir14 4Tr21 4Lsr34 19	2r15	250	999997	exact
4Lsr14 3Ir15 3Ir14 4Tr21 4Lsr34 24	4Tr26	250	999982	exact
4Lsr14 3Ir15 3Ir14 4Tr21 4Lsr34 26	2r15	250	999997	exact
4Lsr14 3Ir15 3Ir14 4Tr21 4Lsr34 27	2r15	250	999997	exact
4Lsr14 3Ir15 3Ir14 4Tr21 4Lsr34 28	2r15	250	999997	exact
4Lsr14 3Ir15 3Ir14 4Tr21 4Lsr34 2r11	2r15	250	999997	exact
4Lsr14 3Ir15 3Ir14 4Tr21 4Lsr34 2r12	2r15	250	999997	exact
4Lsr14 3Ir15 3Ir14 4Tr21 4Lsr34 2r13	2r15	250	999997	exact
4Lsr14 3Ir15 3Ir14 4Tr21 4Lsr34 2r14	2r15	250	999997	exact
4Lsr14 3Ir15 3Ir14 4Tr21 4Lsr34 2r15	2r14	250	999997	exact
4Lsr14 3Ir15 3Ir14 4Tr21 4Lsr34 2r16	2r15	250	999997	exact
4Lsr14 3Ir15 3Ir14 4Tr21 4Lsr34 2r17	2r15	250	999997	exact
4Lsr14 3Ir15 3Ir14 4Tr21 4Lsr34 2r18	2r15	250	999997	exact
4Lsr14 3Ir15 3Ir14 4Tr21 4Lsr34 2r19	2r15	250	999997	exact
4Lsr14 3Ir15 3Ir14 4Tr21 4Lsr34 3I6	2r15	250	999997	exact
4Lsr14 3Ir15 3Ir14 4Tr21 4Lsr34 3I7	2r15	250	999997	exact
4Lsr14 3Ir15 3Ir14 4Tr21 4Lsr34 3Ir11	2r15	250	999997	exact
4Lsr14 3Ir15 3Ir14 4Tr21 4Lsr34 3Ir12	2r15	250	999997	exact
4Lsr14 3Ir15 3Ir14 4Tr21 4Lsr34 3Ir13	2r15	250	999997	exact
4Lsr14 3Ir15 3Ir14 4Tr21 4Lsr34 3Ir16	2r15	250	999997	exact
4Lsr14 3Ir15 3Ir14 4Tr21 4Lsr34 3Ir17	2r15	250	999997	exact
4Lsr14 3Ir15 3Ir14 4Tr21 4Lsr34 3Ir18	2r15	250	999997	exact
4Lsr14 3Ir15 3Ir14 4Tr21 4Lsr34 3Ir19	2r15	250	999997	exact
4Lsr14 3Ir15 3Ir14 4Tr21 4Lsr34 3L1	2r15	250	999997	exact
4Lsr14 3Ir15 3Ir14 4Tr21 4Lsr34 3Lr12	2r15	250	999997	exact
4Lsr14 3Ir15 3Ir14 4Tr21 4Lsr34 3Lr24	4Tr26	250	999982	exact
4Lsr14 3Ir15 3Ir14 4Tr21 4Lsr34 3Lr26	2r15	250	999997	exact
4Lsr14 3Ir15 3Ir14 4Tr21 4Lsr34 3Lr27	2r15	250	999997	exact
4Lsr14 3Ir15 3Ir14 4Tr21 4Lsr34 3Lr28	2r15	250	999997	exact
4Lsr14 3Ir15 3Ir14 4Tr21 4Lsr34 3Lr34	4Tr26	250	999982	exact
4Lsr14 3Ir15 3Ir14 4Tr21 4Lsr34 3Lr36	2r15	250	999997	exact
4Lsr14 3Ir15 3Ir14 4Tr21 4Lsr34 3Lr37	2r15	250	999997	exact
4Lsr14 3Ir15 3Ir14 4Tr21 4Lsr34 3Lr38	2r15	250	999997	exact
4Lsr14 3Ir15 3Ir14 4Tr21 4Lsr34 4Lr26	2r15	250	999997	exact
4Lsr14 3Ir15 3Ir14 4Tr21 4Lsr34 4Lr27	2r15	250	999997	exact
4Lsr14 3Ir15 3Ir14 4Tr21 4Lsr34 4Lr36	2r14	250	999997	exact
4Lsr14 3Ir15 3Ir14 4Tr21 4Lsr34 4Lr37	2r15	250	999997	exact
4Lsr14 3Ir15 3Ir14 4Tr21 4Lsr34 4Lr38	2r15	250	999997	exact
4Lsr14 3Ir15 3Ir14 4Tr21 4Lsr34 4Lsr16	2r15	250	999997	exact
4Lsr14 3Ir15 3Ir14 4Tr21 4Lsr34 4Lsr17	2r15	250	999997	exact
4Lsr14 3Ir15 3Ir14 4Tr21 4Lsr34 4Lsr18	2r15	250	999997	exact
4Lsr14 3Ir15 3Ir14 4Tr21 4Lsr34 4Lsr26	2r15	250	999997	exact
4Lsr14 3Ir15 3Ir14 4Tr21 4Lsr34 4Lsr27	2r15	250	999997	exact
4Lsr14 3Ir15 3Ir14 4Tr21 4Lsr34 4S1	2r15	250	999997	exact
4Lsr14 3Ir15 3Ir14 4Tr21 4Lsr34 4Ss2	2r15	250	999997	exact
4Lsr14 3Ir15 3Ir14 4Tr21 4Lsr34 4Tr12	2r15	250	999997	exact
4Lsr14 3Ir15 3Ir14 4Tr21 4Lsr34 4Tr26	2r15	250	999997	exact
4Lsr14 3Ir15 3Ir14 4Tr21 4Lsr34 4Tr27	2r15	250	999997	exact
4Lsr14 3Ir15 3Ir14 4Tr21 4Lsr34 4Tr31	2r15	250	999997	exact
4Lsr14 3Ir15 3Ir14 4Tr26	4S6	13	999991	exact
4Lsr14 3Ir15 3Ir14 4Tr26 4S6 11	4Tr18	250	999993	exact
4Lsr14 3Ir15 3Ir14 4Tr26 4S6 12	4Tr18	250	999991	exact
4Lsr14 3Ir15 3Ir14 4Tr26 4S6 13	4Tr18	250	999991	exact
4Lsr14 3Ir15 3Ir14 4Tr26 4S6 14	4Tr21	250	999991	exact
4Lsr14 3Ir15 3Ir14 4Tr26 4S6 15	4Tr21	250	999991	exact
4Lsr14 3Ir15 3Ir14 4Tr26 4S6 16	4Tr21	250	999991	exact
4Lsr14 3Ir15 3Ir14 4Tr26 4S6 17	4Tr18	250	999991	exact
4Lsr14 3Ir15 3Ir14 4Tr26 4S6 18	4Tr21	250	999991	exact
4Lsr14 3Ir15 3Ir14 4Tr26 4S6 19	4Tr21	250	999991	exact
4Lsr14 3Ir15 3Ir14 4Tr26 4S6 21	3Ir15	250	999991	exact
4Lsr14 3Ir15 3Ir14 4Tr26 4S6 22	4Tr18	250	999993	exact
4Lsr14 3Ir15 3Ir14 4Tr26 4S6 2r11	3Ir15	250	999991	exact
4Lsr14 3Ir15 3Ir14 4Tr26 4S6 2r12	4Ss8	250	999991	exact
4Lsr14 3Ir15 3Ir14 4Tr26 4S6 2r13	3Ir15	250	999991	exact
4Lsr14 3Ir15 3Ir14 4Tr26 4S6 2r14	4S6	250	999991	exact
4Lsr14 3Ir15 3Ir14 4Tr26 4S6 2r15	4Tr21	250	999991	exact
4Lsr14 3Ir15 3Ir14 4Tr26 4S6 2r16	4Ss6	250	999993	exact
4Lsr14 3Ir15 3Ir14 4Tr26 4S6 2r17	4Tr21	250	999991	exact
4Lsr14 3Ir15 3Ir14 4Tr26 4S6 2r18	3Ir15	250	999995	exact
4Lsr14 3Ir15 3Ir14 4Tr26 4S6 2r19	3Ir15	250	999995	exact
4Lsr14 3Ir15 3Ir14 4Tr26 4S6 3I1	4Tr21	250	999991	exact
4Lsr14 3Ir15 3Ir14 4Tr26 4S6 3Ir11	4Ss8	250	999991	exact
4Lsr14 3Ir15 3Ir14 4Tr26 4S6 3Ir12	3Ir15	250	999991	exact
4Lsr14 3Ir15 3Ir14 4Tr26 4S6 3Ir13	3Ir15	250	999991	exact
4Lsr14 3Ir15 3Ir14 4Tr26 4S6 3Ir14	4Tr21	250	999991	exact
4Lsr14 3Ir15 3Ir14 4Tr26 4S6 3Ir15	4Tr21	250	999991	exact
4Lsr14 3Ir15 3Ir14 4Tr26 4S6 3Ir16	4Tr21	250	999991	exact
4Lsr14 3Ir15 3Ir14 4Tr26 4S6 3Ir17	4Ss8	250	999991	exact
4Lsr14 3Ir15 3Ir14 4Tr26 4S6 3Ir18	3Ir15	250	999995	exact
4Lsr14 3Ir15 3Ir14 4Tr26 4S6 3Ir19	4Tr21	250	999991	exact
4Lsr14 3Ir15 3Ir14 4Tr26 4S6 3L6	4Tr21	250	999991	exact
4Lsr14 3Ir15 3Ir14 4Tr26 4S6 3Lr18	4Lr38	250	999991	exact
4Lsr14 3Ir15 3Ir14 4Tr26 4S6 3Lr21	4Ss8	250	999991	exact
4Lsr14 3Ir15 3Ir14 4Tr26 4S6 3Lr22	4Tr32	250	999991	exact
4Lsr14 3Ir15 3Ir14 4Tr26 4S6 3Lr31	4Ss8	250	999991	exact
4Lsr14 3Ir15 3Ir14 4Tr26 4S6 3Lr32	4Ss8	250	999991	exact
4Lsr14 3Ir15 3Ir14 4Tr26 4S6 4Lr21	4Tr32	250	999991	exact
4Lsr14 3Ir15 3Ir14 4Tr26 4S6 4Lr31	4Ss8	250	999991	exact
4Lsr14 3Ir15 3Ir14 4Tr26 4S6 4Lr32	4Ss8	250	999991	exact
4Lsr14 3Ir15 3Ir14 4Tr26 4S6 4Lsr11	3Ir15	250	999995	exact
4Lsr14 3Ir15 3Ir14 4Tr26 4S6 4Lsr12	3Ir15	250	999993	exact
4Lsr14 3Ir15 3Ir14 4Tr26 4S6 4Lsr21	4Sr11	250	999991	exact
4Lsr14 3Ir15 3Ir14 4Tr26 4S6 4Lsr34	4Tr21	250	999991	exact
4Lsr14 3Ir15 3Ir14 4Tr26 4S6 4S6	4Ss8	250	999991	exact
4Lsr14 3Ir15 3Ir14 4Tr26 4S6 4Ss8	4Ss8	250	999993	exact
4Lsr14 3Ir15 3Ir14 4Tr26 4S6 4Tr18	4Tr38	250	999991	exact
4Lsr14 3Ir15 3Ir14 4Tr26 4S6 4Tr21	3Ir15	250	999995	exact
4Lsr14 3Ir15 3Ir14 4Tr26 4S6 4Tr36	3Ir16	250	999993	exact
4Lsr14 3Ir15 3Ir14 4Tr27	4S7	21	999983	exact
4Lsr14 3Ir15 3Ir14	4Lsr17	22	-999979	exact
