4Tr21 11	4Lsr14	19	999991	exact
4Tr21 11 4Lsr14 11	4Tr26	250	999993	exact
4Tr21 11 4Lsr14 12	3Ir15	250	999991	exact
4Tr21 11 4Lsr14 14	3Ir15	250	999991	exact
4Tr21 11 4Lsr14 15	4Tr26	250	999991	exact
4Tr21 11 4Lsr14 16	4Tr16	250	999991	exact
4Tr21 11 4Lsr14 17	4S6	250	999993	exact
4Tr21 11 4Lsr14 18	4Ssr16	250	999995	exact
4Tr21 11 4Lsr14 19	3Ir15	250	999991	exact
4Tr21 11 4Lsr14 21	4Tr26	250	999991	exact
4Tr21 11 4Lsr14 23	4Tr26	250	999993	exact
4Tr21 11 4Lsr14 26	3Lr26	250	999993	exact
4Tr21 11 4Lsr14 27	4Lsr17	250	999991	exact
4Tr21 11 4Lsr14 28	3Ir15	250	999991	exact
4Tr21 11 4Lsr14 2r11	4Tr26	250	999993	exact
4Tr21 11 4Lsr14 2r12	4Tr26	250	999991	exact
4Tr21 11 4Lsr14 2r13	4Lr38	250	999993	exact
4Tr21 11 4Lsr14 2r14	4Tr26	250	999991	exact
4Tr21 11 4Lsr14 2r15	4Tr26	250	999991	exact
4Tr21 11 4Lsr14 2r17	4Lr17	250	999991	exact
4Tr21 11 4Lsr14 2r18	3Ir15	250	999991	exact
4Tr21 11 4Lsr14 2r19	4Lsr38	250	999991	exact
4Tr21 11 4Lsr14 3I6	3Ir15	250	999991	exact
4Tr21 11 4Lsr14 3I7	4Tr27	250	999995	exact
4Tr21 11 4Lsr14 3Ir11	4Lsr16	250	999991	exact
4Tr21 11 4Lsr14 3Ir12	4Tr26	250	999991	exact
4Tr21 11 4Lsr14 3Ir13	4Tr26	250	999991	exact
4Tr21 11 4Lsr14 3Ir15	4Tr26	250	999991	exact
4Tr21 11 4Lsr14 3Ir17	2r17	250	999991	exact
4Tr21 11 4Lsr14 3Ir18	2r18	250	999991	exact
4Tr21 11 4Lsr14 3Ir19	2r19	250	999991	exact
4Tr21 11 4Lsr14 3Lr12	3Ir15	250	999991	exact
4Tr21 11 4Lsr14 3Lr21	4Lsr16	250	999991	exact
4Tr21 11 4Lsr14 3Lr23	3Ir15	250	999991	exact
4Tr21 11 4Lsr14 3Lr26	4S6	250	999993	exact
4Tr21 11 4Lsr14 3Lr27	4Tr37	250	999991	exact
4Tr21 11 4Lsr14 3Lr28	4S8	250	999991	exact
4Tr21 11 4Lsr14 3Lr31	4Tr26	250	999991	exact
4Tr21 11 4Lsr14 3Lr33	3Ir15	250	999991	exact
4Tr21 11 4Lsr14 3Lr36	4Tr16	250	999991	exact
4Tr21 11 4Lsr14 3Lr37	4Ss7	250	999993	exact
4Tr21 11 4Lsr14 3Lr38	4Ss8	250	999991	exact
4Tr21 11 4Lsr14 4Lr26	3Ir15	250	999993	exact
4Tr21 11 4Lsr14 4Lr31	4Tr26	250	999993	exact
4Tr21 11 4Lsr14 4Lr33	4Lsr16	250	999993	exact
4Tr21 11 4Lsr14 4Lr36	4Lr16	250	999993	exact
4Tr21 11 4Lsr14 4Lr37	4Lr17	250	999993	exact
4Tr21 11 4Lsr14 4Lr38	4Lr18	250	999993	exact
4Tr21 11 4Lsr14 4Ls1	4Lsr16	250	999991	exact
4Tr21 11 4Lsr14 4Lsr13	4Tr26	250	999991	exact
4Tr21 11 4Lsr14 4Lsr16	4Lsr36	250	999993	exact
4Tr21 11 4Lsr14 4Lsr17	4Lsr37	250	999993	exact
4Tr21 11 4Lsr14 4Lsr18	4Lsr38	250	999993	exact
4Tr21 11 4Lsr14 4Lsr26	3Ir15	250	999993	exact
4Tr21 11 4Lsr14 4Lsr34	4Lr38	250	999993	exact
4Tr21 11 4Lsr14 4Sr12	4Tr26	250	999993	exact
4Tr21 11 4Lsr14 4Ss2	4Tr26	250	999991	exact
4Tr21 11 4Lsr14 4Tr12	4Lr38	250	999993	exact
4Tr21 11 4Lsr14 4Tr26	3Ir15	250	999991	exact
4Tr21 11 4Lsr14 4Tr27	4S7	250	999993	exact
4Tr21 12	4Lsr14	15	999991	exact
4Tr21 12 4Lsr14 11	3Ir15	250	999991	exact
4Tr21 12 4Lsr14 12	3Ir15	250	999991	exact
4Tr21 12 4Lsr14 13	3Ir15	250	999991	exact
4Tr21 12 4Lsr14 14	3Ir15	250	999991	exact
4Tr21 12 4Lsr14 15	4Lsr16	250	999991	exact
4Tr21 12 4Lsr14 16	4Tr16	250	999991	exact
4Tr21 12 4Lsr14 17	4S6	250	999991	exact
4Tr21 12 4Lsr14 18	4Ssr16	250	999995	exact
4Tr21 12 4Lsr14 19	3Ir15	250	999991	exact
4Tr21 12 4Lsr14 23	4Lsr16	250	999991	exact
4Tr21 12 4Lsr14 26	3Ir15	250	999991	exact
4Tr21 12 4Lsr14 27	4Lsr17	250	999991	exact
4Tr21 12 4Lsr14 28	3Ir15	250	999991	exact
4Tr21 12 4Lsr14 2r11	4Tr26	250	999991	exact
4Tr21 12 4Lsr14 2r12	4Tr27	250	999991	exact
4Tr21 12 4Lsr14 2r13	3Ir15	250	999991	exact
4Tr21 12 4Lsr14 2r14	4Lsr16	250	999991	exact
4Tr21 12 4Lsr14 2r15	4Tr26	250	999991	exact
4Tr21 12 4Lsr14 2r16	2r16	250	999991	exact
4Tr21 12 4Lsr14 2r17	4Lr17	250	999991	exact
4Tr21 12 4Lsr14 2r18	3Ir15	250	999991	exact
4Tr21 12 4Lsr14 2r19	4Lsr38	250	999991	exact
4Tr21 12 4Lsr14 3I6	4Tr26	250	999995	exact
4Tr21 12 4Lsr14 3I7	4Tr27	250	999995	exact
4Tr21 12 4Lsr14 3Ir11	4Tr26	250	999993	exact
4Tr21 12 4Lsr14 3Ir12	4Tr26	250	999991	exact
4Tr21 12 4Lsr14 3Ir13	3Ir15	250	999991	exact
4Tr21 12 4Lsr14 3Ir14	4Ss4	250	999991	exact
4Tr21 12 4Lsr14 3Ir15	4Tr26	250	999991	exact
4Tr21 12 4Lsr14 3Ir16	4Lr35	250	999991	exact
4Tr21 12 4Lsr14 3Ir17	2r17	250	999991	exact
4Tr21 12 4Lsr14 3Ir18	2r18	250	999991	exact
4Tr21 12 4Lsr14 3Ir19	2r19	250	999991	exact
4Tr21 12 4Lsr14 3Lr23	4Lr27	250	999991	exact
4Tr21 12 4Lsr14 3Lr26	4S6	250	999991	exact
4Tr21 12 4Lsr14 3Lr27	3Ir15	250	999991	exact
4Tr21 12 4Lsr14 3Lr28	3Ir15	250	999991	exact
4Tr21 12 4Lsr14 3Lr33	3Ir15	250	999991	exact
4Tr21 12 4Lsr14 3Lr36	3Ir15	250	999991	exact
4Tr21 12 4Lsr14 3Lr37	3Ir15	250	999991	exact
4Tr21 12 4Lsr14 3Lr38	3Ir15	250	999991	exact
4Tr21 12 4Lsr14 4Lr12	4Tr26	250	999991	exact
4Tr21 12 4Lsr14 4Lr26	4Ssr16	250	999995	exact
4Tr21 12 4Lsr14 4Lr27	3Ir15	250	999991	exact
4Tr21 12 4Lsr14 4Lr33	4Lsr16	250	999991	exact
4Tr21 12 4Lsr14 4Lr36	4Lr35	250	999991	exact
4Tr21 12 4Lsr14 4Lr37	4Lr17	250	999993	exact
4Tr21 12 4Lsr14 4Lr38	4Lr18	250	999993	exact
4Tr21 12 4Lsr14 4Lsr13	4Lsr16	250	999991	exact
4Tr21 12 4Lsr14 4Lsr16	4Lsr36	250	999993	exact
4Tr21 12 4Lsr14 4Lsr17	4Lsr37	250	999991	exact
4Tr21 12 4Lsr14 4Lsr18	3Ir15	250	999991	exact
4Tr21 12 4Lsr14 4Lsr26	3Ir15	250	999993	exact
4Tr21 12 4Lsr14 4Lsr27	4Sr17	250	999995	exact
4Tr21 12 4Lsr14 4Lsr31	4Tr26	250	999993	exact
4Tr21 12 4Lsr14 4Lsr34	4Lsr16	250	999991	exact
4Tr21 12 4Lsr14 4Tr26	4S6	250	999991	exact
4Tr21 12 4Lsr14 4Tr27	4S7	250	999993	exact
4Tr21 13	4Lsr14	16	999989	exact
4Tr21 13 4Lsr14 11	4Tr26	250	999991	exact
4Tr21 13 4Lsr14 12	4Lsr16	250	999989	exact
4Tr21 13 4Lsr14 13	4Tr26	250	999991	exact
4Tr21 13 4Lsr14 14	3Ir15	250	999991	exact
4Tr21 13 4Lsr14 15	4Tr26	250	999989	exact
4Tr21 13 4Lsr14 16	3Ir15	250	999989	exact
4Tr21 13 4Lsr14 17	4Sr17	250	999995	exact
4Tr21 13 4Lsr14 18	4Ssr16	250	999995	exact
4Tr21 13 4Lsr14 19	3Ir15	250	999989	exact
4Tr21 13 4Lsr14 22	3Ir15	250	999989	exact
4Tr21 13 4Lsr14 26	3Ir15	250	999991	exact
4Tr21 13 4Lsr14 27	4Ls7	250	999993	exact
4Tr21 13 4Lsr14 28	3Ir15	250	999989	exact
4Tr21 13 4Lsr14 2r11	3Ir15	250	999989	exact
4Tr21 13 4Lsr14 2r12	3Ir15	250	999989	exact
4Tr21 13 4Lsr14 2r13	3Ir15	250	999989	exact
4Tr21 13 4Lsr14 2r14	3Ir15	250	999991	exact
4Tr21 13 4Lsr14 2r15	4Tr26	250	999991	exact
4Tr21 13 4Lsr14 2r16	4Ss5	250	999989	exact
4Tr21 13 4Lsr14 2r17	3Ir15	250	999989	exact
4Tr21 13 4Lsr14 2r18	4Lr18	250	999989	exact
4Tr21 13 4Lsr14 2r19	4Lsr38	250	999989	exact
4Tr21 13 4Lsr14 3I6	3Ir15	250	999993	exact
4Tr21 13 4Lsr14 3I7	4Lsr27	250	999995	exact
4Tr21 13 4Lsr14 3Ir11	4Tr26	250	999991	exact
4Tr21 13 4Lsr14 3Ir12	4Tr27	250	999989	exact
4Tr21 13 4Lsr14 3Ir13	4Tr26	250	999993	exact
4Tr21 13 4Lsr14 3Ir14	4Ss4	250	999989	exact
4Tr21 13 4Lsr14 3Ir15	4Tr26	250	999991	exact
4Tr21 13 4Lsr14 3Ir16	3Ir16	250	999993	exact
4Tr21 13 4Lsr14 3Ir17	2r17	250	999991	exact
4Tr21 13 4Lsr14 3Ir18	2r18	250	999991	exact
4Tr21 13 4Lsr14 3Ir19	19	250	999989	exact
4Tr21 13 4Lsr14 3L1	3Ir15	250	999989	exact
4Tr21 13 4Lsr14 3Lr13	3Ir15	250	999989	exact
4Tr21 13 4Lsr14 3Lr22	4Tr26	250	999993	exact
4Tr21 13 4Lsr14 3Lr26	3Ir15	250	999991	exact
4Tr21 13 4Lsr14 3Lr27	3Ir15	250	999989	exact
4Tr21 13 4Lsr14 3Lr28	4Tr38	250	999991	exact
4Tr21 13 4Lsr14 3Lr32	4Tr27	250	999989	exact
4Tr21 13 4Lsr14 3Lr36	4Tr16	250	999993	exact
4Tr21 13 4Lsr14 3Lr37	4Ss7	250	999989	exact
4Tr21 13 4Lsr14 3Lr38	4Ss8	250	999989	exact
4Tr21 13 4Lsr14 4L1	3Ir15	250	999989	exact
4Tr21 13 4Lsr14 4Lr26	3Ir15	250	999993	exact
4Tr21 13 4Lsr14 4Lr27	4Ssr17	250	999993	exact
4Tr21 13 4Lsr14 4Lr32	4Tr26	250	999991	exact
4Tr21 13 4Lsr14 4Lr36	4Lr35	250	999991	exact
4Tr21 13 4Lsr14 4Lr37	3Ir15	250	999991	exact
4Tr21 13 4Lsr14 4Lr38	4Lr18	250	999993	exact
4Tr21 13 4Lsr14 4Ls2	4Lr38	250	999993	exact
4Tr21 13 4Lsr14 4Lsr12	4Tr26	250	999991	exact
4Tr21 13 4Lsr14 4Lsr16	3Ir15	250	999991	exact
4Tr21 13 4Lsr14 4Lsr17	4Lsr37	250	999993	exact
4Tr21 13 4Lsr14 4Lsr18	3Ir15	250	999991	exact
4Tr21 13 4Lsr14 4Lsr26	3Ir15	250	999993	exact
4Tr21 13 4Lsr14 4Lsr27	3Ir15	250	999991	exact
4Tr21 13 4Lsr14 4Lsr34	4Tr26	250	999993	exact
4Tr21 13 4Lsr14 4S1	4Lr38	250	999991	exact
4Tr21 13 4Lsr14 4Ss3	3Ir15	250	999989	exact
4Tr21 13 4Lsr14 4Tr13	4Ss4	250	999989	exact
4Tr21 13 4Lsr14 4Tr26	4S6	250	999991	exact
4Tr21 13 4Lsr14 4Tr27	3Ir15	250	999991	exact
4Tr21 13 4Lsr14 4Tr31	4Lr38	250	999993	exact
4Tr21 14	4Tr14	17	999991	exact
4Tr21 14 4Tr14 11	3Ir15	250	999991	exact
4Tr21 14 4Tr14 12	3Ir15	250	999991	exact
4Tr21 14 4Tr14 13	3Ir15	250	999991	exact
4Tr21 14 4Tr14 14	4Lsr16	250	999993	exact
4Tr21 14 4Tr14 15	4Lsr16	250	999991	exact
4Tr21 14 4Tr14 16	3Ir15	250	999991	exact
4Tr21 14 4Tr14 17	4Sr17	250	999995	exact
4Tr21 14 4Tr14 18	4Ssr16	250	999995	exact
4Tr21 14 4Tr14 19	3Ir15	250	999991	exact
4Tr21 14 4Tr14 26	4Ls6	250	999995	exact
4Tr21 14 4Tr14 27	4Ls7	250	999995	exact
4Tr21 14 4Tr14 28	4L7	250	999995	exact
4Tr21 14 4Tr14 2r11	4Lsr16	250	999991	exact
4Tr21 14 4Tr14 2r12	4Lsr16	250	999991	exact
4Tr21 14 4Tr14 2r13	4Lsr16	250	999991	exact
4Tr21 14 4Tr14 2r14	4Ss4	250	999991	exact
4Tr21 14 4Tr14 2r15	4Lsr16	250	999991	exact
4Tr21 14 4Tr14 2r16	3Ir15	250	999991	exact
4Tr21 14 4Tr14 2r17	3Ir15	250	999991	exact
4Tr21 14 4Tr14 2r18	3Ir15	250	999991	exact
4Tr21 14 4Tr14 2r19	3Ir15	250	999991	exact
4Tr21 14 4Tr14 3I6	4Lr26	250	999995	exact
4Tr21 14 4Tr14 3I7	4Lsr27	250	999995	exact
4Tr21 14 4Tr14 3Ir11	4Lr38	250	999991	exact
4Tr21 14 4Tr14 3Ir12	4Lsr16	250	999993	exact
4Tr21 14 4Tr14 3Ir13	4Lr38	250	999991	exact
4Tr21 14 4Tr14 3Ir14	4Lsr16	250	999991	exact
4Tr21 14 4Tr14 3Ir15	4Lsr16	250	999991	exact
4Tr21 14 4Tr14 3Ir16	4Lsr15	250	999991	exact
4Tr21 14 4Tr14 3Ir17	2r17	250	999991	exact
4Tr21 14 4Tr14 3Ir18	18	250	999991	exact
4Tr21 14 4Tr14 3Ir19	2r19	250	999991	exact
4Tr21 14 4Tr14 3L1	4Lr38	250	999993	exact
4Tr21 14 4Tr14 3L3	4Lsr16	250	999991	exact
4Tr21 14 4Tr14 3L4	4Lsr16	250	999993	exact
4Tr21 14 4Tr14 3Lr12	4Lr38	250	999993	exact
4Tr21 14 4Tr14 3Lr26	3Ir15	250	999991	exact
4Tr21 14 4Tr14 3Lr27	4S7	250	999991	exact
4Tr21 14 4Tr14 3Lr28	4S8	250	999991	exact
4Tr21 14 4Tr14 3Lr36	3Ir15	250	999991	exact
4Tr21 14 4Tr14 3Lr37	4Ss7	250	999991	exact
4Tr21 14 4Tr14 3Lr38	4Ss8	250	999991	exact
4Tr21 14 4Tr14 4Lr26	3Ir15	250	999993	exact
4Tr21 14 4Tr14 4Lr27	4Ssr17	250	999993	exact
4Tr21 14 4Tr14 4Lr36	4Lsr15	250	999991	exact
4Tr21 14 4Tr14 4Lr37	4Lr17	250	999993	exact
4Tr21 14 4Tr14 4Lr38	4Lr18	250	999993	exact
4Tr21 14 4Tr14 4Lsr16	4Lsr36	250	999993	exact
4Tr21 14 4Tr14 4Lsr17	4Lsr37	250	999991	exact
4Tr21 14 4Tr14 4Lsr18	4Lsr38	250	999993	exact
4Tr21 14 4Tr14 4Lsr26	4Sr16	250	999995	exact
4Tr21 14 4Tr14 4Lsr27	4Sr17	250	999995	exact
4Tr21 14 4Tr14 4S1	4Lr38	250	999991	exact
4Tr21 14 4Tr14 4S3	4Lr38	250	999991	exact
4Tr21 14 4Tr14 4S4	4Lsr16	250	999993	exact
4Tr21 14 4Tr14 4Ss2	4Lsr16	250	999991	exact
4Tr21 14 4Tr14 4T2	4Lr38	250	999991	exact
4Tr21 14 4Tr14 4Tr12	4Lsr16	250	999993	exact
4Tr21 14 4Tr14 4Tr26	4S6	250	999991	exact
4Tr21 14 4Tr14 4Tr27	4S7	250	999993	exact
4Tr21 14 4Tr14 4Tr31	4Lsr16	250	999991	exact
4Tr21 14 4Tr14 4Tr33	4Lsr16	250	999991	exact
4Tr21 14 4Tr14 4Tr34	4Lsr16	250	999993	exact
4Tr21 15	4S4	16	999991	exact
4Tr21 15 4S4 11	3Ir15	250	999991	exact
4Tr21 15 4S4 12	3Ir15	250	999991	exact
4Tr21 15 4S4 13	3Ir15	250	999991	exact
4Tr21 15 4S4 14	3Ir15	250	999991	exact
4Tr21 15 4S4 15	4Lr36	250	999991	exact
4Tr21 15 4S4 16	3Ir15	250	999991	exact
4Tr21 15 4S4 17	4Sr17	250	999995	exact
4Tr21 15 4S4 18	3Ir15	250	999993	exact
4Tr21 15 4S4 19	4Tr38	250	999991	exact
4Tr21 15 4S4 26	4Ls6	250	999995	exact
4Tr21 15 4S4 27	4L6	250	999995	exact
4Tr21 15 4S4 28	4Lr38	250	999991	exact
4Tr21 15 4S4 2r11	3Ir15	250	999991	exact
4Tr21 15 4S4 2r12	3Ir15	250	999991	exact
4Tr21 15 4S4 2r13	3Ir15	250	999991	exact
4Tr21 15 4S4 2r14	4Lsr16	250	999991	exact
4Tr21 15 4S4 2r15	4Lr36	250	999991	exact
4Tr21 15 4S4 2r16	4Lr16	250	999991	exact
4Tr21 15 4S4 2r17	3Ir15	250	999991	exact
4Tr21 15 4S4 2r18	4Lr18	250	999993	exact
4Tr21 15 4S4 2r19	3Ir15	250	999991	exact
4Tr21 15 4S4 3I6	4Lr26	250	999995	exact
4Tr21 15 4S4 3I7	4Lsr27	250	999995	exact
4Tr21 15 4S4 3Ir11	4Lr38	250	999991	exact
4Tr21 15 4S4 3Ir12	4Lr38	250	999993	exact
4Tr21 15 4S4 3Ir13	3Ir15	250	999991	exact
4Tr21 15 4S4 3Ir14	4Lr38	250	999991	exact
4Tr21 15 4S4 3Ir15	4Lr36	250	999993	exact
4Tr21 15 4S4 3Ir16	4Lsr15	250	999993	exact
4Tr21 15 4S4 3Ir17	17	250	999991	exact
4Tr21 15 4S4 3Ir18	2r18	250	999991	exact
4Tr21 15 4S4 3Ir19	2r19	250	999991	exact
4Tr21 15 4S4 3L1	3Ir15	250	999991	exact
4Tr21 15 4S4 3L3	3Ir15	250	999991	exact
4Tr21 15 4S4 3L4	4Lsr16	250	999991	exact
4Tr21 15 4S4 3Lr12	4Lr38	250	999991	exact
4Tr21 15 4S4 3Lr26	4S6	250	999991	exact
4Tr21 15 4S4 3Lr27	4Tr37	250	999991	exact
4Tr21 15 4S4 3Lr28	4Tr38	250	999991	exact
4Tr21 15 4S4 3Lr36	3Ir15	250	999991	exact
4Tr21 15 4S4 3Lr37	3Ir15	250	999991	exact
4Tr21 15 4S4 3Lr38	4Ss8	250	999991	exact
4Tr21 15 4S4 4Lr26	4Ssr16	250	999993	exact
4Tr21 15 4S4 4Lr27	4Ssr17	250	999995	exact
4Tr21 15 4S4 4Lr36	4Lr16	250	999993	exact
4Tr21 15 4S4 4Lr37	4Lr17	250	999993	exact
4Tr21 15 4S4 4Lr38	4Lr18	250	999993	exact
4Tr21 15 4S4 4Lsr16	4Lsr36	250	999993	exact
4Tr21 15 4S4 4Lsr17	4Lsr37	250	999993	exact
4Tr21 15 4S4 4Lsr18	4Lsr38	250	999993	exact
4Tr21 15 4S4 4Lsr26	4Sr16	250	999993	exact
4Tr21 15 4S4 4Lsr27	4Lsr36	250	999993	exact
4Tr21 15 4S4 4S1	4Lsr16	250	999993	exact
4Tr21 15 4S4 4S3	4Lr38	250	999993	exact
4Tr21 15 4S4 4S4	4Lr36	250	999993	exact
4Tr21 15 4S4 4Ss2	4Lr38	250	999993	exact
4Tr21 15 4S4 4T2	4Lr38	250	999993	exact
4Tr21 15 4S4 4Tr12	4Lr36	250	999993	exact
4Tr21 15 4S4 4Tr26	4S6	250	999991	exact
4Tr21 15 4S4 4Tr27	4S7	250	999993	exact
4Tr21 15 4S4 4Tr31	4Lr38	250	999993	exact
4Tr21 15 4S4 4Tr33	4Lr38	250	999991	exact
4Tr21 15 4S4 4Tr34	4Lr38	250	999993	exact
4Tr21 16	4Ssr14	18	999991	exact
4Tr21 16 4Ssr14 11	3I7	250	999997	exact
4Tr21 16 4Ssr14 12	3I7	250	999997	exact
4Tr21 16 4Ssr14 13	3I7	250	999997	exact
4Tr21 16 4Ssr14 14	3I7	250	999997	exact
4Tr21 16 4Ssr14 15	3I7	250	999997	exact
4Tr21 16 4Ssr14 16	3I7	250	999997	exact
4Tr21 16 4Ssr14 17	4Sr17	250	999997	exact
4Tr21 16 4Ssr14 18	4S7	250	999995	exact
4Tr21 16 4Ssr14 19	4Ssr17	250	999997	exact
4Tr21 16 4Ssr14 23	3I7	250	999997	exact
4Tr21 16 4Ssr14 25	4Lsr27	250	999997	exact
4Tr21 16 4Ssr14 27	4Lsr17	250	999995	exact
4Tr21 16 4Ssr14 28	4L7	250	999997	exact
4Tr21 16 4Ssr14 2r11	3I7	250	999997	exact
4Tr21 16 4Ssr14 2r12	3I7	250	999997	exact
4Tr21 16 4Ssr14 2r13	3I7	250	999997	exact
4Tr21 16 4Ssr14 2r14	3I7	250	999997	exact
4Tr21 16 4Ssr14 2r15	3I7	250	999997	exact
4Tr21 16 4Ssr14 2r16	4Lsr27	250	999997	exact
4Tr21 16 4Ssr14 2r17	4Lr17	250	999995	exact
4Tr21 16 4Ssr14 2r18	4Lr18	250	999995	exact
4Tr21 16 4Ssr14 2r19	4Lsr38	250	999995	exact
4Tr21 16 4Ssr14 3I7	3I7	250	999997	exact
4Tr21 16 4Ssr14 3Ir11	3I7	250	999997	exact
4Tr21 16 4Ssr14 3Ir12	3I7	250	999997	exact
4Tr21 16 4Ssr14 3Ir13	3I7	250	999997	exact
4Tr21 16 4Ssr14 3Ir14	3I7	250	999997	exact
4Tr21 16 4Ssr14 3Ir15	4Tr27	250	999997	exact
4Tr21 16 4Ssr14 3Ir16	4Lsr27	250	999997	exact
4Tr21 16 4Ssr14 3Ir17	4Tr36	250	999991	exact
4Tr21 16 4Ssr14 3Ir18	18	250	999993	exact
4Tr21 16 4Ssr14 3Ir19	3Ir19	250	999993	exact
4Tr21 16 4Ssr14 3L1	4Lr38	250	999995	exact
4Tr21 16 4Ssr14 3L4	3I7	250	999997	exact
4Tr21 16 4Ssr14 3Lr12	3I7	250	999997	exact
4Tr21 16 4Ssr14 3Lr23	3I7	250	999997	exact
4Tr21 16 4Ssr14 3Lr25	4Lsr27	250	999997	exact
4Tr21 16 4Ssr14 3Lr27	4S7	250	999995	exact
4Tr21 16 4Ssr14 3Lr28	4Tr38	250	999993	exact
4Tr21 16 4Ssr14 3Lr33	3I7	250	999997	exact
4Tr21 16 4Ssr14 3Lr35	4Lsr27	250	999997	exact
4Tr21 16 4Ssr14 3Lr37	4Ss7	250	999995	exact
4Tr21 16 4Ssr14 3Lr38	4Ss8	250	999995	exact
4Tr21 16 4Ssr14 4L4	4Lsr27	250	999997	exact
4Tr21 16 4Ssr14 4Lr16	4L5	250	999993	exact
4Tr21 16 4Ssr14 4Lr27	4Ssr17	250	999997	exact
4Tr21 16 4Ssr14 4Lr33	4Lsr27	250	999997	exact
4Tr21 16 4Ssr14 4Lr35	4Lsr27	250	999997	exact
4Tr21 16 4Ssr14 4Lr37	4S6	250	999991	exact
4Tr21 16 4Ssr14 4Lr38	4Lr18	250	999995	exact
4Tr21 16 4Ssr14 4Lsr13	4Lsr27	250	999997	exact
4Tr21 16 4Ssr14 4Lsr15	4Lsr27	250	999997	exact
4Tr21 16 4Ssr14 4Lsr17	4Lsr37	250	999995	exact
4Tr21 16 4Ssr14 4Lsr18	4Lsr38	250	999995	exact
4Tr21 16 4Ssr14 4Lsr27	4Sr17	250	999997	exact
4Tr21 16 4Ssr14 4S4	4Lr37	250	999995	exact
4Tr21 16 4Ssr14 4Sr12	4Lsr27	250	999997	exact
4Tr21 16 4Ssr14 4Ss2	4Lsr27	250	999997	exact
4Tr21 16 4Ssr14 4Ssr13	4Lr37	250	999995	exact
4Tr21 16 4Ssr14 4Tr12	4Lsr27	250	999997	exact
4Tr21 16 4Ssr14 4Tr27	4T6	250	999993	exact
4Tr21 16 4Ssr14 4Tr31	4Lr38	250	999995	exact
4Tr21 16 4Ssr14 4Tr34	4Lr37	250	999995	exact
4Tr21 17	4S6	17	999987	exact
4Tr21 17 4S6 11	3Ir17	250	999989	exact
4Tr21 17 4S6 12	3Ir17	250	999989	exact
4Tr21 17 4S6 13	3Ir17	250	999987	exact
4Tr21 17 4S6 14	4Ls3	250	999989	exact
4Tr21 17 4S6 15	3Ir17	250	999987	exact
4Tr21 17 4S6 16	3Ir17	250	999989	exact
4Tr21 17 4S6 17	4Lsr36	250	999987	exact
4Tr21 17 4S6 18	3Ir17	250	999989	exact
4Tr21 17 4S6 19	3Ir17	250	999987	exact
4Tr21 17 4S6 24	4Lsr14	250	999989	exact
4Tr21 17 4S6 28	3Ir17	250	999989	exact
4Tr21 17 4S6 2r11	3Ir17	250	999987	exact
4Tr21 17 4S6 2r12	3Ir17	250	999987	exact
4Tr21 17 4S6 2r13	4S2	250	999987	exact
4Tr21 17 4S6 2r14	4S3	250	999987	exact
4Tr21 17 4S6 2r15	3Ir17	250	999987	exact
4Tr21 17 4S6 2r16	4Ss6	250	999989	exact
4Tr21 17 4S6 2r17	4Sr13	250	999989	exact
4Tr21 17 4S6 2r18	3Ir17	250	999987	exact
4Tr21 17 4S6 2r19	3Ir17	250	999987	exact
4Tr21 17 4S6 3Ir11	4Lsr14	250	999987	exact
4Tr21 17 4S6 3Ir12	4Lsr14	250	999987	exact
4Tr21 17 4S6 3Ir13	4Lsr14	250	999987	exact
4Tr21 17 4S6 3Ir14	4Lsr33	250	999987	exact
4Tr21 17 4S6 3Ir15	4Tr15	250	999987	exact
4Tr21 17 4S6 3Ir16	4Lsr14	250	999993	exact
4Tr21 17 4S6 3Ir17	4Sr13	250	999993	exact
4Tr21 17 4S6 3Ir18	3Ir17	250	999987	exact
4Tr21 17 4S6 3Ir19	3Ir17	250	999987	exact
4Tr21 17 4S6 3L1	3Ir17	250	999987	exact
4Tr21 17 4S6 3L6	4Sr13	250	999987	exact
4Tr21 17 4S6 3Lr12	3Ir17	250	999987	exact
4Tr21 17 4S6 3Lr13	4Lsr13	250	999989	exact
4Tr21 17 4S6 3Lr24	3Ir17	250	999987	exact
4Tr21 17 4S6 3Lr28	3Ir17	250	999989	exact
4Tr21 17 4S6 3Lr34	4S3	250	999987	exact
4Tr21 17 4S6 3Lr38	3Ir17	250	999989	exact
4Tr21 17 4S6 4Lr34	4Lsr33	250	999987	exact
4Tr21 17 4S6 4Lr38	4Lr37	250	999993	exact
4Tr21 17 4S6 4Lsr14	4Ss5	250	999989	exact
4Tr21 17 4S6 4Lsr18	4Lsr38	250	999987	exact
4Tr21 17 4S6 4Lsr35	4Lr35	250	999989	exact
4Tr21 17 4S6 4S1	4Sr13	250	999991	exact
4Tr21 17 4S6 4S6	4Lsr14	250	999993	exact
4Tr21 17 4S6 4Sr13	4Ls3	250	999987	exact
4Tr21 17 4S6 4Ss2	3Ir17	250	999987	exact
4Tr21 17 4S6 4Ss3	4S2	250	999987	exact
4Tr21 17 4S6 4Tr12	3Ir17	250	999987	exact
4Tr21 17 4S6 4Tr13	4Ssr12	250	999987	exact
4Tr21 17 4S6 4Tr31	4Sr13	250	999991	exact
4Tr21 17 4S6 4Tr36	4Lsr14	250	999993	exact
4Tr21 18	4Ss8	18	999987	exact
4Tr21 18 4Ss8 12	4Lsr14	250	999987	exact
4Tr21 18 4Ss8 13	4Lr24	250	999993	exact
4Tr21 18 4Ss8 14	4Tr14	250	999993	exact
4Tr21 18 4Ss8 15	4S4	250	999993	exact
4Tr21 18 4Ss8 19	4Lsr14	250	999987	exact
4Tr21 18 4Ss8 2r14	4S3	250	999987	exact
4Tr21 18 4Ss8 2r17	4Tr18	250	999987	exact
4Tr21 18 4Ss8 2r18	4Lsr14	250	999989	exact
4Tr21 18 4Ss8 3I5	3Ir18	250	999987	exact
4Tr21 18 4Ss8 3Ir12	3Ir18	250	999987	exact
4Tr21 18 4Ss8 3Ir13	4Lsr14	250	999987	exact
4Tr21 18 4Ss8 3Ir14	4Lsr33	250	999987	exact
4Tr21 18 4Ss8 3Ir16	4Tr18	250	999987	exact
4Tr21 18 4Ss8 3Ir17	4Lr37	250	999987	exact
4Tr21 18 4Ss8 3Ir18	4Lsr14	250	999991	exact
4Tr21 18 4Ss8 3Ir19	4Lsr14	250	999987	exact
4Tr21 18 4Ss8 3L1	3Ir18	250	999987	exact
4Tr21 18 4Ss8 3Lr12	3Ir18	250	999987	exact
4Tr21 18 4Ss8 3Lr25	4Tr35	250	999987	exact
4Tr21 18 4Ss8 3Lr26	4Tr36	250	999987	exact
4Tr21 18 4Ss8 3Lr35	4Lsr34	250	999987	exact
4Tr21 18 4Ss8 4Lr24	4Ssr14	250	999995	exact
4Tr21 18 4Ss8 4Lr35	4Lr15	250	999989	exact
4Tr21 18 4Ss8 4Lsr15	3Ir18	250	999989	exact
4Tr21 18 4Ss8 4Lsr16	4Lr37	250	999989	exact
4Tr21 18 4Ss8 4Lsr24	4Sr14	250	999987	exact
4Tr21 18 4Ss8 4Lsr25	4Sr15	250	999991	exact
4Tr21 18 4Ss8 4Ss2	4Lsr14	250	999991	exact
4Tr21 18 4Ss8 4Tr13	4Ssr12	250	999989	exact
4Tr21 19	4Tr38	18	999986	exact
4Tr21 19 4Tr38 2r15	4Lsr34	250	999987	exact
4Tr21 19 4Tr38 2r16	4Lsr35	250	999987	exact
4Tr21 19 4Tr38 2r17	4Lsr36	250	999987	exact
4Tr21 19 4Tr38 2r19	4S1	250	999987	exact
4Tr21 19 4Tr38 3Lr26	4Ss8	250	999987	exact
4Tr21 24	4Lsr14	15	999991	exact
4Tr21 24 4Lsr14 11	4Lsr17	250	999991	exact
4Tr21 24 4Lsr14 12	4Lr38	250	999991	exact
4Tr21 24 4Lsr14 13	4Lsr17	250	999991	exact
4Tr21 24 4Lsr14 14	4Lr38	250	999991	exact
4Tr21 24 4Lsr14 15	4Lr38	250	999991	exact
4Tr21 24 4Lsr14 16	4Tr16	250	999991	exact
4Tr21 24 4Lsr14 17	4Ss7	250	999991	exact
4Tr21 24 4Lsr14 18	4S7	250	999991	exact
4Tr21 24 4Lsr14 19	4S8	250	999991	exact
4Tr21 24 4Lsr14 26	4Lsr16	250	999991	exact
4Tr21 24 4Lsr14 27	4Lsr17	250	999991	exact
4Tr21 24 4Lsr14 28	4Lr38	250	999991	exact
4Tr21 24 4Lsr14 2r11	4Lsr17	250	999991	exact
4Tr21 24 4Lsr14 2r12	4Lsr16	250	999991	exact
4Tr21 24 4Lsr14 2r13	4Lsr16	250	999991	exact
4Tr21 24 4Lsr14 2r14	4Lsr16	250	999991	exact
4Tr21 24 4Lsr14 2r15	4Lsr16	250	999991	exact
4Tr21 24 4Lsr14 2r16	4Lr15	250	999991	exact
4Tr21 24 4Lsr14 2r17	4Lr17	250	999991	exact
4Tr21 24 4Lsr14 2r18	4Lsr37	250	999991	exact
4Tr21 24 4Lsr14 2r19	4Lsr38	250	999991	exact
4Tr21 24 4Lsr14 3I6	4Lsr16	250	999991	exact
4Tr21 24 4Lsr14 3I7	4Lsr17	250	999991	exact
4Tr21 24 4Lsr14 3Ir11	2r18	250	999991	exact
4Tr21 24 4Lsr14 3Ir12	4Lsr16	250	999991	exact
4Tr21 24 4Lsr14 3Ir13	4Lsr16	250	999991	exact
4Tr21 24 4Lsr14 3Ir14	4Lsr16	250	999991	exact
4Tr21 24 4Lsr14 3Ir15	4Lsr16	250	999991	exact
4Tr21 24 4Lsr14 3Ir16	4Ss5	250	999991	exact
4Tr21 24 4Lsr14 3Ir17	3Ir17	250	999991	exact
4Tr21 24 4Lsr14 3Ir18	2r18	250	999991	exact
4Tr21 24 4Lsr14 3Ir19	2r19	250	999991	exact
4Tr21 24 4Lsr14 3L1	4Lsr17	250	999991	exact
4Tr21 24 4Lsr14 3L3	4Lsr16	250	999991	exact
4Tr21 24 4Lsr14 3Lr12	4Lsr16	250	999991	exact
4Tr21 24 4Lsr14 3Lr26	4S6	250	999991	exact
4Tr21 24 4Lsr14 3Lr27	4S7	250	999991	exact
4Tr21 24 4Lsr14 3Lr28	4S8	250	999991	exact
4Tr21 24 4Lsr14 3Lr36	4Tr16	250	999991	exact
4Tr21 24 4Lsr14 3Lr37	4Ss7	250	999991	exact
4Tr21 24 4Lsr14 3Lr38	4Lsr37	250	999991	exact
4Tr21 24 4Lsr14 4Lr26	3Ir15	250	999991	exact
4Tr21 24 4Lsr14 4Lr27	4S8	250	999991	exact
4Tr21 24 4Lsr14 4Lr36	3Ir15	250	999991	exact
4Tr21 24 4Lsr14 4Lr37	4Lr17	250	999991	exact
4Tr21 24 4Lsr14 4Lr38	3Ir18	250	999991	exact
4Tr21 24 4Lsr14 4Lsr16	3Ir17	250	999991	exact
4Tr21 24 4Lsr14 4Lsr17	4Lsr37	250	999991	exact
4Tr21 24 4Lsr14 4Lsr18	3Ir15	250	999991	exact
4Tr21 24 4Lsr14 4Lsr26	3Ir15	250	999991	exact
4Tr21 24 4Lsr14 4Lsr27	3Ir15	250	999991	exact
4Tr21 24 4Lsr14 4Lsr34	4Lsr16	250	999991	exact
4Tr21 24 4Lsr14 4S1	4Lsr16	250	999991	exact
4Tr21 24 4Lsr14 4S3	4Lsr16	250	999991	exact
4Tr21 24 4Lsr14 4Ss2	4Lsr16	250	999991	exact
4Tr21 24 4Lsr14 4T2	3Ir15	250	999991	exact
4Tr21 24 4Lsr14 4Tr12	4Lsr16	250	999991	exact
4Tr21 24 4Lsr14 4Tr26	4Ss7	250	999991	exact
4Tr21 24 4Lsr14 4Tr27	4S7	250	999991	exact
4Tr21 24 4Lsr14 4Tr31	4Lsr17	250	999991	exact
4Tr21 24 4Lsr14 4Tr33	3Ir15	250	999991	exact
4Tr21 25	4L4	17	999989	exact
4Tr21 25 4L4 11	4Lsr27	250	999997	exact
4Tr21 25 4L4 12	4Lsr27	250	999997	exact
4Tr21 25 4L4 13	4Lsr27	250	999997	exact
4Tr21 25 4L4 14	4Lsr27	250	999997	exact
4Tr21 25 4L4 15	4Lsr27	250	999997	exact
4Tr21 25 4L4 16	4Lsr27	250	999997	exact
4Tr21 25 4L4 17	3Ir16	250	999989	exact
4Tr21 25 4L4 18	4Ss8	250	999991	exact
4Tr21 25 4L4 19	4Ssr17	250	999997	exact
4Tr21 25 4L4 24	4Lsr27	250	999997	exact
4Tr21 25 4L4 25	4Lsr27	250	999997	exact
4Tr21 25 4L4 27	4Ls7	250	999997	exact
4Tr21 25 4L4 28	4Lr16	250	999989	exact
4Tr21 25 4L4 2r11	4Lr16	250	999989	exact
4Tr21 25 4L4 2r12	4S3	250	999989	exact
4Tr21 25 4L4 2r13	4Tr31	250	999989	exact
4Tr21 25 4L4 2r14	4Lr38	250	999989	exact
4Tr21 25 4L4 2r15	4Lsr27	250	999997	exact
4Tr21 25 4L4 2r16	4Lsr27	250	999997	exact
4Tr21 25 4L4 2r17	4Lsr16	250	999989	exact
4Tr21 25 4L4 2r18	4Lr18	250	999993	exact
4Tr21 25 4L4 2r19	4Lr16	250	999989	exact
4Tr21 25 4L4 3I4	4Lsr27	250	999997	exact
4Tr21 25 4L4 3I7	4Lsr27	250	999997	exact
4Tr21 25 4L4 3Ir11	4Lsr27	250	999997	exact
4Tr21 25 4L4 3Ir13	4Lsr27	250	999997	exact
4Tr21 25 4L4 3Ir14	4Lsr27	250	999997	exact
4Tr21 25 4L4 3Ir15	4Lsr27	250	999997	exact
4Tr21 25 4L4 3Ir16	4Lsr27	250	999997	exact
4Tr21 25 4L4 3Ir17	4S6	250	999989	exact
4Tr21 25 4L4 3Ir18	2r18	250	999989	exact
4Tr21 25 4L4 3Ir19	3Ir19	250	999989	exact
4Tr21 25 4L4 3L1	4Lsr27	250	999997	exact
4Tr21 25 4L4 3L3	4Lsr27	250	999997	exact
4Tr21 25 4L4 3Lr12	4Lsr27	250	999997	exact
4Tr21 25 4L4 3Lr24	4Lsr27	250	999997	exact
4Tr21 25 4L4 3Lr25	4Lsr27	250	999997	exact
4Tr21 25 4L4 3Lr27	4Ss6	250	999989	exact
4Tr21 25 4L4 3Lr28	4S8	250	999989	exact
4Tr21 25 4L4 3Lr34	4Lsr27	250	999997	exact
4Tr21 25 4L4 3Lr35	4Lsr27	250	999997	exact
4Tr21 25 4L4 3Lr37	4Lr36	250	999989	exact
4Tr21 25 4L4 3Lr38	4Tr18	250	999989	exact
4Tr21 25 4L4 4L3	4Lsr27	250	999997	exact
4Tr21 25 4L4 4Lr16	4L5	250	999989	exact
4Tr21 25 4L4 4Lr24	4Lsr27	250	999997	exact
4Tr21 25 4L4 4Lr27	4Ssr17	250	999997	exact
4Tr21 25 4L4 4Lr34	4Lsr27	250	999997	exact
4Tr21 25 4L4 4Lr35	4Lsr27	250	999997	exact
4Tr21 25 4L4 4Lr37	4S6	250	999989	exact
4Tr21 25 4L4 4Lr38	4Lr18	250	999989	exact
4Tr21 25 4L4 4Lsr14	4Lsr27	250	999997	exact
4Tr21 25 4L4 4Lsr17	4Lsr37	250	999995	exact
4Tr21 25 4L4 4Lsr18	4Lsr38	250	999989	exact
4Tr21 25 4L4 4Lsr24	4Lsr27	250	999997	exact
4Tr21 25 4L4 4Lsr27	4Sr17	250	999997	exact
4Tr21 25 4L4 4S1	4Lsr27	250	999997	exact
4Tr21 25 4L4 4S3	4Lsr27	250	999997	exact
4Tr21 25 4L4 4Ss2	4Lsr27	250	999997	exact
4Tr21 25 4L4 4T2	4Lsr27	250	999997	exact
4Tr21 25 4L4 4Tr12	4Lsr27	250	999997	exact
4Tr21 25 4L4 4Tr24	4Lsr27	250	999997	exact
4Tr21 25 4L4 4Tr27	4S7	250	999989	exact
4Tr21 25 4L4 4Tr31	4Lsr27	250	999997	exact
4Tr21 25 4L4 4Tr33	4Lsr27	250	999997	exact
4Tr21 26	3Lr26	19	999986	exact
4Tr21 27	4Tr36	19	999985	exact
4Tr21 28	4L7	16	999987	exact
4Tr21 28 4L7 11	4Lr24	250	999997	exact
4Tr21 28 4L7 12	4Lr24	250	999997	exact
4Tr21 28 4L7 13	4Lr24	250	999997	exact
4Tr21 28 4L7 14	4Sr14	250	999997	exact
4Tr21 28 4L7 15	4S4	250	999995	exact
4Tr21 28 4L7 16	4Ssr14	250	999997	exact
4Tr21 28 4L7 17	4Lr24	250	999997	exact
4Tr21 28 4L7 18	4Lr24	250	999997	exact
4Tr21 28 4L7 19	4Lr24	250	999997	exact
4Tr21 28 4L7 24	4Ls4	250	999997	exact
4Tr21 28 4L7 25	4L4	250	999997	exact
4Tr21 28 4L7 27	4Lr24	250	999997	exact
4Tr21 28 4L7 28	4Lr24	250	999997	exact
4Tr21 28 4L7 2r11	4Lr24	250	999997	exact
4Tr21 28 4L7 2r12	4Lr24	250	999997	exact
4Tr21 28 4L7 2r13	4Lr24	250	999997	exact
4Tr21 28 4L7 2r14	4S3	250	999989	exact
4Tr21 28 4L7 2r15	4Lr15	250	999989	exact
4Tr21 28 4L7 2r16	4Tr26	250	999989	exact
4Tr21 28 4L7 2r17	4Lr24	250	999997	exact
4Tr21 28 4L7 2r18	4Lr24	250	999997	exact
4Tr21 28 4L7 2r19	4Lr24	250	999997	exact
4Tr21 28 4L7 3I4	4Lr24	250	999997	exact
4Tr21 28 4L7 3I7	4Lr24	250	999997	exact
4Tr21 28 4L7 3Ir11	4Lr24	250	999997	exact
4Tr21 28 4L7 3Ir12	4Lr24	250	999997	exact
4Tr21 28 4L7 3Ir13	4Lr24	250	999997	exact
4Tr21 28 4L7 3Ir14	2r14	250	999987	exact
4Tr21 28 4L7 3Ir15	3Ir15	250	999991	exact
4Tr21 28 4L7 3Ir16	4Ss6	250	999987	exact
4Tr21 28 4L7 3Ir17	4Lr24	250	999997	exact
4Tr21 28 4L7 3Ir18	4Lr24	250	999997	exact
4Tr21 28 4L7 3Ir19	4Lr24	250	999997	exact
4Tr21 28 4L7 3L1	4Lr24	250	999997	exact
4Tr21 28 4L7 3Lr12	4Lr24	250	999997	exact
4Tr21 28 4L7 3Lr13	4Tr22	250	999989	exact
4Tr21 28 4L7 3Lr24	4S4	250	999989	exact
4Tr21 28 4L7 3Lr25	4S5	250	999989	exact
4Tr21 28 4L7 3Lr27	4Lr24	250	999997	exact
4Tr21 28 4L7 3Lr28	4Lr24	250	999997	exact
4Tr21 28 4L7 3Lr34	4S3	250	999987	exact
4Tr21 28 4L7 3Lr35	4Ss5	250	999989	exact
4Tr21 28 4L7 3Lr37	4Lr24	250	999997	exact
4Tr21 28 4L7 3Lr38	4Lr24	250	999997	exact
4Tr21 28 4L7 4Lr24	4Ssr14	250	999997	exact
4Tr21 28 4L7 4Lr27	4Lr24	250	999997	exact
4Tr21 28 4L7 4Lr34	4Lsr33	250	999987	exact
4Tr21 28 4L7 4Lr35	4Lr15	250	999987	exact
4Tr21 28 4L7 4Lr37	4Lr24	250	999997	exact
4Tr21 28 4L7 4Lr38	4Lsr24	250	999997	exact
4Tr21 28 4L7 4Lsr14	4Lsr34	250	999987	exact
4Tr21 28 4L7 4Lsr15	4Ss6	250	999987	exact
4Tr21 28 4L7 4Lsr17	4Lsr24	250	999997	exact
4Tr21 28 4L7 4Lsr18	4Lsr24	250	999997	exact
4Tr21 28 4L7 4Lsr24	4Sr14	250	999989	exact
4Tr21 28 4L7 4Lsr27	4Lsr24	250	999997	exact
4Tr21 28 4L7 4Lsr36	4Ls6	250	999987	exact
4Tr21 28 4L7 4S1	4Lr24	250	999997	exact
4Tr21 28 4L7 4Sr13	4Ls3	250	999991	exact
4Tr21 28 4L7 4Ss2	4Lr24	250	999997	exact
4Tr21 28 4L7 4Ss3	4S2	250	999987	exact
4Tr21 28 4L7 4Tr12	4Lr24	250	999997	exact
4Tr21 28 4L7 4Tr13	4Ssr12	250	999991	exact
4Tr21 28 4L7 4Tr24	4Ss5	250	999989	exact
4Tr21 28 4L7 4Tr27	4Lr24	250	999997	exact
4Tr21 28 4L7 4Tr31	4Lr24	250	999997	exact
4Tr21 2r11	4Lsr14	19	999987	exact
4Tr21 2r11 4Lsr14 14	3Ir15	250	999987	exact
4Tr21 2r11 4Lsr14 15	4Tr26	250	999987	exact
4Tr21 2r11 4Lsr14 17	4S6	250	999989	exact
4Tr21 2r11 4Lsr14 18	4Ssr16	250	999995	exact
4Tr21 2r11 4Lsr14 19	4Lsr16	250	999987	exact
4Tr21 2r11 4Lsr14 23	3Ir15	250	999987	exact
4Tr21 2r11 4Lsr14 27	3Ir15	250	999987	exact
4Tr21 2r11 4Lsr14 2r14	4Tr26	250	999987	exact
4Tr21 2r11 4Lsr14 2r15	4Tr26	250	999987	exact
4Tr21 2r11 4Lsr14 2r18	3Ir15	250	999987	exact
4Tr21 2r11 4Lsr14 2r19	3Ir15	250	999987	exact
4Tr21 2r11 4Lsr14 3I7	4Tr27	250	999995	exact
4Tr21 2r11 4Lsr14 3Ir12	3Ir15	250	999987	exact
4Tr21 2r11 4Lsr14 3Ir13	4Tr26	250	999991	exact
4Tr21 2r11 4Lsr14 3Ir19	3Ir15	250	999987	exact
4Tr21 2r11 4Lsr14 3Lr26	4S6	250	999987	exact
4Tr21 2r11 4Lsr14 3Lr27	4S7	250	999987	exact
4Tr21 2r11 4Lsr14 3Lr28	4S8	250	999987	exact
4Tr21 2r11 4Lsr14 3Lr38	3Ir15	250	999987	exact
4Tr21 2r11 4Lsr14 4Lr27	4Ssr17	250	999995	exact
4Tr21 2r11 4Lsr14 4Lr33	3Ir15	250	999987	exact
4Tr21 2r11 4Lsr14 4Lr36	3Ir15	250	999987	exact
4Tr21 2r11 4Lsr14 4Lr38	3Ir15	250	999987	exact
4Tr21 2r11 4Lsr14 4Lsr13	3Ir15	250	999987	exact
4Tr21 2r11 4Lsr14 4Lsr16	3Ir15	250	999987	exact
4Tr21 2r11 4Lsr14 4Lsr17	3Ir15	250	999987	exact
4Tr21 2r11 4Lsr14 4Lsr26	4Sr16	250	999993	exact
4Tr21 2r11 4Lsr14 4Sr12	3Ir15	250	999987	exact
4Tr21 2r11 4Lsr14 4Tr12	4Tr26	250	999987	exact
4Tr21 2r11 4Lsr14 4Tr27	4S7	250	999991	exact
4Tr21 2r12	4Lsr14	15	999991	exact
4Tr21 2r12 4Lsr14 11	4Tr26	250	999993	exact
4Tr21 2r12 4Lsr14 12	4Tr26	250	999991	exact
4Tr21 2r12 4Lsr14 13	4Lsr16	250	999991	exact
4Tr21 2r12 4Lsr14 14	4Tr26	250	999991	exact
4Tr21 2r12 4Lsr14 15	3Ir15	250	999991	exact
4Tr21 2r12 4Lsr14 16	3Ir15	250	999991	exact
4Tr21 2r12 4Lsr14 17	4Sr17	250	999995	exact
4Tr21 2r12 4Lsr14 18	3Ir15	250	999991	exact
4Tr21 2r12 4Lsr14 19	3Ir15	250	999991	exact
4Tr21 2r12 4Lsr14 23	3Ir15	250	999991	exact
4Tr21 2r12 4Lsr14 26	3Ir15	250	999991	exact
4Tr21 2r12 4Lsr14 27	3Ir15	250	999991	exact
4Tr21 2r12 4Lsr14 28	3Ir15	250	999991	exact
4Tr21 2r12 4Lsr14 2r11	4Tr26	250	999991	exact
4Tr21 2r12 4Lsr14 2r12	3Ir15	250	999991	exact
4Tr21 2r12 4Lsr14 2r13	3Ir15	250	999991	exact
4Tr21 2r12 4Lsr14 2r14	3Ir15	250	999991	exact
4Tr21 2r12 4Lsr14 2r15	4Lr38	250	999993	exact
4Tr21 2r12 4Lsr14 2r16	4Lr16	250	999991	exact
4Tr21 2r12 4Lsr14 2r17	3Ir15	250	999991	exact
4Tr21 2r12 4Lsr14 2r18	4Lr18	250	999991	exact
4Tr21 2r12 4Lsr14 2r19	4Lsr38	250	999991	exact
4Tr21 2r12 4Lsr14 3I6	4Tr26	250	999995	exact
4Tr21 2r12 4Lsr14 3I7	4Tr27	250	999995	exact
4Tr21 2r12 4Lsr14 3Ir11	3Ir15	250	999991	exact
4Tr21 2r12 4Lsr14 3Ir12	4Lr38	250	999991	exact
4Tr21 2r12 4Lsr14 3Ir13	3Ir15	250	999991	exact
4Tr21 2r12 4Lsr14 3Ir14	4Lsr16	250	999991	exact
4Tr21 2r12 4Lsr14 3Ir15	4Lsr16	250	999991	exact
4Tr21 2r12 4Lsr14 3Ir16	3Ir16	250	999993	exact
4Tr21 2r12 4Lsr14 3Ir17	2r17	250	999991	exact
4Tr21 2r12 4Lsr14 3Ir18	18	250	999991	exact
4Tr21 2r12 4Lsr14 3Ir19	2r19	250	999991	exact
4Tr21 2r12 4Lsr14 3Lr23	4Lr38	250	999991	exact
4Tr21 2r12 4Lsr14 3Lr26	3Ir15	250	999991	exact
4Tr21 2r12 4Lsr14 3Lr27	3Ir15	250	999991	exact
4Tr21 2r12 4Lsr14 3Lr28	3Ir15	250	999991	exact
4Tr21 2r12 4Lsr14 3Lr33	3Ir15	250	999991	exact
4Tr21 2r12 4Lsr14 3Lr36	4Ss6	250	999991	exact
4Tr21 2r12 4Lsr14 3Lr37	4Ss7	250	999991	exact
4Tr21 2r12 4Lsr14 3Lr38	4Ss8	250	999991	exact
4Tr21 2r12 4Lsr14 4Lr26	4Ssr16	250	999995	exact
4Tr21 2r12 4Lsr14 4Lr27	3Ir15	250	999993	exact
4Tr21 2r12 4Lsr14 4Lr33	4Tr27	250	999991	exact
4Tr21 2r12 4Lsr14 4Lr36	4Lr16	250	999993	exact
4Tr21 2r12 4Lsr14 4Lr37	4Lr17	250	999993	exact
4Tr21 2r12 4Lsr14 4Lr38	4Lr18	250	999993	exact
4Tr21 2r12 4Lsr14 4Lsr13	4Ss4	250	999991	exact
4Tr21 2r12 4Lsr14 4Lsr16	4Lsr36	250	999993	exact
4Tr21 2r12 4Lsr14 4Lsr17	4Lsr37	250	999991	exact
4Tr21 2r12 4Lsr14 4Lsr18	4Lsr38	250	999991	exact
4Tr21 2r12 4Lsr14 4Lsr26	4Sr16	250	999995	exact
4Tr21 2r12 4Lsr14 4Lsr27	4Sr17	250	999995	exact
4Tr21 2r12 4Lsr14 4Lsr34	4Lsr16	250	999991	exact
4Tr21 2r12 4Lsr14 4Tr26	4S6	250	999991	exact
4Tr21 2r12 4Lsr14 4Tr27	4Tr37	250	999993	exact
4Tr21 2r13	4Lsr14	17	999989	exact
4Tr21 2r13 4Lsr14 11	3Ir15	250	999989	exact
4Tr21 2r13 4Lsr14 12	4Tr26	250	999989	exact
4Tr21 2r13 4Lsr14 13	3Ir15	250	999989	exact
4Tr21 2r13 4Lsr14 14	4Tr26	250	999989	exact
4Tr21 2r13 4Lsr14 15	4Lsr16	250	999989	exact
4Tr21 2r13 4Lsr14 16	3Ir15	250	999989	exact
4Tr21 2r13 4Lsr14 17	4Sr17	250	999995	exact
4Tr21 2r13 4Lsr14 18	4Ssr16	250	999995	exact
4Tr21 2r13 4Lsr14 19	3Ir15	250	999989	exact
4Tr21 2r13 4Lsr14 26	3Ir15	250	999989	exact
4Tr21 2r13 4Lsr14 27	3Ir15	250	999989	exact
4Tr21 2r13 4Lsr14 28	3Ir15	250	999989	exact
4Tr21 2r13 4Lsr14 2r11	3Ir15	250	999989	exact
4Tr21 2r13 4Lsr14 2r12	3Ir15	250	999989	exact
4Tr21 2r13 4Lsr14 2r13	3Ir15	250	999989	exact
4Tr21 2r13 4Lsr14 2r14	3Ir15	250	999989	exact
4Tr21 2r13 4Lsr14 2r15	4Lsr16	250	999989	exact
4Tr21 2r13 4Lsr14 2r16	4Ss5	250	999989	exact
4Tr21 2r13 4Lsr14 2r17	3Ir15	250	999989	exact
4Tr21 2r13 4Lsr14 2r18	4S2	250	999989	exact
4Tr21 2r13 4Lsr14 2r19	3Ir15	250	999989	exact
4Tr21 2r13 4Lsr14 3I6	4Tr26	250	999995	exact
4Tr21 2r13 4Lsr14 3I7	4Lsr27	250	999995	exact
4Tr21 2r13 4Lsr14 3Ir11	3Ir15	250	999989	exact
4Tr21 2r13 4Lsr14 3Ir12	4Tr26	250	999993	exact
4Tr21 2r13 4Lsr14 3Ir13	4Tr26	250	999991	exact
4Tr21 2r13 4Lsr14 3Ir14	4Lsr16	250	999989	exact
4Tr21 2r13 4Lsr14 3Ir15	4Tr26	250	999989	exact
4Tr21 2r13 4Lsr14 3Ir16	3Ir16	250	999989	exact
4Tr21 2r13 4Lsr14 3Ir17	3Ir17	250	999989	exact
4Tr21 2r13 4Lsr14 3Ir18	3Ir18	250	999989	exact
4Tr21 2r13 4Lsr14 3Ir19	19	250	999991	exact
4Tr21 2r13 4Lsr14 3L1	4Tr26	250	999991	exact
4Tr21 2r13 4Lsr14 3L2	4Tr26	250	999993	exact
4Tr21 2r13 4Lsr14 3Lr26	4S6	250	999989	exact
4Tr21 2r13 4Lsr14 3Lr27	3Ir15	250	999989	exact
4Tr21 2r13 4Lsr14 3Lr28	3Ir15	250	999989	exact
4Tr21 2r13 4Lsr14 3Lr36	3Ir15	250	999989	exact
4Tr21 2r13 4Lsr14 3Lr37	3Ir15	250	999989	exact
4Tr21 2r13 4Lsr14 3Lr38	3Ir15	250	999989	exact
4Tr21 2r13 4Lsr14 4Lr13	3Ir15	250	999989	exact
4Tr21 2r13 4Lsr14 4Lr26	4Ssr16	250	999995	exact
4Tr21 2r13 4Lsr14 4Lr27	4Ssr17	250	999995	exact
4Tr21 2r13 4Lsr14 4Lr36	3Ir15	250	999989	exact
4Tr21 2r13 4Lsr14 4Lr37	3Ir15	250	999989	exact
4Tr21 2r13 4Lsr14 4Lr38	3Ir15	250	999989	exact
4Tr21 2r13 4Lsr14 4Lsr16	3Ir15	250	999989	exact
4Tr21 2r13 4Lsr14 4Lsr17	3Ir15	250	999989	exact
4Tr21 2r13 4Lsr14 4Lsr18	4Lsr38	250	999991	exact
4Tr21 2r13 4Lsr14 4Lsr26	4Sr16	250	999993	exact
4Tr21 2r13 4Lsr14 4Lsr27	3Ir15	250	999993	exact
4Tr21 2r13 4Lsr14 4Lsr34	4Lsr16	250	999993	exact
4Tr21 2r13 4Lsr14 4S1	4Tr26	250	999991	exact
4Tr21 2r13 4Lsr14 4S2	4Tr26	250	999989	exact
4Tr21 2r13 4Lsr14 4Tr26	3Ir15	250	999989	exact
4Tr21 2r13 4Lsr14 4Tr27	3Ir15	250	999989	exact
4Tr21 2r13 4Lsr14 4Tr31	4Lr27	250	999989	exact
4Tr21 2r13 4Lsr14 4Tr32	3Ir15	250	999989	exact
4Tr21 2r14	4T2	18	999989	exact
4Tr21 2r14 4T2 12	4Lr38	250	999989	exact
4Tr21 2r14 4T2 13	4Lr38	250	999989	exact
4Tr21 2r14 4T2 14	4Lr38	250	999989	exact
4Tr21 2r14 4T2 15	4Lr14	250	999989	exact
4Tr21 2r14 4T2 16	4Lsr12	250	999989	exact
4Tr21 2r14 4T2 18	4Ss8	250	999989	exact
4Tr21 2r14 4T2 19	4S8	250	999989	exact
4Tr21 2r14 4T2 22	4Lr38	250	999989	exact
4Tr21 2r14 4T2 25	4Lr35	250	999989	exact
4Tr21 2r14 4T2 26	4Lsr16	250	999989	exact
4Tr21 2r14 4T2 27	4Lr37	250	999989	exact
4Tr21 2r14 4T2 28	4Lr38	250	999989	exact
4Tr21 2r14 4T2 2r11	4Lr38	250	999989	exact
4Tr21 2r14 4T2 2r13	4Lr38	250	999989	exact
4Tr21 2r14 4T2 2r14	4Lr38	250	999989	exact
4Tr21 2r14 4T2 2r15	4Lr15	250	999989	exact
4Tr21 2r14 4T2 2r16	4Lr16	250	999989	exact
4Tr21 2r14 4T2 2r18	4Lr18	250	999989	exact
4Tr21 2r14 4T2 2r19	4Lsr38	250	999989	exact
4Tr21 2r14 4T2 3I5	4Lr33	250	999989	exact
4Tr21 2r14 4T2 3I6	4Lsr16	250	999989	exact
4Tr21 2r14 4T2 3I7	4Lr38	250	999989	exact
4Tr21 2r14 4T2 3Ir11	4Lr33	250	999989	exact
4Tr21 2r14 4T2 3Ir12	4Lr38	250	999989	exact
4Tr21 2r14 4T2 3Ir13	2r18	250	999989	exact
4Tr21 2r14 4T2 3Ir14	4Lr38	250	999989	exact
4Tr21 2r14 4T2 3Ir15	4Lsr12	250	999989	exact
4Tr21 2r14 4T2 3Ir16	3Ir16	250	999989	exact
4Tr21 2r14 4T2 3Ir17	3Ir17	250	999989	exact
4Tr21 2r14 4T2 3Ir18	2r18	250	999989	exact
4Tr21 2r14 4T2 3Ir19	2r19	250	999989	exact
4Tr21 2r14 4T2 3Lr22	4Lr38	250	999989	exact
4Tr21 2r14 4T2 3Lr23	4Lr38	250	999989	exact
4Tr21 2r14 4T2 3Lr25	4Lr33	250	999989	exact
4Tr21 2r14 4T2 3Lr26	4Lr33	250	999989	exact
4Tr21 2r14 4T2 3Lr28	4S8	250	999989	exact
4Tr21 2r14 4T2 3Lr32	4Lsr16	250	999989	exact
4Tr21 2r14 4T2 3Lr33	4Lsr16	250	999989	exact
4Tr21 2r14 4T2 3Lr35	4Lr33	250	999989	exact
4Tr21 2r14 4T2 3Lr36	4Lsr12	250	999989	exact
4Tr21 2r14 4T2 3Lr37	4Ss7	250	999989	exact
4Tr21 2r14 4T2 3Lr38	4Lsr12	250	999989	exact
4Tr21 2r14 4T2 4Lr22	4Lr38	250	999989	exact
4Tr21 2r14 4T2 4Lr25	4Lr33	250	999989	exact
4Tr21 2r14 4T2 4Lr26	4Lsr12	250	999989	exact
4Tr21 2r14 4T2 4Lr27	4Lr33	250	999989	exact
4Tr21 2r14 4T2 4Lr32	4Lr38	250	999989	exact
4Tr21 2r14 4T2 4Lr33	4Lr38	250	999989	exact
4Tr21 2r14 4T2 4Lr36	4Lsr12	250	999989	exact
4Tr21 2r14 4T2 4Lr37	4Lsr12	250	999989	exact
4Tr21 2r14 4T2 4Lr38	4Lr18	250	999989	exact
4Tr21 2r14 4T2 4Lsr12	4Lr38	250	999989	exact
4Tr21 2r14 4T2 4Lsr13	4Lr38	250	999989	exact
4Tr21 2r14 4T2 4Lsr15	4Lsr35	250	999989	exact
4Tr21 2r14 4T2 4Lsr18	4Lsr38	250	999989	exact
4Tr21 2r14 4T2 4Lsr22	4Lr38	250	999989	exact
4Tr21 2r14 4T2 4Lsr25	4Lsr12	250	999989	exact
4Tr21 2r14 4T2 4Lsr26	4Lr33	250	999989	exact
4Tr21 2r14 4T2 4Lsr27	4Lsr12	250	999989	exact
4Tr21 2r14 4T2 4Lsr31	4Lr38	250	999989	exact
4Tr21 2r14 4T2 4Tr25	4Ss6	250	999989	exact
4Tr21 2r14 4T2 4Tr26	4S6	250	999989	exact
4Tr21 2r14 4T2 4Tr27	4Lsr12	250	999989	exact
4Tr21 2r15	4Lsr34	18	999989	exact
4Tr21 2r15 4Lsr34 11	3Ir15	250	999989	exact
4Tr21 2r15 4Lsr34 12	3Ir15	250	999989	exact
4Tr21 2r15 4Lsr34 13	3Ir15	250	999989	exact
4Tr21 2r15 4Lsr34 14	3Ir15	250	999989	exact
4Tr21 2r15 4Lsr34 15	4S4	250	999989	exact
4Tr21 2r15 4Lsr34 16	3Ir15	250	999989	exact
4Tr21 2r15 4Lsr34 17	4Sr17	250	999995	exact
4Tr21 2r15 4Lsr34 18	4Ss8	250	999991	exact
4Tr21 2r15 4Lsr34 19	3Ir15	250	999989	exact
4Tr21 2r15 4Lsr34 24	4Lr38	250	999991	exact
4Tr21 2r15 4Lsr34 26	3Ir15	250	999989	exact
4Tr21 2r15 4Lsr34 27	3Ir15	250	999989	exact
4Tr21 2r15 4Lsr34 28	3Ir15	250	999989	exact
4Tr21 2r15 4Lsr34 2r11	3Ir15	250	999989	exact
4Tr21 2r15 4Lsr34 2r12	3Ir15	250	999989	exact
4Tr21 2r15 4Lsr34 2r13	3Ir15	250	999989	exact
4Tr21 2r15 4Lsr34 2r14	4Lr38	250	999989	exact
4Tr21 2r15 4Lsr34 2r15	4Lr27	250	999989	exact
4Tr21 2r15 4Lsr34 2r16	3Ir15	250	999989	exact
4Tr21 2r15 4Lsr34 2r17	3Ir15	250	999989	exact
4Tr21 2r15 4Lsr34 2r18	3Ir15	250	999989	exact
4Tr21 2r15 4Lsr34 2r19	4Lsr38	250	999989	exact
4Tr21 2r15 4Lsr34 3I6	4Tr26	250	999995	exact
4Tr21 2r15 4Lsr34 3I7	4Tr27	250	999995	exact
4Tr21 2r15 4Lsr34 3Ir11	4Lsr17	250	999989	exact
4Tr21 2r15 4Lsr34 3Ir12	4Tr27	250	999989	exact
4Tr21 2r15 4Lsr34 3Ir13	3Ir15	250	999989	exact
4Tr21 2r15 4Lsr34 3Ir14	4Lsr17	250	999989	exact
4Tr21 2r15 4Lsr34 3Ir15	4Tr27	250	999991	exact
4Tr21 2r15 4Lsr34 3Ir16	3Ir16	250	999989	exact
4Tr21 2r15 4Lsr34 3Ir17	3Ir17	250	999989	exact
4Tr21 2r15 4Lsr34 3Ir18	2r18	250	999989	exact
4Tr21 2r15 4Lsr34 3Ir19	3Ir14	250	999989	exact
4Tr21 2r15 4Lsr34 3L1	4Lsr27	250	999989	exact
4Tr21 2r15 4Lsr34 3Lr12	3Ir15	250	999989	exact
4Tr21 2r15 4Lsr34 3Lr24	4Tr27	250	999989	exact
4Tr21 2r15 4Lsr34 3Lr26	3Ir15	250	999989	exact
4Tr21 2r15 4Lsr34 3Lr27	4Tr37	250	999989	exact
4Tr21 2r15 4Lsr34 3Lr28	4Tr38	250	999991	exact
4Tr21 2r15 4Lsr34 3Lr34	4Tr27	250	999989	exact
4Tr21 2r15 4Lsr34 3Lr36	3Ir15	250	999989	exact
4Tr21 2r15 4Lsr34 3Lr37	3Ir15	250	999989	exact
4Tr21 2r15 4Lsr34 3Lr38	4Tr18	250	999989	exact
4Tr21 2r15 4Lsr34 4Lr26	3Ir15	250	999993	exact
4Tr21 2r15 4Lsr34 4Lr27	3Ir15	250	999993	exact
4Tr21 2r15 4Lsr34 4Lr34	4Lr36	250	999989	exact
4Tr21 2r15 4Lsr34 4Lr36	3Ir15	250	999989	exact
4Tr21 2r15 4Lsr34 4Lr37	3Ir14	250	999991	exact
4Tr21 2r15 4Lsr34 4Lr38	3Ir14	250	999991	exact
4Tr21 2r15 4Lsr34 4Lsr14	4Tr27	250	999991	exact
4Tr21 2r15 4Lsr34 4Lsr16	4Lsr36	250	999989	exact
4Tr21 2r15 4Lsr34 4Lsr17	3Ir14	250	999991	exact
4Tr21 2r15 4Lsr34 4Lsr18	3Ir15	250	999991	exact
4Tr21 2r15 4Lsr34 4Lsr26	4Sr16	250	999995	exact
4Tr21 2r15 4Lsr34 4Lsr27	3Ir15	250	999991	exact
4Tr21 2r15 4Lsr34 4Lsr33	3Ir15	250	999989	exact
4Tr21 2r15 4Lsr34 4S1	3Ir15	250	999991	exact
4Tr21 2r15 4Lsr34 4Ss2	4Tr27	250	999989	exact
4Tr21 2r15 4Lsr34 4Tr12	4Lsr17	250	999989	exact
4Tr21 2r15 4Lsr34 4Tr26	3Ir15	250	999989	exact
4Tr21 2r15 4Lsr34 4Tr27	3Ir15	250	999991	exact
4Tr21 2r15 4Lsr34 4Tr31	3Ir15	250	999991	exact
4Tr21 2r16	4Lr16	16	999987	exact
4Tr21 2r16 4Lr16 11	3Ir16	250	999987	exact
4Tr21 2r16 4Lr16 12	3Ir17	250	999989	exact
4Tr21 2r16 4Lr16 13	3Lr24	250	999989	exact
4Tr21 2r16 4Lr16 14	4Ss4	250	999991	exact
4Tr21 2r16 4Lr16 15	3Ir16	250	999989	exact
4Tr21 2r16 4Lr16 16	4Lsr14	250	999989	exact
4Tr21 2r16 4Lr16 17	3Lr24	250	999989	exact
4Tr21 2r16 4Lr16 18	3Ir17	250	999989	exact
4Tr21 2r16 4Lr16 19	4Tr38	250	999987	exact
4Tr21 2r16 4Lr16 24	3Ir17	250	999991	exact
4Tr21 2r16 4Lr16 26	3Lr24	250	999989	exact
4Tr21 2r16 4Lr16 28	3Lr24	250	999989	exact
4Tr21 2r16 4Lr16 2r11	3Lr24	250	999987	exact
4Tr21 2r16 4Lr16 2r12	3Lr24	250	999987	exact
4Tr21 2r16 4Lr16 2r13	4Lr36	250	999989	exact
4Tr21 2r16 4Lr16 2r14	4S3	250	999987	exact
4Tr21 2r16 4Lr16 2r15	4S5	250	999988	exact
4Tr21 2r16 4Lr16 2r16	3Ir17	250	999987	exact
4Tr21 2r16 4Lr16 2r17	4Lsr36	250	999987	exact
4Tr21 2r16 4Lr16 2r18	4Ss7	250	999987	exact
4Tr21 2r16 4Lr16 2r19	3Ir16	250	999987	exact
4Tr21 2r16 4Lr16 3Ir11	3Lr24	250	999987	exact
4Tr21 2r16 4Lr16 3Ir12	4Tr13	250	999987	exact
4Tr21 2r16 4Lr16 3Ir13	3Lr24	250	999989	exact
4Tr21 2r16 4Lr16 3Ir14	4Lsr33	250	999987	exact
4Tr21 2r16 4Lr16 3Ir15	3Ir15	250	999987	exact
4Tr21 2r16 4Lr16 3Ir16	3Lr24	250	999987	exact
4Tr21 2r16 4Lr16 3Ir17	4Ss3	250	999987	exact
4Tr21 2r16 4Lr16 3Ir18	4Lr37	250	999987	exact
4Tr21 2r16 4Lr16 3Ir19	2r19	250	999987	exact
4Tr21 2r16 4Lr16 3L1	3Ir16	250	999989	exact
4Tr21 2r16 4Lr16 3Lr12	3Ir16	250	999989	exact
4Tr21 2r16 4Lr16 3Lr13	4Tr22	250	999989	exact
4Tr21 2r16 4Lr16 3Lr24	4S4	250	999989	exact
4Tr21 2r16 4Lr16 3Lr26	3Lr24	250	999989	exact
4Tr21 2r16 4Lr16 3Lr28	4Tr38	250	999987	exact
4Tr21 2r16 4Lr16 3Lr34	4S3	250	999989	exact
4Tr21 2r16 4Lr16 3Lr36	3Lr24	250	999989	exact
4Tr21 2r16 4Lr16 3Lr38	3Ir17	250	999989	exact
4Tr21 2r16 4Lr16 4Lr34	4Lsr33	250	999987	exact
4Tr21 2r16 4Lr16 4Lr36	4Lsr14	250	999987	exact
4Tr21 2r16 4Lr16 4Lr38	4Lr36	250	999987	exact
4Tr21 2r16 4Lr16 4Lsr14	4Lsr34	250	999987	exact
4Tr21 2r16 4Lr16 4Lsr16	3Ir17	250	999987	exact
4Tr21 2r16 4Lr16 4Lsr18	3Ir19	250	999989	exact
4Tr21 2r16 4Lr16 4S1	3Ir16	250	999987	exact
4Tr21 2r16 4Lr16 4Sr13	3Ir16	250	999989	exact
4Tr21 2r16 4Lr16 4Ss2	4Lsr14	250	999987	exact
4Tr21 2r16 4Lr16 4Ss3	4S2	250	999987	exact
4Tr21 2r16 4Lr16 4Tr12	3Lr24	250	999987	exact
4Tr21 2r16 4Lr16 4Tr13	4S3	250	999987	exact
4Tr21 2r16 4Lr16 4Tr31	4Ss3	250	999987	exact
4Tr21 2r17	4Lr17	18	999987	exact
4Tr21 2r17 4Lr17 11	4Lr24	250	999995	exact
4Tr21 2r17 4Lr17 12	4Lr24	250	999995	exact
4Tr21 2r17 4Lr17 14	3Ir17	250	999987	exact
4Tr21 2r17 4Lr17 17	4Lr24	250	999995	exact
4Tr21 2r17 4Lr17 18	4Lr24	250	999995	exact
4Tr21 2r17 4Lr17 25	4L4	250	999995	exact
4Tr21 2r17 4Lr17 27	4Lr24	250	999995	exact
4Tr21 2r17 4Lr17 2r11	3Ir18	250	999987	exact
4Tr21 2r17 4Lr17 2r12	4Lr24	250	999995	exact
4Tr21 2r17 4Lr17 2r15	3Ir18	250	999987	exact
4Tr21 2r17 4Lr17 2r17	4Lr24	250	999993	exact
4Tr21 2r17 4Lr17 2r18	4Lr24	250	999995	exact
4Tr21 2r17 4Lr17 3I4	4Lr24	250	999995	exact
4Tr21 2r17 4Lr17 3Ir11	3Ir17	250	999987	exact
4Tr21 2r17 4Lr17 3Ir12	4Lr24	250	999993	exact
4Tr21 2r17 4Lr17 3Ir13	4Lr24	250	999995	exact
4Tr21 2r17 4Lr17 3Ir14	3Ir17	250	999987	exact
4Tr21 2r17 4Lr17 3Ir17	4Lr24	250	999995	exact
4Tr21 2r17 4Lr17 3Ir18	4Lr24	250	999995	exact
4Tr21 2r17 4Lr17 3Ir19	3Ir19	250	999993	exact
4Tr21 2r17 4Lr17 3L1	4Lr24	250	999995	exact
4Tr21 2r17 4Lr17 3Lr12	4Lr24	250	999995	exact
4Tr21 2r17 4Lr17 3Lr13	4Lr37	250	999987	exact
4Tr21 2r17 4Lr17 3Lr24	3Ir17	250	999987	exact
4Tr21 2r17 4Lr17 3Lr34	3Ir17	250	999987	exact
4Tr21 2r17 4Lr17 3Lr35	4Lsr34	250	999989	exact
4Tr21 2r17 4Lr17 3Lr37	4Lr24	250	999995	exact
4Tr21 2r17 4Lr17 4Lr34	3Ir17	250	999987	exact
4Tr21 2r17 4Lr17 4Lr37	4Lr24	250	999995	exact
4Tr21 2r17 4Lr17 4Lsr14	4Lsr34	250	999993	exact
4Tr21 2r17 4Lr17 4Lsr15	3Ir17	250	999987	exact
4Tr21 2r17 4Lr17 4Lsr17	4Lr24	250	999995	exact
4Tr21 2r17 4Lr17 4S1	4Lr24	250	999995	exact
4Tr21 2r17 4Lr17 4Ss2	4Lr24	250	999995	exact
4Tr21 2r17 4Lr17 4Ss3	4Lr37	250	999987	exact
4Tr21 2r17 4Lr17 4Tr12	4Lr24	250	999995	exact
4Tr21 2r17 4Lr17 4Tr31	4Lr24	250	999995	exact
4Tr21 2r18	4Lr18	19	999987	exact
4Tr21 2r19	4Lsr38	17	999987	exact
4Tr21 2r19 4Lsr38 11	3Ir19	250	999987	exact
4Tr21 2r19 4Lsr38 12	4Lsr14	250	999987	exact
4Tr21 2r19 4Lsr38 13	4Lsr14	250	999989	exact
4Tr21 2r19 4Lsr38 14	3Ir19	250	999987	exact
4Tr21 2r19 4Lsr38 15	3Ir19	250	999987	exact
4Tr21 2r19 4Lsr38 16	4Ssr14	250	999995	exact
4Tr21 2r19 4Lsr38 17	3Ir18	250	999987	exact
4Tr21 2r19 4Lsr38 18	4Lsr24	250	999987	exact
4Tr21 2r19 4Lsr38 19	4Lsr14	250	999989	exact
4Tr21 2r19 4Lsr38 24	3Ir19	250	999989	exact
4Tr21 2r19 4Lsr38 25	4L4	250	999993	exact
4Tr21 2r19 4Lsr38 26	3Ir18	250	999987	exact
4Tr21 2r19 4Lsr38 28	4Tr24	250	999989	exact
4Tr21 2r19 4Lsr38 2r11	3Ir19	250	999987	exact
4Tr21 2r19 4Lsr38 2r12	3Ir18	250	999989	exact
4Tr21 2r19 4Lsr38 2r14	4S3	250	999987	exact
4Tr21 2r19 4Lsr38 2r15	3Ir18	250	999989	exact
4Tr21 2r19 4Lsr38 2r16	3Ir19	250	999987	exact
4Tr21 2r19 4Lsr38 2r17	4Tr37	250	999989	exact
4Tr21 2r19 4Lsr38 2r18	4Tr24	250	999987	exact
4Tr21 2r19 4Lsr38 2r19	4Ss3	250	999987	exact
4Tr21 2r19 4Lsr38 3I4	3Ir19	250	999993	exact
4Tr21 2r19 4Lsr38 3I5	4Lsr25	250	999989	exact
4Tr21 2r19 4Lsr38 3Ir11	4Lsr14	250	999987	exact
4Tr21 2r19 4Lsr38 3Ir12	4Lsr14	250	999987	exact
4Tr21 2r19 4Lsr38 3Ir13	4Lsr14	250	999987	exact
4Tr21 2r19 4Lsr38 3Ir14	4Lsr33	250	999989	exact
4Tr21 2r19 4Lsr38 3Ir15	2r15	250	999987	exact
4Tr21 2r19 4Lsr38 3Ir16	3Ir16	250	999989	exact
4Tr21 2r19 4Lsr38 3Ir17	3Ir17	250	999987	exact
4Tr21 2r19 4Lsr38 3Ir18	3Ir18	250	999993	exact
4Tr21 2r19 4Lsr38 3Ir19	4Tr24	250	999991	exact
4Tr21 2r19 4Lsr38 3L1	3Ir19	250	999989	exact
4Tr21 2r19 4Lsr38 3Lr12	4Lsr14	250	999989	exact
4Tr21 2r19 4Lsr38 3Lr13	4Lsr13	250	999987	exact
4Tr21 2r19 4Lsr38 3Lr24	4S4	250	999993	exact
4Tr21 2r19 4Lsr38 3Lr25	4S5	250	999989	exact
4Tr21 2r19 4Lsr38 3Lr26	4Tr36	250	999987	exact
4Tr21 2r19 4Lsr38 3Lr28	4Tr24	250	999989	exact
4Tr21 2r19 4Lsr38 3Lr34	4S3	250	999987	exact
4Tr21 2r19 4Lsr38 3Lr35	4Ss5	250	999989	exact
4Tr21 2r19 4Lsr38 3Lr36	4Ss6	250	999987	exact
4Tr21 2r19 4Lsr38 3Lr38	4Tr24	250	999989	exact
4Tr21 2r19 4Lsr38 4Lr25	4Ssr15	250	999987	exact
4Tr21 2r19 4Lsr38 4Lr34	4Lsr33	250	999987	exact
4Tr21 2r19 4Lsr38 4Lr35	4Lr15	250	999987	exact
4Tr21 2r19 4Lsr38 4Lr36	3Ir16	250	999987	exact
4Tr21 2r19 4Lsr38 4Lr38	4Tr24	250	999987	exact
4Tr21 2r19 4Lsr38 4Lsr14	3Ir18	250	999987	exact
4Tr21 2r19 4Lsr38 4Lsr15	4Lsr35	250	999987	exact
4Tr21 2r19 4Lsr38 4Lsr16	4Lr37	250	999989	exact
4Tr21 2r19 4Lsr38 4Lsr18	4Lr36	250	999987	exact
4Tr21 2r19 4Lsr38 4Lsr24	3Ir18	250	999987	exact
4Tr21 2r19 4Lsr38 4Lsr25	3Ir18	250	999987	exact
4Tr21 2r19 4Lsr38 4S1	4Lsr14	250	999991	exact
4Tr21 2r19 4Lsr38 4Sr13	3Ir18	250	999987	exact
4Tr21 2r19 4Lsr38 4Ss2	4Tr24	250	999989	exact
4Tr21 2r19 4Lsr38 4Ss3	4S2	250	999987	exact
4Tr21 2r19 4Lsr38 4Tr12	4Lr38	250	999989	exact
4Tr21 2r19 4Lsr38 4Tr13	4S3	250	999987	exact
4Tr21 2r19 4Lsr38 4Tr24	4S4	250	999987	exact
4Tr21 2r19 4Lsr38 4Tr25	4S5	250	999989	exact
4Tr21 2r19 4Lsr38 4Tr31	4Tr24	250	999987	exact
4Tr21 3I4	4Lr24	15	999993	exact
4Tr21 3I4 4Lr24 11	4Tr27	250	999997	exact
4Tr21 3I4 4Lr24 12	4Tr27	250	999997	exact
4Tr21 3I4 4Lr24 13	4Tr27	250	999997	exact
4Tr21 3I4 4Lr24 14	4Tr27	250	999997	exact
4Tr21 3I4 4Lr24 15	4Tr27	250	999997	exact
4Tr21 3I4 4Lr24 16	4Tr27	250	999997	exact
4Tr21 3I4 4Lr24 17	4Sr17	250	999997	exact
4Tr21 3I4 4Lr24 18	4S7	250	999995	exact
4Tr21 3I4 4Lr24 19	4Ssr17	250	999997	exact
4Tr21 3I4 4Lr24 24	4Tr27	250	999997	exact
4Tr21 3I4 4Lr24 27	4Ls7	250	999997	exact
4Tr21 3I4 4Lr24 28	4L7	250	999997	exact
4Tr21 3I4 4Lr24 2r11	4Tr27	250	999997	exact
4Tr21 3I4 4Lr24 2r12	4Tr27	250	999997	exact
4Tr21 3I4 4Lr24 2r13	4Tr27	250	999997	exact
4Tr21 3I4 4Lr24 2r14	4Tr27	250	999997	exact
4Tr21 3I4 4Lr24 2r15	4Tr27	250	999997	exact
4Tr21 3I4 4Lr24 2r16	4Tr27	250	999997	exact
4Tr21 3I4 4Lr24 2r17	4Lr17	250	999995	exact
4Tr21 3I4 4Lr24 2r18	4Lsr37	250	999995	exact
4Tr21 3I4 4Lr24 2r19	4Lsr38	250	999995	exact
4Tr21 3I4 4Lr24 3I7	4Tr27	250	999997	exact
4Tr21 3I4 4Lr24 3Ir11	4Tr27	250	999997	exact
4Tr21 3I4 4Lr24 3Ir12	4Tr27	250	999997	exact
4Tr21 3I4 4Lr24 3Ir13	4Tr27	250	999997	exact
4Tr21 3I4 4Lr24 3Ir14	4Tr27	250	999997	exact
4Tr21 3I4 4Lr24 3Ir15	4Tr27	250	999997	exact
4Tr21 3I4 4Lr24 3Ir16	4Tr27	250	999997	exact
4Tr21 3I4 4Lr24 3Ir17	3Ir16	250	999993	exact
4Tr21 3I4 4Lr24 3Ir18	2r18	250	999993	exact
4Tr21 3I4 4Lr24 3Ir19	3Ir19	250	999995	exact
4Tr21 3I4 4Lr24 3L1	4Tr27	250	999997	exact
4Tr21 3I4 4Lr24 3L3	4Tr27	250	999997	exact
4Tr21 3I4 4Lr24 3L5	4Tr27	250	999997	exact
4Tr21 3I4 4Lr24 3Lr12	4Tr27	250	999997	exact
4Tr21 3I4 4Lr24 3Lr24	4Tr27	250	999997	exact
4Tr21 3I4 4Lr24 3Lr27	4S7	250	999995	exact
4Tr21 3I4 4Lr24 3Lr28	4Tr38	250	999995	exact
4Tr21 3I4 4Lr24 3Lr34	4Tr27	250	999997	exact
4Tr21 3I4 4Lr24 3Lr37	4Tr17	250	999995	exact
4Tr21 3I4 4Lr24 3Lr38	4Ss8	250	999995	exact
4Tr21 3I4 4Lr24 4L3	4Tr27	250	999997	exact
4Tr21 3I4 4Lr24 4Lr27	4Ssr17	250	999997	exact
4Tr21 3I4 4Lr24 4Lr34	4Lr27	250	999997	exact
4Tr21 3I4 4Lr24 4Lr37	4Lr36	250	999995	exact
4Tr21 3I4 4Lr24 4Lr38	4Lr18	250	999995	exact
4Tr21 3I4 4Lr24 4Lsr14	4Tr27	250	999997	exact
4Tr21 3I4 4Lr24 4Lsr17	4Lsr37	250	999995	exact
4Tr21 3I4 4Lr24 4Lsr18	4Lsr38	250	999995	exact
4Tr21 3I4 4Lr24 4Lsr27	4Sr17	250	999997	exact
4Tr21 3I4 4Lr24 4S1	4Lr27	250	999997	exact
4Tr21 3I4 4Lr24 4S3	4Lr27	250	999997	exact
4Tr21 3I4 4Lr24 4S5	4Tr27	250	999997	exact
4Tr21 3I4 4Lr24 4Ss2	4Lr27	250	999997	exact
4Tr21 3I4 4Lr24 4Ssr14	4Tr27	250	999997	exact
4Tr21 3I4 4Lr24 4T2	4Lr27	250	999997	exact
4Tr21 3I4 4Lr24 4Tr12	4Lr27	250	999997	exact
4Tr21 3I4 4Lr24 4Tr27	4S7	250	999995	exact
4Tr21 3I4 4Lr24 4Tr31	4Tr27	250	999997	exact
4Tr21 3I4 4Lr24 4Tr33	4Tr27	250	999997	exact
4Tr21 3I4 4Lr24 4Tr35	4Tr27	250	999997	exact
4Tr21 3I5	4Tr34	18	999987	exact
4Tr21 3I5 4Tr34 11	4Lsr16	250	999989	exact
4Tr21 3I5 4Tr34 12	4Ls6	250	999995	exact
4Tr21 3I5 4Tr34 13	4Lsr16	250	999991	exact
4Tr21 3I5 4Tr34 14	4Lsr16	250	999987	exact
4Tr21 3I5 4Tr34 15	4Lsr16	250	999987	exact
4Tr21 3I5 4Tr34 16	4Ls5	250	999989	exact
4Tr21 3I5 4Tr34 17	3Ir14	250	999987	exact
4Tr21 3I5 4Tr34 18	4Lr26	250	999993	exact
4Tr21 3I5 4Tr34 19	4Lsr16	250	999987	exact
4Tr21 3I5 4Tr34 26	4Lsr16	250	999993	exact
4Tr21 3I5 4Tr34 28	4Lsr16	250	999987	exact
4Tr21 3I5 4Tr34 2r11	4Lsr16	250	999987	exact
4Tr21 3I5 4Tr34 2r12	4Lsr16	250	999987	exact
4Tr21 3I5 4Tr34 2r13	4Lsr16	250	999989	exact
4Tr21 3I5 4Tr34 2r14	4Lsr16	250	999987	exact
4Tr21 3I5 4Tr34 2r15	4S4	250	999987	exact
4Tr21 3I5 4Tr34 2r16	3Ir14	250	999987	exact
4Tr21 3I5 4Tr34 2r17	4Lsr36	250	999987	exact
4Tr21 3I5 4Tr34 2r18	4Ssr16	250	999995	exact
4Tr21 3I5 4Tr34 2r19	3Ir14	250	999987	exact
4Tr21 3I5 4Tr34 3Ir11	4Lsr16	250	999993	exact
4Tr21 3I5 4Tr34 3Ir12	4Lsr16	250	999993	exact
4Tr21 3I5 4Tr34 3Ir13	4Lsr16	250	999989	exact
4Tr21 3I5 4Tr34 3Ir14	4Lsr16	250	999993	exact
4Tr21 3I5 4Tr34 3Ir15	4Lsr16	250	999993	exact
4Tr21 3I5 4Tr34 3Ir16	4Lsr35	250	999987	exact
4Tr21 3I5 4Tr34 3Ir17	3Ir17	250	999987	exact
4Tr21 3I5 4Tr34 3Ir18	4Ss5	250	999987	exact
4Tr21 3I5 4Tr34 3Ir19	4Lsr16	250	999987	exact
4Tr21 3I5 4Tr34 3L1	4Lsr16	250	999987	exact
4Tr21 3I5 4Tr34 3Lr12	3Ir14	250	999989	exact
4Tr21 3I5 4Tr34 3Lr14	4Lsr16	250	999993	exact
4Tr21 3I5 4Tr34 3Lr15	4Lsr14	250	999987	exact
4Tr21 3I5 4Tr34 3Lr17	4L6	250	999993	exact
4Tr21 3I5 4Tr34 3Lr26	4S6	250	999987	exact
4Tr21 3I5 4Tr34 3Lr28	4Lsr16	250	999987	exact
4Tr21 3I5 4Tr34 3Lr36	4S5	250	999987	exact
4Tr21 3I5 4Tr34 3Lr38	4Ss8	250	999989	exact
4Tr21 3I5 4Tr34 4Lr36	4Lsr35	250	999987	exact
4Tr21 3I5 4Tr34 4Lr38	3Ir14	250	999991	exact
4Tr21 3I5 4Tr34 4Ls6	4Lr26	250	999993	exact
4Tr21 3I5 4Tr34 4Lsr16	4Lsr36	250	999987	exact
4Tr21 3I5 4Tr34 4Lsr18	4Lsr38	250	999989	exact
4Tr21 3I5 4Tr34 4Lsr33	4Ls6	250	999995	exact
4Tr21 3I5 4Tr34 4S1	4Ls6	250	999995	exact
4Tr21 3I5 4Tr34 4Sr15	4Lr35	250	999993	exact
4Tr21 3I5 4Tr34 4Sr17	4L6	250	999995	exact
4Tr21 3I5 4Tr34 4Ss2	4Ls6	250	999995	exact
4Tr21 3I5 4Tr34 4Ss4	4Ls6	250	999995	exact
4Tr21 3I5 4Tr34 4Ss5	4S4	250	999987	exact
4Tr21 3I5 4Tr34 4Ss7	4Ss7	250	999987	exact
4Tr21 3I5 4Tr34 4Tr12	4Ls6	250	999995	exact
4Tr21 3I5 4Tr34 4Tr14	4Lsr16	250	999991	exact
4Tr21 3I5 4Tr34 4Tr15	4Ssr14	250	999987	exact
4Tr21 3I5 4Tr34 4Tr17	4S7	250	999991	exact
4Tr21 3I5 4Tr34 4Tr31	4Ls6	250	999995	exact
4Tr21 3I6	4Lr26	18	999987	exact
4Tr21 3I6 4Lr26 3Ir15	4Ss5	250	999987	exact
4Tr21 3I6 4Lr26 3Ir18	4S1	250	999987	exact
4Tr21 3I6 4Lr26 3Ir19	3Lr38	250	999987	exact
4Tr21 3I7	4Tr36	15	999987	exact
4Tr21 3I7 4Tr36 11	4Lr38	250	999989	exact
4Tr21 3I7 4Tr36 12	3Ir16	250	999987	exact
4Tr21 3I7 4Tr36 13	24	250	999989	exact
4Tr21 3I7 4Tr36 14	4Ls3	250	999989	exact
4Tr21 3I7 4Tr36 15	4S4	250	999989	exact
4Tr21 3I7 4Tr36 16	4Lr16	250	999987	exact
4Tr21 3I7 4Tr36 17	4Lsr16	250	999989	exact
4Tr21 3I7 4Tr36 18	4Ls7	250	999989	exact
4Tr21 3I7 4Tr36 19	4Lsr14	250	999987	exact
4Tr21 3I7 4Tr36 24	4Lr34	250	999989	exact
4Tr21 3I7 4Tr36 28	4Lr27	250	999987	exact
4Tr21 3I7 4Tr36 2r11	3Ir16	250	999987	exact
4Tr21 3I7 4Tr36 2r12	4Lsr14	250	999987	exact
4Tr21 3I7 4Tr36 2r13	3Ir16	250	999987	exact
4Tr21 3I7 4Tr36 2r14	4S3	250	999989	exact
4Tr21 3I7 4Tr36 2r15	3Ir16	250	999989	exact
4Tr21 3I7 4Tr36 2r16	4Lsr14	250	999989	exact
4Tr21 3I7 4Tr36 2r17	4Lr34	250	999989	exact
4Tr21 3I7 4Tr36 2r18	4S7	250	999987	exact
4Tr21 3I7 4Tr36 2r19	4Lsr38	250	999987	exact
4Tr21 3I7 4Tr36 3Ir11	3Ir16	250	999989	exact
4Tr21 3I7 4Tr36 3Ir12	4Lr34	250	999989	exact
4Tr21 3I7 4Tr36 3Ir13	3Lr34	250	999989	exact
4Tr21 3I7 4Tr36 3Ir14	4Lsr33	250	999987	exact
4Tr21 3I7 4Tr36 3Ir15	4Lr35	250	999987	exact
4Tr21 3I7 4Tr36 3Ir16	4Lsr18	250	999989	exact
4Tr21 3I7 4Tr36 3Ir17	4Lr38	250	999989	exact
4Tr21 3I7 4Tr36 3Ir18	4Lsr37	250	999989	exact
4Tr21 3I7 4Tr36 3Ir19	3Ir16	250	999987	exact
4Tr21 3I7 4Tr36 3L1	4Lsr14	250	999989	exact
4Tr21 3I7 4Tr36 3Lr12	4Lsr14	250	999989	exact
4Tr21 3I7 4Tr36 3Lr13	3Ir16	250	999989	exact
4Tr21 3I7 4Tr36 3Lr16	4Lr38	250	999987	exact
4Tr21 3I7 4Tr36 3Lr17	4Lsr16	250	999989	exact
4Tr21 3I7 4Tr36 3Lr24	3Ir16	250	999989	exact
4Tr21 3I7 4Tr36 3Lr28	4Ssr17	250	999987	exact
4Tr21 3I7 4Tr36 3Lr34	4S3	250	999987	exact
4Tr21 3I7 4Tr36 3Lr38	4S7	250	999987	exact
4Tr21 3I7 4Tr36 4Lr34	4Lsr33	250	999987	exact
4Tr21 3I7 4Tr36 4Lr38	4Lsr37	250	999987	exact
4Tr21 3I7 4Tr36 4Lsr14	4Lsr15	250	999987	exact
4Tr21 3I7 4Tr36 4Lsr18	4Lsr38	250	999989	exact
4Tr21 3I7 4Tr36 4S1	4Lsr14	250	999989	exact
4Tr21 3I7 4Tr36 4Sr13	4Ls3	250	999987	exact
4Tr21 3I7 4Tr36 4Sr17	4Lsr16	250	999989	exact
4Tr21 3I7 4Tr36 4Ss2	4Lsr14	250	999991	exact
4Tr21 3I7 4Tr36 4Ss3	4S2	250	999987	exact
4Tr21 3I7 4Tr36 4Ss6	4Lr38	250	999987	exact
4Tr21 3I7 4Tr36 4Ss7	4S6	250	999989	exact
4Tr21 3I7 4Tr36 4Tr12	4Lsr14	250	999987	exact
4Tr21 3I7 4Tr36 4Tr13	4Ssr12	250	999987	exact
4Tr21 3I7 4Tr36 4Tr16	4Lsr18	250	999987	exact
4Tr21 3I7 4Tr36 4Tr17	4Ssr16	250	999987	exact
4Tr21 3I7 4Tr36 4Tr31	4Lsr14	250	999987	exact
4Tr21 3Ir11	4Tr24	13	999991	exact
4Tr21 3Ir11 4Tr24 11	4Lr27	250	999997	exact
4Tr21 3Ir11 4Tr24 12	4Lr27	250	999997	exact
4Tr21 3Ir11 4Tr24 13	4Lr27	250	999997	exact
4Tr21 3Ir11 4Tr24 14	4Lr27	250	999997	exact
4Tr21 3Ir11 4Tr24 15	4Lr27	250	999997	exact
4Tr21 3Ir11 4Tr24 16	4Lr27	250	999997	exact
4Tr21 3Ir11 4Tr24 17	4Sr17	250	999997	exact
4Tr21 3Ir11 4Tr24 18	4S7	250	999991	exact
4Tr21 3Ir11 4Tr24 19	4Ssr17	250	999997	exact
4Tr21 3Ir11 4Tr24 23	4Lr27	250	999997	exact
4Tr21 3Ir11 4Tr24 27	4Ls7	250	999997	exact
4Tr21 3Ir11 4Tr24 28	4L7	250	999997	exact
4Tr21 3Ir11 4Tr24 2r11	4Lr27	250	999997	exact
4Tr21 3Ir11 4Tr24 2r12	4Lr27	250	999997	exact
4Tr21 3Ir11 4Tr24 2r13	4Lr27	250	999997	exact
4Tr21 3Ir11 4Tr24 2r14	4Lr27	250	999997	exact
4Tr21 3Ir11 4Tr24 2r15	4Lr27	250	999997	exact
4Tr21 3Ir11 4Tr24 2r16	4Lr27	250	999997	exact
4Tr21 3Ir11 4Tr24 2r17	4S6	250	999991	exact
4Tr21 3Ir11 4Tr24 2r18	4Lr18	250	999991	exact
4Tr21 3Ir11 4Tr24 2r19	4Lsr38	250	999991	exact
4Tr21 3Ir11 4Tr24 3I7	4Lr27	250	999997	exact
4Tr21 3Ir11 4Tr24 3Ir11	4Lr27	250	999997	exact
4Tr21 3Ir11 4Tr24 3Ir12	4Lr27	250	999997	exact
4Tr21 3Ir11 4Tr24 3Ir13	4Lr27	250	999997	exact
4Tr21 3Ir11 4Tr24 3Ir14	4Lr27	250	999997	exact
4Tr21 3Ir11 4Tr24 3Ir15	4Lr27	250	999997	exact
4Tr21 3Ir11 4Tr24 3Ir16	4Lr27	250	999997	exact
4Tr21 3Ir11 4Tr24 3Ir17	4Lsr36	250	999991	exact
4Tr21 3Ir11 4Tr24 3Ir18	2r18	250	999991	exact
4Tr21 3Ir11 4Tr24 3Ir19	3Ir19	250	999991	exact
4Tr21 3Ir11 4Tr24 3L4	4Lr27	250	999997	exact
4Tr21 3Ir11 4Tr24 3Lr12	4Lr27	250	999997	exact
4Tr21 3Ir11 4Tr24 3Lr15	4Lr27	250	999997	exact
4Tr21 3Ir11 4Tr24 3Lr16	4Lsr16	250	999993	exact
4Tr21 3Ir11 4Tr24 3Lr23	4Lr27	250	999997	exact
4Tr21 3Ir11 4Tr24 3Lr27	4Ssr16	250	999991	exact
4Tr21 3Ir11 4Tr24 3Lr28	3L8	250	999991	exact
4Tr21 3Ir11 4Tr24 3Lr33	4Lr27	250	999997	exact
4Tr21 3Ir11 4Tr24 3Lr37	4S6	250	999991	exact
4Tr21 3Ir11 4Tr24 3Lr38	4Lsr37	250	999993	exact
4Tr21 3Ir11 4Tr24 4Lr11	4Lr27	250	999997	exact
4Tr21 3Ir11 4Tr24 4Lr27	4Ssr17	250	999997	exact
4Tr21 3Ir11 4Tr24 4Lr33	4Lr27	250	999997	exact
4Tr21 3Ir11 4Tr24 4Lr37	4Lsr36	250	999991	exact
4Tr21 3Ir11 4Tr24 4Lr38	4Lr18	250	999993	exact
4Tr21 3Ir11 4Tr24 4Lsr13	4Lr27	250	999997	exact
4Tr21 3Ir11 4Tr24 4Lsr17	4Lsr37	250	999995	exact
4Tr21 3Ir11 4Tr24 4Lsr18	4Lsr38	250	999993	exact
4Tr21 3Ir11 4Tr24 4Lsr27	4S6	250	999991	exact
4Tr21 3Ir11 4Tr24 4S4	4Lr27	250	999997	exact
4Tr21 3Ir11 4Tr24 4Sr12	4Lr27	250	999997	exact
4Tr21 3Ir11 4Tr24 4Sr16	4Ls6	250	999995	exact
4Tr21 3Ir11 4Tr24 4Ss2	4Lr27	250	999997	exact
4Tr21 3Ir11 4Tr24 4Ss5	4Lr27	250	999997	exact
4Tr21 3Ir11 4Tr24 4Ss6	4S5	250	999991	exact
4Tr21 3Ir11 4Tr24 4Ssr13	4Lr27	250	999997	exact
4Tr21 3Ir11 4Tr24 4Tr12	4Lr27	250	999997	exact
4Tr21 3Ir11 4Tr24 4Tr15	4Lr27	250	999997	exact
4Tr21 3Ir11 4Tr24 4Tr16	4S6	250	999991	exact
4Tr21 3Ir11 4Tr24 4Tr27	4S7	250	999995	exact
4Tr21 3Ir11 4Tr24 4Tr34	4Lr27	250	999997	exact
4Tr21 3Ir12	4Tr24	10	999991	exact
4Tr21 3Ir12 4Tr24 11	4Lsr17	250	999995	exact
4Tr21 3Ir12 4Tr24 12	4Lsr17	250	999995	exact
4Tr21 3Ir12 4Tr24 13	4Lsr17	250	999995	exact
4Tr21 3Ir12 4Tr24 14	4Lsr17	250	999995	exact
4Tr21 3Ir12 4Tr24 15	4Lsr17	250	999993	exact
4Tr21 3Ir12 4Tr24 16	4Lsr17	250	999993	exact
4Tr21 3Ir12 4Tr24 17	4Lsr16	250	999993	exact
4Tr21 3Ir12 4Tr24 18	4S7	250	999993	exact
4Tr21 3Ir12 4Tr24 19	4Ssr17	250	999997	exact
4Tr21 3Ir12 4Tr24 23	4Lsr17	250	999995	exact
4Tr21 3Ir12 4Tr24 27	4Lr37	250	999995	exact
4Tr21 3Ir12 4Tr24 28	4L7	250	999997	exact
4Tr21 3Ir12 4Tr24 2r11	4Lsr17	250	999995	exact
4Tr21 3Ir12 4Tr24 2r12	4Lsr17	250	999995	exact
4Tr21 3Ir12 4Tr24 2r13	4Lsr17	250	999995	exact
4Tr21 3Ir12 4Tr24 2r14	4Lsr17	250	999993	exact
4Tr21 3Ir12 4Tr24 2r15	4Lsr27	250	999997	exact
4Tr21 3Ir12 4Tr24 2r16	4Lsr27	250	999997	exact
4Tr21 3Ir12 4Tr24 2r17	4S6	250	999993	exact
4Tr21 3Ir12 4Tr24 2r18	4Lsr37	250	999993	exact
4Tr21 3Ir12 4Tr24 2r19	4Lsr38	250	999991	exact
4Tr21 3Ir12 4Tr24 3I7	3Ir17	250	999993	exact
4Tr21 3Ir12 4Tr24 3Ir11	4Lsr17	250	999993	exact
4Tr21 3Ir12 4Tr24 3Ir12	3Ir17	250	999993	exact
4Tr21 3Ir12 4Tr24 3Ir13	4Lsr27	250	999997	exact
4Tr21 3Ir12 4Tr24 3Ir14	3Ir17	250	999993	exact
4Tr21 3Ir12 4Tr24 3Ir15	3Ir17	250	999993	exact
4Tr21 3Ir12 4Tr24 3Ir16	3Ir17	250	999993	exact
4Tr21 3Ir12 4Tr24 3Ir17	4Lsr36	250	999993	exact
4Tr21 3Ir12 4Tr24 3Ir18	2r18	250	999991	exact
4Tr21 3Ir12 4Tr24 3Ir19	3Ir19	250	999991	exact
4Tr21 3Ir12 4Tr24 3L4	4Lr37	250	999995	exact
4Tr21 3Ir12 4Tr24 3Lr15	4Lsr17	250	999995	exact
4Tr21 3Ir12 4Tr24 3Lr16	4Lsr16	250	999991	exact
4Tr21 3Ir12 4Tr24 3Lr23	4Lsr27	250	999997	exact
4Tr21 3Ir12 4Tr24 3Lr27	4S7	250	999995	exact
4Tr21 3Ir12 4Tr24 3Lr28	4S8	250	999991	exact
4Tr21 3Ir12 4Tr24 3Lr33	4Lsr27	250	999997	exact
4Tr21 3Ir12 4Tr24 3Lr37	4S6	250	999991	exact
4Tr21 3Ir12 4Tr24 3Lr38	4Lsr37	250	999993	exact
4Tr21 3Ir12 4Tr24 4Lr27	4Ssr17	250	999997	exact
4Tr21 3Ir12 4Tr24 4Lr33	4Lr37	250	999993	exact
4Tr21 3Ir12 4Tr24 4Lr37	4Lsr36	250	999991	exact
4Tr21 3Ir12 4Tr24 4Lr38	4Lr18	250	999993	exact
4Tr21 3Ir12 4Tr24 4Lsr13	4Lr37	250	999993	exact
4Tr21 3Ir12 4Tr24 4Lsr17	4Lsr37	250	999993	exact
4Tr21 3Ir12 4Tr24 4Lsr18	4Lsr38	250	999993	exact
4Tr21 3Ir12 4Tr24 4Lsr27	4S6	250	999993	exact
4Tr21 3Ir12 4Tr24 4S4	4Lr37	250	999993	exact
4Tr21 3Ir12 4Tr24 4Sr16	4Ls6	250	999995	exact
4Tr21 3Ir12 4Tr24 4Ss5	4Lr37	250	999993	exact
4Tr21 3Ir12 4Tr24 4Ss6	4S5	250	999991	exact
4Tr21 3Ir12 4Tr24 4Ssr13	4Lr37	250	999993	exact
4Tr21 3Ir12 4Tr24 4Tr15	4Lr37	250	999991	exact
4Tr21 3Ir12 4Tr24 4Tr16	4Ssr15	250	999991	exact
4Tr21 3Ir12 4Tr24 4Tr27	4Ssr16	250	999995	exact
4Tr21 3Ir12 4Tr24 4Tr34	4Lr37	250	999993	exact
4Tr21 3Ir13	4Lsr14	11	999991	exact
4Tr21 3Ir13 4Lsr14 11	4Lr38	250	999993	exact
4Tr21 3Ir13 4Lsr14 12	4Lr38	250	999993	exact
4Tr21 3Ir13 4Lsr14 13	4Lr38	250	999993	exact
4Tr21 3Ir13 4Lsr14 14	4Lr38	250	999991	exact
4Tr21 3Ir13 4Lsr14 15	4Lr38	250	999993	exact
4Tr21 3Ir13 4Lsr14 16	4Ss6	250	999993	exact
4Tr21 3Ir13 4Lsr14 17	3Ir15	250	999991	exact
4Tr21 3Ir13 4Lsr14 18	3Ir15	250	999993	exact
4Tr21 3Ir13 4Lsr14 19	4Tr38	250	999993	exact
4Tr21 3Ir13 4Lsr14 26	4Lsr16	250	999993	exact
4Tr21 3Ir13 4Lsr14 27	3Ir15	250	999991	exact
4Tr21 3Ir13 4Lsr14 28	3Ir15	250	999991	exact
4Tr21 3Ir13 4Lsr14 2r11	3Ir15	250	999991	exact
4Tr21 3Ir13 4Lsr14 2r12	4Lr38	250	999993	exact
4Tr21 3Ir13 4Lsr14 2r13	4Lr38	250	999993	exact
4Tr21 3Ir13 4Lsr14 2r14	4Lr38	250	999993	exact
4Tr21 3Ir13 4Lsr14 2r15	4Lr38	250	999993	exact
4Tr21 3Ir13 4Lsr14 2r16	4Lr16	250	999991	exact
4Tr21 3Ir13 4Lsr14 2r17	4Lr17	250	999991	exact
4Tr21 3Ir13 4Lsr14 2r18	4Lr18	250	999993	exact
4Tr21 3Ir13 4Lsr14 2r19	4Lsr38	250	999993	exact
4Tr21 3Ir13 4Lsr14 3I6	3Ir15	250	999993	exact
4Tr21 3Ir13 4Lsr14 3I7	3Ir15	250	999993	exact
4Tr21 3Ir13 4Lsr14 3Ir11	3Ir17	250	999993	exact
4Tr21 3Ir13 4Lsr14 3Ir12	3Ir19	250	999993	exact
4Tr21 3Ir13 4Lsr14 3Ir13	3Ir19	250	999991	exact
4Tr21 3Ir13 4Lsr14 3Ir14	4Tr14	250	999991	exact
4Tr21 3Ir13 4Lsr14 3Ir15	4Tr27	250	999991	exact
4Tr21 3Ir13 4Lsr14 3Ir16	3Ir16	250	999993	exact
4Tr21 3Ir13 4Lsr14 3Ir17	3Ir17	250	999993	exact
4Tr21 3Ir13 4Lsr14 3Ir18	3Ir18	250	999993	exact
4Tr21 3Ir13 4Lsr14 3Ir19	3Ir19	250	999993	exact
4Tr21 3Ir13 4Lsr14 3L1	4Lsr16	250	999991	exact
4Tr21 3Ir13 4Lsr14 3Lr26	4S6	250	999993	exact
4Tr21 3Ir13 4Lsr14 3Lr27	4S7	250	999991	exact
4Tr21 3Ir13 4Lsr14 3Lr28	4Tr38	250	999993	exact
4Tr21 3Ir13 4Lsr14 3Lr36	4Ss6	250	999991	exact
4Tr21 3Ir13 4Lsr14 3Lr37	4Tr17	250	999991	exact
4Tr21 3Ir13 4Lsr14 3Lr38	4Ss8	250	999993	exact
4Tr21 3Ir13 4Lsr14 4Lr26	3Ir15	250	999993	exact
4Tr21 3Ir13 4Lsr14 4Lr27	3Ir15	250	999991	exact
4Tr21 3Ir13 4Lsr14 4Lr36	4Lsr15	250	999993	exact
4Tr21 3Ir13 4Lsr14 4Lr37	4Lr17	250	999991	exact
4Tr21 3Ir13 4Lsr14 4Lr38	4Lr18	250	999993	exact
4Tr21 3Ir13 4Lsr14 4Lsr16	4Lsr36	250	999993	exact
4Tr21 3Ir13 4Lsr14 4Lsr17	4Lsr37	250	999991	exact
4Tr21 3Ir13 4Lsr14 4Lsr18	3Ir15	250	999991	exact
4Tr21 3Ir13 4Lsr14 4Lsr26	3Ir15	250	999991	exact
4Tr21 3Ir13 4Lsr14 4Lsr27	3Ir15	250	999993	exact
4Tr21 3Ir13 4Lsr14 4Lsr32	3Ir15	250	999991	exact
4Tr21 3Ir13 4Lsr14 4Lsr34	4Lsr16	250	999991	exact
4Tr21 3Ir13 4Lsr14 4S1	4Lr38	250	999993	exact
4Tr21 3Ir13 4Lsr14 4Tr26	3Ir15	250	999991	exact
4Tr21 3Ir13 4Lsr14 4Tr27	4S7	250	999993	exact
4Tr21 3Ir13 4Lsr14 4Tr31	4Lr38	250	999993	exact
4Tr21 3Ir14	4Lsr33	19	999987	exact
4Tr21 3Ir14 4Lsr33 15	3Ir14	250	999987	exact
4Tr21 3Ir14 4Lsr33 2r11	4Tr27	250	999987	exact
4Tr21 3Ir14 4Lsr33 2r13	4Lr13	250	999987	exact
4Tr21 3Ir14 4Lsr33 3Ir13	4Tr27	250	999987	exact
4Tr21 3Ir14 4Lsr33 4Lsr26	3Ir14	250	999987	exact
4Tr21 3Ir15	3Ir15	20	11670
4Tr21 3Ir16	3Ir16	16	999986	exact
4Tr21 3Ir16 3Ir16 11	3Ir16	250	999995	exact
4Tr21 3Ir16 3Ir16 12	3Ir16	250	999995	exact
4Tr21 3Ir16 3Ir16 13	3Ir16	250	999995	exact
4Tr21 3Ir16 3Ir16 14	3Ir16	250	999995	exact
4Tr21 3Ir16 3Ir16 15	3Ir16	250	999995	exact
4Tr21 3Ir16 3Ir16 16	4Lsr14	250	999987	exact
4Tr21 3Ir16 3Ir16 17	3Ir16	250	999995	exact
4Tr21 3Ir16 3Ir16 18	4Lsr14	250	999993	exact
4Tr21 3Ir16 3Ir16 19	3Ir16	250	999995	exact
4Tr21 3Ir16 3Ir16 24	3Ir16	250	999995	exact
4Tr21 3Ir16 3Ir16 27	4Lsr14	250	999993	exact
4Tr21 3Ir16 3Ir16 28	4Lsr14	250	999991	exact
4Tr21 3Ir16 3Ir16 2r11	3Ir16	250	999995	exact
4Tr21 3Ir16 3Ir16 2r12	3Ir16	250	999995	exact
4Tr21 3Ir16 3Ir16 2r13	3Ir16	250	999995	exact
4Tr21 3Ir16 3Ir16 2r14	3Ir16	250	999995	exact
4Tr21 3Ir16 3Ir16 2r15	3Ir16	250	999995	exact
4Tr21 3Ir16 3Ir16 2r16	4Lsr14	250	999986	exact
4Tr21 3Ir16 3Ir16 2r17	3Ir16	250	999995	exact
4Tr21 3Ir16 3Ir16 2r18	3Ir16	250	999995	exact
4Tr21 3Ir16 3Ir16 2r19	3Ir16	250	999995	exact
4Tr21 3Ir16 3Ir16 3I7	4Lsr14	250	999993	exact
4Tr21 3Ir16 3Ir16 3Ir11	4Lsr14	250	999993	exact
4Tr21 3Ir16 3Ir16 3Ir12	3Ir16	250	999995	exact
4Tr21 3Ir16 3Ir16 3Ir13	4Lsr14	250	999989	exact
4Tr21 3Ir16 3Ir16 3Ir14	4Lr37	250	999987	exact
4Tr21 3Ir16 3Ir16 3Ir15	4Lr37	250	999987	exact
4Tr21 3Ir16 3Ir16 3Ir16	4Lsr14	250	999987	exact
4Tr21 3Ir16 3Ir16 3Ir17	4Lsr14	250	999989	exact
4Tr21 3Ir16 3Ir16 3Ir18	3Ir16	250	999987	exact
4Tr21 3Ir16 3Ir16 3Ir19	3Ir16	250	999995	exact
4Tr21 3Ir16 3Ir16 3L1	4Lsr14	250	999991	exact
4Tr21 3Ir16 3Ir16 3Lr12	4Lr37	250	999989	exact
4Tr21 3Ir16 3Ir16 3Lr13	3Ir16	250	999995	exact
4Tr21 3Ir16 3Ir16 3Lr24	4S4	250	999993	exact
4Tr21 3Ir16 3Ir16 3Lr27	4Lsr14	250	999993	exact
4Tr21 3Ir16 3Ir16 3Lr28	4Lsr14	250	999993	exact
4Tr21 3Ir16 3Ir16 3Lr34	3Ir16	250	999993	exact
4Tr21 3Ir16 3Ir16 3Lr37	4Lsr14	250	999993	exact
4Tr21 3Ir16 3Ir16 3Lr38	3Ir16	250	999995	exact
4Tr21 3Ir16 3Ir16 4Lr27	4Lsr14	250	999993	exact
4Tr21 3Ir16 3Ir16 4Lr34	3Ir16	250	999993	exact
4Tr21 3Ir16 3Ir16 4Lr37	4Lsr14	250	999987	exact
4Tr21 3Ir16 3Ir16 4Lr38	4Lsr14	250	999993	exact
4Tr21 3Ir16 3Ir16 4Lsr14	3Ir16	250	999995	exact
4Tr21 3Ir16 3Ir16 4Lsr17	4Lsr14	250	999993	exact
4Tr21 3Ir16 3Ir16 4Lsr18	3Ir16	250	999995	exact
4Tr21 3Ir16 3Ir16 4Lsr27	4Lsr14	250	999993	exact
4Tr21 3Ir16 3Ir16 4S1	3Ir16	250	999995	exact
4Tr21 3Ir16 3Ir16 4Sr13	3Ir16	250	999995	exact
4Tr21 3Ir16 3Ir16 4Ss2	3Ir16	250	999995	exact
4Tr21 3Ir16 3Ir16 4Ss3	3Ir16	250	999995	exact
4Tr21 3Ir16 3Ir16 4Tr12	3Ir16	250	999995	exact
4Tr21 3Ir16 3Ir16 4Tr13	4Lr37	250	999987	exact
4Tr21 3Ir16 3Ir16 4Tr27	4Lsr14	250	999991	exact
4Tr21 3Ir16 3Ir16 4Tr31	3Ir16	250	999995	exact
4Tr21 3Ir17	3Ir17	20	999986	exact
4Tr21 3Ir17 3Ir17 3Ir19	4Lsr15	250	999987	exact
4Tr21 3Ir18	4Lsr14	20	999982	exact
4Tr21 3Ir18 4Lsr14 3Ir18	3Ir15	250	999982	exact
4Tr21 3Ir18 4Lsr14 3L1	3Ir15	250	999982	exact
4Tr21 3Ir18 4Lsr14 4Lsr13	3Ir15	250	999982	exact
4Tr21 3Ir19	19	20	999982	exact
4Tr21 3L1	4Lsr14	13	999991	exact
4Tr21 3L1 4Lsr14 11	4Tr26	250	999993	exact
4Tr21 3L1 4Lsr14 12	4Tr26	250	999991	exact
4Tr21 3L1 4Lsr14 13	4Tr26	250	999991	exact
4Tr21 3L1 4Lsr14 14	4Tr26	250	999991	exact
4Tr21 3L1 4Lsr14 15	4Tr26	250	999991	exact
4Tr21 3L1 4Lsr14 16	3Ir15	250	999991	exact
4Tr21 3L1 4Lsr14 17	3Ir15	250	999991	exact
4Tr21 3L1 4Lsr14 18	3Ir15	250	999991	exact
4Tr21 3L1 4Lsr14 19	3Ir15	250	999991	exact
4Tr21 3L1 4Lsr14 21	4Tr26	250	999993	exact
4Tr21 3L1 4Lsr14 23	4Tr26	250	999991	exact
4Tr21 3L1 4Lsr14 26	4Lsr16	250	999991	exact
4Tr21 3L1 4Lsr14 27	4Lr37	250	999991	exact
4Tr21 3L1 4Lsr14 28	3Ir15	250	999991	exact
4Tr21 3L1 4Lsr14 2r11	4Tr26	250	999991	exact
4Tr21 3L1 4Lsr14 2r12	4Tr26	250	999991	exact
4Tr21 3L1 4Lsr14 2r13	4Tr26	250	999991	exact
4Tr21 3L1 4Lsr14 2r14	3Ir15	250	999991	exact
4Tr21 3L1 4Lsr14 2r15	4Tr26	250	999991	exact
4Tr21 3L1 4Lsr14 2r16	4Lr16	250	999991	exact
4Tr21 3L1 4Lsr14 2r17	4Lr17	250	999991	exact
4Tr21 3L1 4Lsr14 2r18	4Lr18	250	999991	exact
4Tr21 3L1 4Lsr14 2r19	4Lsr38	250	999991	exact
4Tr21 3L1 4Lsr14 3I6	3Ir15	250	999991	exact
4Tr21 3L1 4Lsr14 3I7	3Ir15	250	999993	exact
4Tr21 3L1 4Lsr14 3Ir11	4Tr26	250	999991	exact
4Tr21 3L1 4Lsr14 3Ir12	4Tr26	250	999991	exact
4Tr21 3L1 4Lsr14 3Ir13	4Tr26	250	999991	exact
4Tr21 3L1 4Lsr14 3Ir14	4Ss4	250	999991	exact
4Tr21 3L1 4Lsr14 3Ir15	4Tr26	250	999991	exact
4Tr21 3L1 4Lsr14 3Ir16	4Lr35	250	999991	exact
4Tr21 3L1 4Lsr14 3Ir17	2r17	250	999991	exact
4Tr21 3L1 4Lsr14 3Ir18	2r18	250	999991	exact
4Tr21 3L1 4Lsr14 3Ir19	2r19	250	999991	exact
4Tr21 3L1 4Lsr14 3Lr21	4Tr26	250	999993	exact
4Tr21 3L1 4Lsr14 3Lr23	4Lsr16	250	999991	exact
4Tr21 3L1 4Lsr14 3Lr26	3Ir15	250	999991	exact
4Tr21 3L1 4Lsr14 3Lr27	4S7	250	999993	exact
4Tr21 3L1 4Lsr14 3Lr28	4S8	250	999991	exact
4Tr21 3L1 4Lsr14 3Lr31	4Tr26	250	999993	exact
4Tr21 3L1 4Lsr14 3Lr33	4Lsr16	250	999991	exact
4Tr21 3L1 4Lsr14 3Lr36	3Ir15	250	999991	exact
4Tr21 3L1 4Lsr14 3Lr37	3Ir15	250	999991	exact
4Tr21 3L1 4Lsr14 3Lr38	4Ss8	250	999991	exact
4Tr21 3L1 4Lsr14 4Lr12	3Ir15	250	999991	exact
4Tr21 3L1 4Lsr14 4Lr26	4Ssr16	250	999991	exact
4Tr21 3L1 4Lsr14 4Lr27	4Ssr17	250	999995	exact
4Tr21 3L1 4Lsr14 4Lr31	4Tr26	250	999993	exact
4Tr21 3L1 4Lsr14 4Lr33	4Tr26	250	999991	exact
4Tr21 3L1 4Lsr14 4Lr36	3Ir15	250	999991	exact
4Tr21 3L1 4Lsr14 4Lr37	4Lr17	250	999991	exact
4Tr21 3L1 4Lsr14 4Lr38	4Lr18	250	999993	exact
4Tr21 3L1 4Lsr14 4Lsr11	3Ir15	250	999991	exact
4Tr21 3L1 4Lsr14 4Lsr13	3Ir15	250	999991	exact
4Tr21 3L1 4Lsr14 4Lsr16	4Lsr36	250	999991	exact
4Tr21 3L1 4Lsr14 4Lsr17	3Ir15	250	999991	exact
4Tr21 3L1 4Lsr14 4Lsr18	3Ir15	250	999991	exact
4Tr21 3L1 4Lsr14 4Lsr26	4Tr16	250	999991	exact
4Tr21 3L1 4Lsr14 4Lsr27	4Sr17	250	999995	exact
4Tr21 3L1 4Lsr14 4Lsr34	4Tr26	250	999993	exact
4Tr21 3L1 4Lsr14 4Tr26	4S6	250	999991	exact
4Tr21 3L1 4Lsr14 4Tr27	3Ir15	250	999991	exact
4Tr21 3Lr12	4Tr24	19	999989	exact
4Tr21 3Lr12 4Tr24 3Ir19	4Lsr12	250	999989	exact
4Tr21 3Lr12 4Tr24 3Lr15	4Lsr12	250	999989	exact
4Tr21 3Lr12 4Tr24 4Lsr12	4Lr38	250	999989	exact
4Tr21 3Lr12 4Tr24 4Tr16	4S6	250	999989	exact
4Tr21 3Lr13	4Tr22	20	999989	exact
4Tr21 3Lr13 4Tr22 17	3Ir13	250	999989	exact
4Tr21 3Lr13 4Tr22 19	4Ssr17	250	999989	exact
4Tr21 3Lr13 4Tr22 27	3Ir13	250	999989	exact
4Tr21 3Lr13 4Tr22 3I6	3Ir13	250	999989	exact
4Tr21 3Lr13 4Tr22 3Ir13	4Lr37	250	999989	exact
4Tr21 3Lr13 4Tr22 3Ir16	16	250	999989	exact
4Tr21 3Lr13 4Tr22 3Lr13	4Lr36	250	999989	exact
4Tr21 3Lr13 4Tr22 3Lr37	4Ss7	250	999989	exact
4Tr21 3Lr13 4Tr22 4Lr35	4Lr34	250	999989	exact
4Tr21 3Lr13 4Tr22 4Lr36	4Lr16	250	999989	exact
4Tr21 3Lr13 4Tr22 4Lsr26	3Ir13	250	999989	exact
4Tr21 3Lr13 4Tr22 4Lsr27	3Ir13	250	999989	exact
4Tr21 3Lr13 4Tr22 4Tr27	3Ir13	250	999989	exact
4Tr21 3Lr24	4Ssr13	17	999989	exact
4Tr21 3Lr24 4Ssr13 11	4Lr38	250	999993	exact
4Tr21 3Lr24 4Ssr13 12	4Lsr27	250	999993	exact
4Tr21 3Lr24 4Ssr13 13	3Ir14	250	999989	exact
4Tr21 3Lr24 4Ssr13 14	4Lr38	250	999989	exact
4Tr21 3Lr24 4Ssr13 15	4Lr38	250	999989	exact
4Tr21 3Lr24 4Ssr13 16	4Tr16	250	999991	exact
4Tr21 3Lr24 4Ssr13 17	4Sr17	250	999995	exact
4Tr21 3Lr24 4Ssr13 18	4Ss8	250	999991	exact
4Tr21 3Lr24 4Ssr13 19	4S8	250	999989	exact
4Tr21 3Lr24 4Ssr13 22	4Lsr27	250	999993	exact
4Tr21 3Lr24 4Ssr13 24	4Lr38	250	999993	exact
4Tr21 3Lr24 4Ssr13 26	4Ls6	250	999995	exact
4Tr21 3Lr24 4Ssr13 27	4Ls7	250	999995	exact
4Tr21 3Lr24 4Ssr13 28	4L7	250	999995	exact
4Tr21 3Lr24 4Ssr13 2r11	4Lsr27	250	999993	exact
4Tr21 3Lr24 4Ssr13 2r12	4Lr38	250	999989	exact
4Tr21 3Lr24 4Ssr13 2r13	4Lr38	250	999989	exact
4Tr21 3Lr24 4Ssr13 2r14	4Lr38	250	999991	exact
4Tr21 3Lr24 4Ssr13 2r15	4Lr38	250	999993	exact
4Tr21 3Lr24 4Ssr13 2r16	3Ir14	250	999989	exact
4Tr21 3Lr24 4Ssr13 2r17	4Lsr36	250	999989	exact
4Tr21 3Lr24 4Ssr13 2r18	4Lr18	250	999989	exact
4Tr21 3Lr24 4Ssr13 2r19	4Lsr38	250	999989	exact
4Tr21 3Lr24 4Ssr13 3I6	4Tr26	250	999993	exact
4Tr21 3Lr24 4Ssr13 3I7	4Lsr27	250	999995	exact
4Tr21 3Lr24 4Ssr13 3Ir11	4Lr38	250	999991	exact
4Tr21 3Lr24 4Ssr13 3Ir12	4Lr38	250	999991	exact
4Tr21 3Lr24 4Ssr13 3Ir13	4Lsr27	250	999993	exact
4Tr21 3Lr24 4Ssr13 3Ir14	4Lr36	250	999993	exact
4Tr21 3Lr24 4Ssr13 3Ir15	4Lr36	250	999993	exact
4Tr21 3Lr24 4Ssr13 3Ir16	4Lsr15	250	999989	exact
4Tr21 3Lr24 4Ssr13 3Ir17	17	250	999989	exact
4Tr21 3Lr24 4Ssr13 3Ir18	2r18	250	999989	exact
4Tr21 3Lr24 4Ssr13 3Ir19	2r19	250	999989	exact
4Tr21 3Lr24 4Ssr13 3L1	4Lr38	250	999991	exact
4Tr21 3Lr24 4Ssr13 3L3	4Lr38	250	999991	exact
4Tr21 3Lr24 4Ssr13 3Lr22	4Ss3	250	999989	exact
4Tr21 3Lr24 4Ssr13 3Lr24	4Lsr27	250	999993	exact
4Tr21 3Lr24 4Ssr13 3Lr26	4S6	250	999989	exact
4Tr21 3Lr24 4Ssr13 3Lr27	4Lr34	250	999989	exact
4Tr21 3Lr24 4Ssr13 3Lr28	4Lsr14	250	999989	exact
4Tr21 3Lr24 4Ssr13 3Lr32	4Lr38	250	999991	exact
4Tr21 3Lr24 4Ssr13 3Lr34	4Lr38	250	999993	exact
4Tr21 3Lr24 4Ssr13 3Lr36	4Lr34	250	999989	exact
4Tr21 3Lr24 4Ssr13 3Lr37	4Lr34	250	999989	exact
4Tr21 3Lr24 4Ssr13 3Lr38	4Lsr14	250	999989	exact
4Tr21 3Lr24 4Ssr13 4L1	4Lr38	250	999993	exact
4Tr21 3Lr24 4Ssr13 4L3	4Lr36	250	999993	exact
4Tr21 3Lr24 4Ssr13 4Lr26	4Ssr16	250	999995	exact
4Tr21 3Lr24 4Ssr13 4Lr27	4Ssr17	250	999995	exact
4Tr21 3Lr24 4Ssr13 4Lr32	4Lr38	250	999993	exact
4Tr21 3Lr24 4Ssr13 4Lr34	4Lr36	250	999993	exact
4Tr21 3Lr24 4Ssr13 4Lr36	3Ir15	250	999989	exact
4Tr21 3Lr24 4Ssr13 4Lr37	4Lr17	250	999993	exact
4Tr21 3Lr24 4Ssr13 4Lr38	4Lr18	250	999993	exact
4Tr21 3Lr24 4Ssr13 4Lsr12	4Lr38	250	999993	exact
4Tr21 3Lr24 4Ssr13 4Lsr14	4Lr36	250	999993	exact
4Tr21 3Lr24 4Ssr13 4Lsr16	4Lsr36	250	999993	exact
4Tr21 3Lr24 4Ssr13 4Lsr17	4Lsr37	250	999993	exact
4Tr21 3Lr24 4Ssr13 4Lsr18	4Lsr38	250	999993	exact
4Tr21 3Lr24 4Ssr13 4Lsr26	4Sr16	250	999995	exact
4Tr21 3Lr24 4Ssr13 4Lsr27	4Lsr14	250	999993	exact
4Tr21 3Lr24 4Ssr13 4S1	4Lr36	250	999993	exact
4Tr21 3Lr24 4Ssr13 4S3	4Lr38	250	999993	exact
4Tr21 3Lr24 4Ssr13 4Ssr12	4Lr38	250	999993	exact
4Tr21 3Lr24 4Ssr13 4Tr26	4Lsr14	250	999989	exact
4Tr21 3Lr24 4Ssr13 4Tr27	4S7	250	999993	exact
4Tr21 3Lr24 4Ssr13 4Tr31	4Lr38	250	999993	exact
4Tr21 3Lr24 4Ssr13 4Tr33	4Lr38	250	999993	exact
4Tr21 3Lr25	4Tr35	19	999986	exact
4Tr21 3Lr26	4S6	16	999987	exact
4Tr21 3Lr26 4S6 11	4Lsr14	250	999989	exact
4Tr21 3Lr26 4S6 12	4Lsr14	250	999991	exact
4Tr21 3Lr26 4S6 13	24	250	999993	exact
4Tr21 3Lr26 4S6 14	4Tr14	250	999989	exact
4Tr21 3Lr26 4S6 15	4S4	250	999989	exact
4Tr21 3Lr26 4S6 16	4Lsr14	250	999989	exact
4Tr21 3Lr26 4S6 17	24	250	999989	exact
4Tr21 3Lr26 4S6 18	4Lsr14	250	999989	exact
4Tr21 3Lr26 4S6 19	4Lsr14	250	999989	exact
4Tr21 3Lr26 4S6 24	24	250	999989	exact
4Tr21 3Lr26 4S6 28	4Lsr14	250	999989	exact
4Tr21 3Lr26 4S6 2r11	24	250	999993	exact
4Tr21 3Lr26 4S6 2r12	24	250	999991	exact
4Tr21 3Lr26 4S6 2r13	24	250	999989	exact
4Tr21 3Lr26 4S6 2r14	4S3	250	999989	exact
4Tr21 3Lr26 4S6 2r15	4Lsr34	250	999987	exact
4Tr21 3Lr26 4S6 2r16	24	250	999989	exact
4Tr21 3Lr26 4S6 2r17	4Lr34	250	999991	exact
4Tr21 3Lr26 4S6 2r18	4Lr18	250	999987	exact
4Tr21 3Lr26 4S6 2r19	4Lsr14	250	999987	exact
4Tr21 3Lr26 4S6 3Ir11	4Lsr14	250	999987	exact
4Tr21 3Lr26 4S6 3Ir12	4Lsr14	250	999989	exact
4Tr21 3Lr26 4S6 3Ir13	4Lr34	250	999989	exact
4Tr21 3Lr26 4S6 3Ir14	4Lsr33	250	999987	exact
4Tr21 3Lr26 4S6 3Ir15	4Lr35	250	999987	exact
4Tr21 3Lr26 4S6 3Ir16	24	250	999987	exact
4Tr21 3Lr26 4S6 3Ir17	3Lr24	250	999989	exact
4Tr21 3Lr26 4S6 3Ir18	4Ss7	250	999987	exact
4Tr21 3Lr26 4S6 3Ir19	4Lr34	250	999987	exact
4Tr21 3Lr26 4S6 3L1	4Lsr14	250	999989	exact
4Tr21 3Lr26 4S6 3L6	24	250	999991	exact
4Tr21 3Lr26 4S6 3Lr12	4Lsr14	250	999989	exact
4Tr21 3Lr26 4S6 3Lr13	4Lr22	250	999989	exact
4Tr21 3Lr26 4S6 3Lr24	4Ssr13	250	999987	exact
4Tr21 3Lr26 4S6 3Lr28	4Lsr14	250	999987	exact
4Tr21 3Lr26 4S6 3Lr34	4S3	250	999989	exact
4Tr21 3Lr26 4S6 3Lr38	4Tr18	250	999987	exact
4Tr21 3Lr26 4S6 4Lr34	4Lsr33	250	999989	exact
4Tr21 3Lr26 4S6 4Lr38	4Tr17	250	999989	exact
4Tr21 3Lr26 4S6 4Lsr14	4Lsr34	250	999991	exact
4Tr21 3Lr26 4S6 4Lsr18	4Lsr38	250	999987	exact
4Tr21 3Lr26 4S6 4S1	4Lr34	250	999989	exact
4Tr21 3Lr26 4S6 4S6	4Lsr14	250	999991	exact
4Tr21 3Lr26 4S6 4Sr13	4Lr22	250	999989	exact
4Tr21 3Lr26 4S6 4Ss2	4Lsr14	250	999989	exact
4Tr21 3Lr26 4S6 4Ss3	4S2	250	999987	exact
4Tr21 3Lr26 4S6 4Tr12	4Lsr14	250	999987	exact
4Tr21 3Lr26 4S6 4Tr13	4Ssr12	250	999989	exact
4Tr21 3Lr26 4S6 4Tr31	4Lr34	250	999989	exact
4Tr21 3Lr26 4S6 4Tr36	4Lr34	250	999991	exact
4Tr21 3Lr27	4Lsr14	23	999983	exact
4Tr21 3Lr28	4Lr36	22	999982	exact
4Tr21 3Lr28 4Lr36 4Tr12	3Ir16	250	999983	exact
4Tr21 3Lr34	4S3	22	999987	exact
4Tr21 3Lr34 4S3 4Lsr17	4Lsr37	250	999987	exact
4Tr21 3Lr35	4Lsr34	17	999989	exact
4Tr21 3Lr35 4Lsr34 11	4Tr16	250	999989	exact
4Tr21 3Lr35 4Lsr34 12	4Tr16	250	999989	exact
4Tr21 3Lr35 4Lsr34 13	4Tr16	250	999989	exact
4Tr21 3Lr35 4Lsr34 14	3Ir15	250	999989	exact
4Tr21 3Lr35 4Lsr34 15	4S4	250	999989	exact
4Tr21 3Lr35 4Lsr34 16	3Ir15	250	999989	exact
4Tr21 3Lr35 4Lsr34 17	3Ir15	250	999989	exact
4Tr21 3Lr35 4Lsr34 18	4T6	250	999995	exact
4Tr21 3Lr35 4Lsr34 19	3Ir15	250	999989	exact
4Tr21 3Lr35 4Lsr34 24	4Tr16	250	999989	exact
4Tr21 3Lr35 4Lsr34 27	4Lr26	250	999995	exact
4Tr21 3Lr35 4Lsr34 28	3Ir15	250	999989	exact
4Tr21 3Lr35 4Lsr34 2r11	3Ir14	250	999989	exact
4Tr21 3Lr35 4Lsr34 2r12	4Ss6	250	999989	exact
4Tr21 3Lr35 4Lsr34 2r13	3Ir15	250	999989	exact
4Tr21 3Lr35 4Lsr34 2r14	4Tr16	250	999989	exact
4Tr21 3Lr35 4Lsr34 2r15	4Ss6	250	999989	exact
4Tr21 3Lr35 4Lsr34 2r16	4Lr35	250	999989	exact
4Tr21 3Lr35 4Lsr34 2r17	4S6	250	999989	exact
4Tr21 3Lr35 4Lsr34 2r18	3Ir15	250	999989	exact
4Tr21 3Lr35 4Lsr34 2r19	3Ir15	250	999989	exact
4Tr21 3Lr35 4Lsr34 3I7	4Lsr16	250	999989	exact
4Tr21 3Lr35 4Lsr34 3Ir11	4Tr16	250	999989	exact
4Tr21 3Lr35 4Lsr34 3Ir12	3Ir15	250	999989	exact
4Tr21 3Lr35 4Lsr34 3Ir13	4Tr16	250	999989	exact
4Tr21 3Lr35 4Lsr34 3Ir14	4Ss6	250	999989	exact
4Tr21 3Lr35 4Lsr34 3Ir15	3Ir16	250	999989	exact
4Tr21 3Lr35 4Lsr34 3Ir16	4S5	250	999989	exact
4Tr21 3Lr35 4Lsr34 3Ir17	3Ir15	250	999989	exact
4Tr21 3Lr35 4Lsr34 3Ir18	3Ir18	250	999989	exact
4Tr21 3Lr35 4Lsr34 3Ir19	3Ir15	250	999989	exact
4Tr21 3Lr35 4Lsr34 3L1	4Ss6	250	999989	exact
4Tr21 3Lr35 4Lsr34 3Lr12	3Ir15	250	999989	exact
4Tr21 3Lr35 4Lsr34 3Lr16	4Lsr16	250	999989	exact
4Tr21 3Lr35 4Lsr34 3Lr24	4Ss6	250	999989	exact
4Tr21 3Lr35 4Lsr34 3Lr27	4Ssr16	250	999995	exact
4Tr21 3Lr35 4Lsr34 3Lr28	3Ir15	250	999989	exact
4Tr21 3Lr35 4Lsr34 3Lr34	4Ss6	250	999989	exact
4Tr21 3Lr35 4Lsr34 3Lr37	4S6	250	999989	exact
4Tr21 3Lr35 4Lsr34 3Lr38	4Lsr14	250	999989	exact
4Tr21 3Lr35 4Lsr34 4Lr15	4L4	250	999989	exact
4Tr21 3Lr35 4Lsr34 4Lr27	4Tr38	250	999993	exact
4Tr21 3Lr35 4Lsr34 4Lr34	4Tr16	250	999989	exact
4Tr21 3Lr35 4Lsr34 4Lr37	4Lsr36	250	999989	exact
4Tr21 3Lr35 4Lsr34 4Lr38	3Ir15	250	999989	exact
4Tr21 3Lr35 4Lsr34 4Lsr14	4Sr16	250	999993	exact
4Tr21 3Lr35 4Lsr34 4Lsr17	3Ir15	250	999989	exact
4Tr21 3Lr35 4Lsr34 4Lsr18	3Ir15	250	999989	exact
4Tr21 3Lr35 4Lsr34 4Lsr27	4S6	250	999989	exact
4Tr21 3Lr35 4Lsr34 4Lsr33	4Ss6	250	999989	exact
4Tr21 3Lr35 4Lsr34 4S1	4Tr16	250	999991	exact
4Tr21 3Lr35 4Lsr34 4Sr16	4Ls6	250	999995	exact
4Tr21 3Lr35 4Lsr34 4Ss2	4Tr16	250	999989	exact
4Tr21 3Lr35 4Lsr34 4Ss6	3Ir15	250	999989	exact
4Tr21 3Lr35 4Lsr34 4Tr12	4Tr16	250	999989	exact
4Tr21 3Lr35 4Lsr34 4Tr16	4S6	250	999989	exact
4Tr21 3Lr35 4Lsr34 4Tr27	4Ssr16	250	999995	exact
4Tr21 3Lr35 4Lsr34 4Tr31	4Tr16	250	999989	exact
4Tr21 3Lr36	4Ss6	18	999987	exact
4Tr21 3Lr36 4Ss6 11	4Lsr14	250	999989	exact
4Tr21 3Lr36 4Ss6 12	4Lsr14	250	999989	exact
4Tr21 3Lr36 4Ss6 13	4Lsr14	250	999989	exact
4Tr21 3Lr36 4Ss6 14	4Ss4	250	999993	exact
4Tr21 3Lr36 4Ss6 15	4S4	250	999991	exact
4Tr21 3Lr36 4Ss6 16	4Lsr14	250	999991	exact
4Tr21 3Lr36 4Ss6 17	4Lsr14	250	999987	exact
4Tr21 3Lr36 4Ss6 18	4Lsr14	250	999987	exact
4Tr21 3Lr36 4Ss6 19	4Lsr14	250	999987	exact
4Tr21 3Lr36 4Ss6 24	4Lr23	250	999993	exact
4Tr21 3Lr36 4Ss6 28	4Lsr14	250	999991	exact
4Tr21 3Lr36 4Ss6 2r11	4Lsr14	250	999989	exact
4Tr21 3Lr36 4Ss6 2r12	4Lsr14	250	999989	exact
4Tr21 3Lr36 4Ss6 2r13	4Lsr14	250	999991	exact
4Tr21 3Lr36 4Ss6 2r14	4S3	250	999987	exact
4Tr21 3Lr36 4Ss6 2r15	4Lsr34	250	999993	exact
4Tr21 3Lr36 4Ss6 2r16	4Lsr14	250	999991	exact
4Tr21 3Lr36 4Ss6 2r17	4Lsr14	250	999991	exact
4Tr21 3Lr36 4Ss6 2r18	4Lr18	250	999987	exact
4Tr21 3Lr36 4Ss6 2r19	4Lsr14	250	999987	exact
4Tr21 3Lr36 4Ss6 3Ir11	4Lsr14	250	999991	exact
4Tr21 3Lr36 4Ss6 3Ir12	4Lsr14	250	999989	exact
4Tr21 3Lr36 4Ss6 3Ir13	4Lsr14	250	999989	exact
4Tr21 3Lr36 4Ss6 3Ir14	4Lsr33	250	999987	exact
4Tr21 3Lr36 4Ss6 3Ir15	4S5	250	999987	exact
4Tr21 3Lr36 4Ss6 3Ir16	4Lsr14	250	999991	exact
4Tr21 3Lr36 4Ss6 3Ir17	4Lsr14	250	999987	exact
4Tr21 3Lr36 4Ss6 3Ir18	4Lr37	250	999987	exact
4Tr21 3Lr36 4Ss6 3Ir19	4Lsr14	250	999987	exact
4Tr21 3Lr36 4Ss6 3L1	4Lsr14	250	999991	exact
4Tr21 3Lr36 4Ss6 3Lr12	4Lsr14	250	999987	exact
4Tr21 3Lr36 4Ss6 3Lr13	4Lr22	250	999987	exact
4Tr21 3Lr36 4Ss6 3Lr16	4Lsr14	250	999993	exact
4Tr21 3Lr36 4Ss6 3Lr24	4Ssr13	250	999993	exact
4Tr21 3Lr36 4Ss6 3Lr28	4Lsr14	250	999987	exact
4Tr21 3Lr36 4Ss6 3Lr34	4Tr33	250	999987	exact
4Tr21 3Lr36 4Ss6 3Lr38	4Lsr14	250	999987	exact
4Tr21 3Lr36 4Ss6 4Lr34	4Lsr33	250	999989	exact
4Tr21 3Lr36 4Ss6 4Lr38	4Lsr17	250	999989	exact
4Tr21 3Lr36 4Ss6 4Lsr14	4Lsr34	250	999989	exact
4Tr21 3Lr36 4Ss6 4Lsr18	4Lsr38	250	999989	exact
4Tr21 3Lr36 4Ss6 4S1	4Lsr14	250	999989	exact
4Tr21 3Lr36 4Ss6 4Sr13	4Ls3	250	999989	exact
4Tr21 3Lr36 4Ss6 4Ss2	4Lsr14	250	999989	exact
4Tr21 3Lr36 4Ss6 4Ss3	4S2	250	999987	exact
4Tr21 3Lr36 4Ss6 4Ss6	4Lsr14	250	999989	exact
4Tr21 3Lr36 4Ss6 4Tr12	4Lsr14	250	999991	exact
4Tr21 3Lr36 4Ss6 4Tr13	4Ssr12	250	999989	exact
4Tr21 3Lr36 4Ss6 4Tr16	4Lr38	250	999987	exact
4Tr21 3Lr36 4Ss6 4Tr31	4Lsr14	250	999991	exact
4Tr21 3Lr37	4Lsr36	20	999985	exact
4Tr21 3Lr38	4Lsr14	22	8660
4Tr21 4Lr24	4Ssr14	13	999993	exact
4Tr21 4Lr24 4Ssr14 11	4Lsr27	250	999997	exact
4Tr21 4Lr24 4Ssr14 12	4Lsr27	250	999997	exact
4Tr21 4Lr24 4Ssr14 13	4Lsr27	250	999997	exact
4Tr21 4Lr24 4Ssr14 14	4Lsr27	250	999997	exact
4Tr21 4Lr24 4Ssr14 15	4Lsr27	250	999997	exact
4Tr21 4Lr24 4Ssr14 16	4Lsr27	250	999997	exact
4Tr21 4Lr24 4Ssr14 17	4Sr17	250	999997	exact
4Tr21 4Lr24 4Ssr14 18	4S7	250	999995	exact
4Tr21 4Lr24 4Ssr14 19	4S8	250	999995	exact
4Tr21 4Lr24 4Ssr14 25	4Lsr27	250	999997	exact
4Tr21 4Lr24 4Ssr14 27	4Ls7	250	999997	exact
4Tr21 4Lr24 4Ssr14 28	4L7	250	999997	exact
4Tr21 4Lr24 4Ssr14 2r11	4Lsr27	250	999997	exact
4Tr21 4Lr24 4Ssr14 2r12	4Lsr27	250	999997	exact
4Tr21 4Lr24 4Ssr14 2r13	4Lsr27	250	999997	exact
4Tr21 4Lr24 4Ssr14 2r14	4Lsr27	250	999997	exact
4Tr21 4Lr24 4Ssr14 2r15	4Lsr27	250	999997	exact
4Tr21 4Lr24 4Ssr14 2r16	4Lsr27	250	999997	exact
4Tr21 4Lr24 4Ssr14 2r17	4Lr17	250	999993	exact
4Tr21 4Lr24 4Ssr14 2r18	4Lsr37	250	999993	exact
4Tr21 4Lr24 4Ssr14 2r19	4Lsr38	250	999995	exact
4Tr21 4Lr24 4Ssr14 3I7	4Lsr27	250	999997	exact
4Tr21 4Lr24 4Ssr14 3Ir11	4Lsr27	250	999997	exact
4Tr21 4Lr24 4Ssr14 3Ir12	4Lsr27	250	999997	exact
4Tr21 4Lr24 4Ssr14 3Ir13	4Lsr27	250	999997	exact
4Tr21 4Lr24 4Ssr14 3Ir14	4Lsr27	250	999997	exact
4Tr21 4Lr24 4Ssr14 3Ir15	4Lsr27	250	999997	exact
4Tr21 4Lr24 4Ssr14 3Ir16	4Lsr27	250	999997	exact
4Tr21 4Lr24 4Ssr14 3Ir17	4Lsr16	250	999995	exact
4Tr21 4Lr24 4Ssr14 3Ir18	2r18	250	999993	exact
4Tr21 4Lr24 4Ssr14 3Ir19	3Ir19	250	999993	exact
4Tr21 4Lr24 4Ssr14 3L1	4Lsr27	250	999997	exact
4Tr21 4Lr24 4Ssr14 3L3	4Lsr27	250	999997	exact
4Tr21 4Lr24 4Ssr14 3L4	4Lsr27	250	999997	exact
4Tr21 4Lr24 4Ssr14 3Lr12	4Lsr27	250	999997	exact
4Tr21 4Lr24 4Ssr14 3Lr25	4Lsr27	250	999997	exact
4Tr21 4Lr24 4Ssr14 3Lr27	4S7	250	999995	exact
4Tr21 4Lr24 4Ssr14 3Lr28	4S8	250	999995	exact
4Tr21 4Lr24 4Ssr14 3Lr35	4Lsr27	250	999997	exact
4Tr21 4Lr24 4Ssr14 3Lr37	4Ss7	250	999995	exact
4Tr21 4Lr24 4Ssr14 3Lr38	4Lsr37	250	999993	exact
4Tr21 4Lr24 4Ssr14 4L4	4Lsr27	250	999997	exact
4Tr21 4Lr24 4Ssr14 4Lr27	4Ssr17	250	999997	exact
4Tr21 4Lr24 4Ssr14 4Lr35	4Lsr27	250	999997	exact
4Tr21 4Lr24 4Ssr14 4Lr37	4Lsr16	250	999993	exact
4Tr21 4Lr24 4Ssr14 4Lr38	4Lsr15	250	999993	exact
4Tr21 4Lr24 4Ssr14 4Lsr15	4Lsr27	250	999997	exact
4Tr21 4Lr24 4Ssr14 4Lsr17	4Lsr37	250	999993	exact
4Tr21 4Lr24 4Ssr14 4Lsr18	4Lsr38	250	999995	exact
4Tr21 4Lr24 4Ssr14 4Lsr27	4Sr17	250	999997	exact
4Tr21 4Lr24 4Ssr14 4S1	4Lsr27	250	999997	exact
4Tr21 4Lr24 4Ssr14 4S3	4Lsr27	250	999997	exact
4Tr21 4Lr24 4Ssr14 4S4	4Lsr27	250	999997	exact
4Tr21 4Lr24 4Ssr14 4Ss2	4Lsr27	250	999997	exact
4Tr21 4Lr24 4Ssr14 4T2	4Lsr27	250	999997	exact
4Tr21 4Lr24 4Ssr14 4Tr12	4Lsr27	250	999997	exact
4Tr21 4Lr24 4Ssr14 4Tr27	4S7	250	999995	exact
4Tr21 4Lr24 4Ssr14 4Tr31	4Lsr27	250	999997	exact
4Tr21 4Lr24 4Ssr14 4Tr33	4Lsr27	250	999997	exact
4Tr21 4Lr24 4Ssr14 4Tr34	4Lsr27	250	999997	exact
4Tr21 4Lr25	4Lr17	21	999980	exact
4Tr21 4Lr26	4Ssr16	15	999987	exact
4Tr21 4Lr26 4Ssr16 11	4Lsr14	250	999993	exact
4Tr21 4Lr26 4Ssr16 12	4Lsr14	250	999993	exact
4Tr21 4Lr26 4Ssr16 13	4Lsr14	250	999993	exact
4Tr21 4Lr26 4Ssr16 14	4Ls3	250	999995	exact
4Tr21 4Lr26 4Ssr16 15	3L4	250	999995	exact
4Tr21 4Lr26 4Ssr16 16	4Lsr14	250	999991	exact
4Tr21 4Lr26 4Ssr16 17	4Lsr14	250	999993	exact
4Tr21 4Lr26 4Ssr16 18	4Lr34	250	999993	exact
4Tr21 4Lr26 4Ssr16 19	4Lsr14	250	999991	exact
4Tr21 4Lr26 4Ssr16 24	4Lsr14	250	999995	exact
4Tr21 4Lr26 4Ssr16 27	4Lsr14	250	999993	exact
4Tr21 4Lr26 4Ssr16 2r11	4Lsr14	250	999991	exact
4Tr21 4Lr26 4Ssr16 2r12	4Lsr14	250	999993	exact
4Tr21 4Lr26 4Ssr16 2r13	4Lsr14	250	999993	exact
4Tr21 4Lr26 4Ssr16 2r14	4S3	250	999989	exact
4Tr21 4Lr26 4Ssr16 2r15	4Lsr34	250	999993	exact
4Tr21 4Lr26 4Ssr16 2r16	4Lsr14	250	999991	exact
4Tr21 4Lr26 4Ssr16 2r17	4Lsr14	250	999993	exact
4Tr21 4Lr26 4Ssr16 2r18	4Lsr14	250	999991	exact
4Tr21 4Lr26 4Ssr16 2r19	4Ls7	250	999987	exact
4Tr21 4Lr26 4Ssr16 3Ir11	4Lsr14	250	999991	exact
4Tr21 4Lr26 4Ssr16 3Ir12	4Lsr14	250	999995	exact
4Tr21 4Lr26 4Ssr16 3Ir13	4Lsr14	250	999993	exact
4Tr21 4Lr26 4Ssr16 3Ir14	4Lsr33	250	999989	exact
4Tr21 4Lr26 4Ssr16 3Ir15	4Ss5	250	999989	exact
4Tr21 4Lr26 4Ssr16 3Ir16	4Lsr14	250	999989	exact
4Tr21 4Lr26 4Ssr16 3Ir17	4Lsr14	250	999993	exact
4Tr21 4Lr26 4Ssr16 3Ir18	4Lsr14	250	999993	exact
4Tr21 4Lr26 4Ssr16 3Ir19	4Lr27	250	999989	exact
4Tr21 4Lr26 4Ssr16 3L1	4Lsr14	250	999993	exact
4Tr21 4Lr26 4Ssr16 3L6	4Lsr14	250	999993	exact
4Tr21 4Lr26 4Ssr16 3Lr12	4Lsr14	250	999991	exact
4Tr21 4Lr26 4Ssr16 3Lr13	4Lr22	250	999989	exact
4Tr21 4Lr26 4Ssr16 3Lr24	4Ssr13	250	999995	exact
4Tr21 4Lr26 4Ssr16 3Lr27	4Lsr14	250	999993	exact
4Tr21 4Lr26 4Ssr16 3Lr34	4S3	250	999989	exact
4Tr21 4Lr26 4Ssr16 3Lr37	4Lsr14	250	999995	exact
4Tr21 4Lr26 4Ssr16 4L6	4Lsr14	250	999993	exact
4Tr21 4Lr26 4Ssr16 4Lr34	4Lsr33	250	999987	exact
4Tr21 4Lr26 4Ssr16 4Lr37	4Lsr14	250	999995	exact
4Tr21 4Lr26 4Ssr16 4Lsr14	4Lsr34	250	999987	exact
4Tr21 4Lr26 4Ssr16 4Lsr17	4Lsr14	250	999993	exact
4Tr21 4Lr26 4Ssr16 4Lsr35	4Lr25	250	999987	exact
4Tr21 4Lr26 4Ssr16 4S1	4Lsr14	250	999993	exact
4Tr21 4Lr26 4Ssr16 4S6	4Lsr14	250	999993	exact
4Tr21 4Lr26 4Ssr16 4Sr13	4Ls3	250	999995	exact
4Tr21 4Lr26 4Ssr16 4Ss2	4Lsr14	250	999989	exact
4Tr21 4Lr26 4Ssr16 4Ss3	4S2	250	999987	exact
4Tr21 4Lr26 4Ssr16 4Tr12	4Lsr14	250	999993	exact
4Tr21 4Lr26 4Ssr16 4Tr13	4S3	250	999991	exact
4Tr21 4Lr26 4Ssr16 4Tr31	4Lsr14	250	999993	exact
4Tr21 4Lr26 4Ssr16 4Tr36	4Lsr14	250	999993	exact
4Tr21 4Lr27	4Lsr14	21	7880
4Tr21 4Lr34	4Lsr33	20	999987	exact
4Tr21 4Lr35	4Lr15	21	999980	exact
4Tr21 4Lr36	4Lr16	17	999987	exact
4Tr21 4Lr36 4Lr16 11	4Lsr14	250	999987	exact
4Tr21 4Lr36 4Lr16 12	4Lsr14	250	999987	exact
4Tr21 4Lr36 4Lr16 13	4Lsr14	250	999987	exact
4Tr21 4Lr36 4Lr16 14	4Tr14	250	999987	exact
4Tr21 4Lr36 4Lr16 15	4S4	250	999987	exact
4Tr21 4Lr36 4Lr16 16	4Ss6	250	999987	exact
4Tr21 4Lr36 4Lr16 17	4Lsr14	250	999987	exact
4Tr21 4Lr36 4Lr16 18	4Tr18	250	999987	exact
4Tr21 4Lr36 4Lr16 19	4Lsr14	250	999987	exact
4Tr21 4Lr36 4Lr16 24	4Lsr14	250	999987	exact
4Tr21 4Lr36 4Lr16 26	4Lsr14	250	999987	exact
4Tr21 4Lr36 4Lr16 28	4Lsr14	250	999987	exact
4Tr21 4Lr36 4Lr16 2r11	4Lsr14	250	999987	exact
4Tr21 4Lr36 4Lr16 2r12	4Lsr14	250	999987	exact
4Tr21 4Lr36 4Lr16 2r13	4Lsr14	250	999987	exact
4Tr21 4Lr36 4Lr16 2r14	4S3	250	999987	exact
4Tr21 4Lr36 4Lr16 2r15	4Lsr34	250	999987	exact
4Tr21 4Lr36 4Lr16 2r16	4Lsr14	250	999987	exact
4Tr21 4Lr36 4Lr16 2r17	4Lsr14	250	999987	exact
4Tr21 4Lr36 4Lr16 2r18	4Ss3	250	999987	exact
4Tr21 4Lr36 4Lr16 2r19	4Lsr38	250	999987	exact
4Tr21 4Lr36 4Lr16 3Ir11	3Ir16	250	999987	exact
4Tr21 4Lr36 4Lr16 3Ir12	4Lsr14	250	999987	exact
4Tr21 4Lr36 4Lr16 3Ir13	4Lsr14	250	999987	exact
4Tr21 4Lr36 4Lr16 3Ir14	4Lsr33	250	999987	exact
4Tr21 4Lr36 4Lr16 3Ir15	4S5	250	999987	exact
4Tr21 4Lr36 4Lr16 3Ir16	4Lsr14	250	999987	exact
4Tr21 4Lr36 4Lr16 3Ir17	4Lsr14	250	999987	exact
4Tr21 4Lr36 4Lr16 3Ir18	4Ss7	250	999987	exact
4Tr21 4Lr36 4Lr16 3Ir19	2r19	250	999987	exact
4Tr21 4Lr36 4Lr16 3L1	4Lsr14	250	999987	exact
4Tr21 4Lr36 4Lr16 3Lr12	4Lsr14	250	999987	exact
4Tr21 4Lr36 4Lr16 3Lr13	4Lr22	250	999987	exact
4Tr21 4Lr36 4Lr16 3Lr24	4S4	250	999987	exact
4Tr21 4Lr36 4Lr16 3Lr26	4Lsr14	250	999987	exact
4Tr21 4Lr36 4Lr16 3Lr28	4Lsr14	250	999987	exact
4Tr21 4Lr36 4Lr16 3Lr34	4S3	250	999987	exact
4Tr21 4Lr36 4Lr16 3Lr36	4Lsr14	250	999987	exact
4Tr21 4Lr36 4Lr16 3Lr38	4Lsr14	250	999987	exact
4Tr21 4Lr36 4Lr16 4Lr34	4Lsr33	250	999987	exact
4Tr21 4Lr36 4Lr16 4Lr36	4Lsr14	250	999987	exact
4Tr21 4Lr36 4Lr16 4Lr38	4Ss7	250	999987	exact
4Tr21 4Lr36 4Lr16 4Lsr14	4Lsr34	250	999987	exact
4Tr21 4Lr36 4Lr16 4Lsr16	4Lsr14	250	999989	exact
4Tr21 4Lr36 4Lr16 4Lsr18	3Ir19	250	999987	exact
4Tr21 4Lr36 4Lr16 4S1	4Lsr14	250	999987	exact
4Tr21 4Lr36 4Lr16 4Sr13	4Tr22	250	999987	exact
4Tr21 4Lr36 4Lr16 4Ss2	4Lsr14	250	999987	exact
4Tr21 4Lr36 4Lr16 4Ss3	4S2	250	999987	exact
4Tr21 4Lr36 4Lr16 4Tr12	4Lsr14	250	999987	exact
4Tr21 4Lr36 4Lr16 4Tr13	4Ssr12	250	999987	exact
4Tr21 4Lr36 4Lr16 4Tr31	4Lsr14	250	999987	exact
4Tr21 4Lr37	4Lr17	21	999980	exact
4Tr21 4Lr38	4Lr18	21	6670
4Tr21 4Lsr14	4Lsr34	20	999986	exact
4Tr21 4Lsr15	4Lsr35	21	999987	exact
4Tr21 4Lsr16	4Lsr36	18	999987	exact
4Tr21 4Lsr17	4Lsr37	21	6778
4Tr21 4Lsr18	4Lsr38	15	999985	exact
4Tr21 4Lsr24	4S3	21	999985	exact
4Tr21 4Lsr25	4Lsr34	17	999987	exact
4Tr21 4Lsr25 4Lsr34 11	3Lr36	250	999987	exact
4Tr21 4Lsr25 4Lsr34 12	3Ir14	250	999989	exact
4Tr21 4Lsr25 4Lsr34 13	4Lsr14	250	999987	exact
4Tr21 4Lsr25 4Lsr34 14	3Lr36	250	999987	exact
4Tr21 4Lsr25 4Lsr34 15	3Ir14	250	999987	exact
4Tr21 4Lsr25 4Lsr34 16	3Ir15	250	999987	exact
4Tr21 4Lsr25 4Lsr34 17	3Ir14	250	999989	exact
4Tr21 4Lsr25 4Lsr34 18	3Ir14	250	999989	exact
4Tr21 4Lsr25 4Lsr34 19	3Ir14	250	999987	exact
4Tr21 4Lsr25 4Lsr34 24	3Ir16	250	999987	exact
4Tr21 4Lsr25 4Lsr34 26	4Lr36	250	999987	exact
4Tr21 4Lsr25 4Lsr34 28	4Lr36	250	999989	exact
4Tr21 4Lsr25 4Lsr34 2r11	4Lr15	250	999987	exact
4Tr21 4Lsr25 4Lsr34 2r12	4Lr15	250	999987	exact
4Tr21 4Lsr25 4Lsr34 2r13	3Ir14	250	999989	exact
4Tr21 4Lsr25 4Lsr34 2r14	4Lr36	250	999987	exact
4Tr21 4Lsr25 4Lsr34 2r15	4Lr36	250	999987	exact
4Tr21 4Lsr25 4Lsr34 2r16	4Lsr15	250	999987	exact
4Tr21 4Lsr25 4Lsr34 2r17	3Ir14	250	999987	exact
4Tr21 4Lsr25 4Lsr34 2r18	4Lsr14	250	999987	exact
4Tr21 4Lsr25 4Lsr34 2r19	3Ir14	250	999987	exact
4Tr21 4Lsr25 4Lsr34 3Ir11	4Lr36	250	999989	exact
4Tr21 4Lsr25 4Lsr34 3Ir12	4Lr15	250	999987	exact
4Tr21 4Lsr25 4Lsr34 3Ir13	4Lr15	250	999987	exact
4Tr21 4Lsr25 4Lsr34 3Ir14	4Lr36	250	999987	exact
4Tr21 4Lsr25 4Lsr34 3Ir15	3Ir16	250	999987	exact
4Tr21 4Lsr25 4Lsr34 3Ir16	4S5	250	999987	exact
4Tr21 4Lsr25 4Lsr34 3Ir17	3Ir14	250	999987	exact
4Tr21 4Lsr25 4Lsr34 3Ir18	3Ir14	250	999987	exact
4Tr21 4Lsr25 4Lsr34 3Ir19	3Ir14	250	999987	exact
4Tr21 4Lsr25 4Lsr34 3L1	3Lr36	250	999987	exact
4Tr21 4Lsr25 4Lsr34 3Lr12	3Ir14	250	999989	exact
4Tr21 4Lsr25 4Lsr34 3Lr17	4L6	250	999995	exact
4Tr21 4Lsr25 4Lsr34 3Lr24	4Lr36	250	999987	exact
4Tr21 4Lsr25 4Lsr34 3Lr26	4S6	250	999987	exact
4Tr21 4Lsr25 4Lsr34 3Lr28	4Lr36	250	999987	exact
4Tr21 4Lsr25 4Lsr34 3Lr34	3Lr36	250	999989	exact
4Tr21 4Lsr25 4Lsr34 3Lr36	4Lsr14	250	999987	exact
4Tr21 4Lsr25 4Lsr34 3Lr38	4Ssr16	250	999995	exact
4Tr21 4Lsr25 4Lsr34 4Lr15	3Ir14	250	999987	exact
4Tr21 4Lsr25 4Lsr34 4Lr34	4Ls6	250	999995	exact
4Tr21 4Lsr25 4Lsr34 4Lr36	3Ir15	250	999987	exact
4Tr21 4Lsr25 4Lsr34 4Lr38	4Lsr37	250	999987	exact
4Tr21 4Lsr25 4Lsr34 4Ls6	3Ir15	250	999987	exact
4Tr21 4Lsr25 4Lsr34 4Lsr14	4Ls6	250	999995	exact
4Tr21 4Lsr25 4Lsr34 4Lsr16	4Lsr36	250	999987	exact
4Tr21 4Lsr25 4Lsr34 4Lsr18	3Ir15	250	999987	exact
4Tr21 4Lsr25 4Lsr34 4Lsr33	3Ir15	250	999987	exact
4Tr21 4Lsr25 4Lsr34 4S1	4Lsr14	250	999987	exact
4Tr21 4Lsr25 4Lsr34 4Sr17	3Ir15	250	999987	exact
4Tr21 4Lsr25 4Lsr34 4Ss2	3Ir14	250	999987	exact
4Tr21 4Lsr25 4Lsr34 4Ss7	4Lsr36	250	999987	exact
4Tr21 4Lsr25 4Lsr34 4Tr12	3Ir14	250	999987	exact
4Tr21 4Lsr25 4Lsr34 4Tr17	4S7	250	999987	exact
4Tr21 4Lsr25 4Lsr34 4Tr31	3Ir15	250	999987	exact
4Tr21 4Lsr26	4Sr16	14	999987	exact
4Tr21 4Lsr26 4Sr16 11	4Lsr14	250	999991	exact
4Tr21 4Lsr26 4Sr16 12	4Lsr14	250	999991	exact
4Tr21 4Lsr26 4Sr16 13	4Lsr14	250	999991	exact
4Tr21 4Lsr26 4Sr16 14	4Ls3	250	999989	exact
4Tr21 4Lsr26 4Sr16 15	4S4	250	999991	exact
4Tr21 4Lsr26 4Sr16 16	4Lsr14	250	999991	exact
4Tr21 4Lsr26 4Sr16 17	4Lsr14	250	999991	exact
4Tr21 4Lsr26 4Sr16 18	4Lsr14	250	999991	exact
4Tr21 4Lsr26 4Sr16 19	4Lsr14	250	999991	exact
4Tr21 4Lsr26 4Sr16 24	4Lr23	250	999995	exact
4Tr21 4Lsr26 4Sr16 26	4Lsr14	250	999993	exact
4Tr21 4Lsr26 4Sr16 2r11	4Lsr14	250	999991	exact
4Tr21 4Lsr26 4Sr16 2r12	4Lsr14	250	999991	exact
4Tr21 4Lsr26 4Sr16 2r13	4Lsr14	250	999993	exact
4Tr21 4Lsr26 4Sr16 2r14	3L3	250	999989	exact
4Tr21 4Lsr26 4Sr16 2r15	4Lsr34	250	999995	exact
4Tr21 4Lsr26 4Sr16 2r16	4Lsr14	250	999989	exact
4Tr21 4Lsr26 4Sr16 2r17	4Lsr14	250	999991	exact
4Tr21 4Lsr26 4Sr16 2r18	4Lsr14	250	999991	exact
4Tr21 4Lsr26 4Sr16 2r19	4Lsr14	250	999989	exact
4Tr21 4Lsr26 4Sr16 3Ir11	4Lsr14	250	999989	exact
4Tr21 4Lsr26 4Sr16 3Ir12	4Lsr14	250	999989	exact
4Tr21 4Lsr26 4Sr16 3Ir13	4Lsr14	250	999989	exact
4Tr21 4Lsr26 4Sr16 3Ir14	4Lsr33	250	999989	exact
4Tr21 4Lsr26 4Sr16 3Ir15	4Lr35	250	999989	exact
4Tr21 4Lsr26 4Sr16 3Ir16	4Lsr14	250	999991	exact
4Tr21 4Lsr26 4Sr16 3Ir17	4Lsr14	250	999991	exact
4Tr21 4Lsr26 4Sr16 3Ir18	4Lsr14	250	999991	exact
4Tr21 4Lsr26 4Sr16 3Ir19	4Tr38	250	999987	exact
4Tr21 4Lsr26 4Sr16 3L1	4Lsr14	250	999993	exact
4Tr21 4Lsr26 4Sr16 3Lr12	4Lsr14	250	999991	exact
4Tr21 4Lsr26 4Sr16 3Lr13	4Lsr13	250	999989	exact
4Tr21 4Lsr26 4Sr16 3Lr17	4Lsr14	250	999991	exact
4Tr21 4Lsr26 4Sr16 3Lr24	4Ssr13	250	999989	exact
4Tr21 4Lsr26 4Sr16 3Lr26	4Lsr14	250	999989	exact
4Tr21 4Lsr26 4Sr16 3Lr34	4S3	250	999989	exact
4Tr21 4Lsr26 4Sr16 3Lr36	4Lsr14	250	999991	exact
4Tr21 4Lsr26 4Sr16 4Lr18	4Lsr18	250	999991	exact
4Tr21 4Lsr26 4Sr16 4Lr34	4Lsr33	250	999987	exact
4Tr21 4Lsr26 4Sr16 4Lr36	4Lsr14	250	999991	exact
4Tr21 4Lsr26 4Sr16 4Ls6	4Lsr14	250	999991	exact
4Tr21 4Lsr26 4Sr16 4Lsr14	4Lsr34	250	999993	exact
4Tr21 4Lsr26 4Sr16 4Lsr16	4Lsr14	250	999989	exact
4Tr21 4Lsr26 4Sr16 4S1	4Lsr14	250	999991	exact
4Tr21 4Lsr26 4Sr16 4Sr13	4Ls3	250	999995	exact
4Tr21 4Lsr26 4Sr16 4Ss2	4Lsr14	250	999993	exact
4Tr21 4Lsr26 4Sr16 4Ss3	4S2	250	999987	exact
4Tr21 4Lsr26 4Sr16 4Ss7	4Lsr14	250	999991	exact
4Tr21 4Lsr26 4Sr16 4Tr12	4Lsr14	250	999991	exact
4Tr21 4Lsr26 4Sr16 4Tr13	4Ssr12	250	999989	exact
4Tr21 4Lsr26 4Sr16 4Tr17	3Ir19	250	999987	exact
4Tr21 4Lsr26 4Sr16 4Tr31	4Lsr14	250	999991	exact
4Tr21 4Lsr27	4Sr17	16	999987	exact
4Tr21 4Lsr27 4Sr17 4Lsr15	4Lsr35	250	999987	exact
4Tr21 4S1	4Lsr14	14	999991	exact
4Tr21 4S1 4Lsr14 11	4Tr26	250	999991	exact
4Tr21 4S1 4Lsr14 12	4Tr26	250	999991	exact
4Tr21 4S1 4Lsr14 13	3Ir15	250	999991	exact
4Tr21 4S1 4Lsr14 14	4Tr26	250	999991	exact
4Tr21 4S1 4Lsr14 15	4Tr26	250	999991	exact
4Tr21 4S1 4Lsr14 16	4Ss6	250	999991	exact
4Tr21 4S1 4Lsr14 17	4S6	250	999991	exact
4Tr21 4S1 4Lsr14 18	4Ss8	250	999991	exact
4Tr21 4S1 4Lsr14 19	3Ir15	250	999991	exact
4Tr21 4S1 4Lsr14 23	4Tr26	250	999991	exact
4Tr21 4S1 4Lsr14 26	3Ir15	250	999991	exact
4Tr21 4S1 4Lsr14 27	3Ir15	250	999991	exact
4Tr21 4S1 4Lsr14 28	4Lsr18	250	999991	exact
4Tr21 4S1 4Lsr14 2r11	4Tr26	250	999991	exact
4Tr21 4S1 4Lsr14 2r12	4Tr26	250	999991	exact
4Tr21 4S1 4Lsr14 2r13	3Ir15	250	999991	exact
4Tr21 4S1 4Lsr14 2r14	3Ir15	250	999991	exact
4Tr21 4S1 4Lsr14 2r15	4Lsr16	250	999991	exact
4Tr21 4S1 4Lsr14 2r16	4Tr15	250	999991	exact
4Tr21 4S1 4Lsr14 2r17	3Ir15	250	999991	exact
4Tr21 4S1 4Lsr14 2r18	3Ir15	250	999991	exact
4Tr21 4S1 4Lsr14 2r19	4Lsr38	250	999991	exact
4Tr21 4S1 4Lsr14 3I6	3Ir15	250	999991	exact
4Tr21 4S1 4Lsr14 3I7	3Ir15	250	999991	exact
4Tr21 4S1 4Lsr14 3Ir11	4Tr26	250	999991	exact
4Tr21 4S1 4Lsr14 3Ir12	3Ir15	250	999991	exact
4Tr21 4S1 4Lsr14 3Ir13	4Lr38	250	999993	exact
4Tr21 4S1 4Lsr14 3Ir14	4Ss4	250	999991	exact
4Tr21 4S1 4Lsr14 3Ir15	4Tr26	250	999991	exact
4Tr21 4S1 4Lsr14 3Ir16	3Ir15	250	999991	exact
4Tr21 4S1 4Lsr14 3Ir17	2r17	250	999991	exact
4Tr21 4S1 4Lsr14 3Ir18	2r18	250	999991	exact
4Tr21 4S1 4Lsr14 3Ir19	2r19	250	999991	exact
4Tr21 4S1 4Lsr14 3L1	4Tr26	250	999991	exact
4Tr21 4S1 4Lsr14 3Lr23	3Ir15	250	999991	exact
4Tr21 4S1 4Lsr14 3Lr26	4S6	250	999991	exact
4Tr21 4S1 4Lsr14 3Lr27	3Ir15	250	999991	exact
4Tr21 4S1 4Lsr14 3Lr28	3Ir15	250	999991	exact
4Tr21 4S1 4Lsr14 3Lr33	3Ir15	250	999991	exact
4Tr21 4S1 4Lsr14 3Lr36	3Ir15	250	999991	exact
4Tr21 4S1 4Lsr14 3Lr37	3Ir15	250	999991	exact
4Tr21 4S1 4Lsr14 3Lr38	4Ss8	250	999991	exact
4Tr21 4S1 4Lsr14 4Lr26	3Ir15	250	999993	exact
4Tr21 4S1 4Lsr14 4Lr27	4Ssr17	250	999995	exact
4Tr21 4S1 4Lsr14 4Lr33	3Ir15	250	999991	exact
4Tr21 4S1 4Lsr14 4Lr36	4Lr35	250	999991	exact
4Tr21 4S1 4Lsr14 4Lr37	4Lr17	250	999991	exact
4Tr21 4S1 4Lsr14 4Lr38	4Lr18	250	999991	exact
4Tr21 4S1 4Lsr14 4Lsr13	4Lsr16	250	999991	exact
4Tr21 4S1 4Lsr14 4Lsr16	4Lsr36	250	999991	exact
4Tr21 4S1 4Lsr14 4Lsr17	3Ir15	250	999991	exact
4Tr21 4S1 4Lsr14 4Lsr18	3Ir15	250	999991	exact
4Tr21 4S1 4Lsr14 4Lsr26	4Sr16	250	999991	exact
4Tr21 4S1 4Lsr14 4Lsr27	3Ir15	250	999993	exact
4Tr21 4S1 4Lsr14 4Lsr34	4Lsr16	250	999991	exact
4Tr21 4S1 4Lsr14 4S1	4Tr26	250	999991	exact
4Tr21 4S1 4Lsr14 4Tr26	4S6	250	999991	exact
4Tr21 4S1 4Lsr14 4Tr27	4S7	250	999991	exact
4Tr21 4S1 4Lsr14 4Tr31	4Tr26	250	999991	exact
4Tr21 4Sr13	4Tr22	19	999987	exact
4Tr21 4Ss2	4Lsr14	16	999989	exact
4Tr21 4Ss2 4Lsr14 11	3Ir15	250	999989	exact
4Tr21 4Ss2 4Lsr14 12	3Ir15	250	999991	exact
4Tr21 4Ss2 4Lsr14 13	4Tr26	250	999989	exact
4Tr21 4Ss2 4Lsr14 14	4Tr26	250	999989	exact
4Tr21 4Ss2 4Lsr14 15	4Lsr17	250	999989	exact
4Tr21 4Ss2 4Lsr14 16	3Ir15	250	999989	exact
4Tr21 4Ss2 4Lsr14 17	4Sr17	250	999995	exact
4Tr21 4Ss2 4Lsr14 18	4Ssr16	250	999995	exact
4Tr21 4Ss2 4Lsr14 19	4Tr38	250	999989	exact
4Tr21 4Ss2 4Lsr14 26	3Ir15	250	999989	exact
4Tr21 4Ss2 4Lsr14 27	4Lr37	250	999989	exact
4Tr21 4Ss2 4Lsr14 28	3Ir15	250	999989	exact
4Tr21 4Ss2 4Lsr14 2r11	3Ir15	250	999989	exact
4Tr21 4Ss2 4Lsr14 2r12	4Tr26	250	999989	exact
4Tr21 4Ss2 4Lsr14 2r13	4Tr26	250	999991	exact
4Tr21 4Ss2 4Lsr14 2r14	3Ir15	250	999989	exact
4Tr21 4Ss2 4Lsr14 2r15	4Tr26	250	999991	exact
4Tr21 4Ss2 4Lsr14 2r16	4Ss5	250	999989	exact
4Tr21 4Ss2 4Lsr14 2r17	3Ir15	250	999989	exact
4Tr21 4Ss2 4Lsr14 2r18	4Lsr37	250	999989	exact
4Tr21 4Ss2 4Lsr14 2r19	4Lsr38	250	999989	exact
4Tr21 4Ss2 4Lsr14 3I6	4Lsr16	250	999989	exact
4Tr21 4Ss2 4Lsr14 3I7	3Ir15	250	999993	exact
4Tr21 4Ss2 4Lsr14 3Ir11	4Tr26	250	999989	exact
4Tr21 4Ss2 4Lsr14 3Ir12	4Lr38	250	999989	exact
4Tr21 4Ss2 4Lsr14 3Ir13	4Lr38	250	999989	exact
4Tr21 4Ss2 4Lsr14 3Ir14	4Ss4	250	999989	exact
4Tr21 4Ss2 4Lsr14 3Ir15	4Tr27	250	999989	exact
4Tr21 4Ss2 4Lsr14 3Ir16	3Ir16	250	999993	exact
4Tr21 4Ss2 4Lsr14 3Ir17	2r17	250	999991	exact
4Tr21 4Ss2 4Lsr14 3Ir18	2r18	250	999989	exact
4Tr21 4Ss2 4Lsr14 3Ir19	19	250	999989	exact
4Tr21 4Ss2 4Lsr14 3Lr12	4Tr26	250	999991	exact
4Tr21 4Ss2 4Lsr14 3Lr26	4S6	250	999989	exact
4Tr21 4Ss2 4Lsr14 3Lr27	3Ir15	250	999989	exact
4Tr21 4Ss2 4Lsr14 3Lr28	3Ir15	250	999989	exact
4Tr21 4Ss2 4Lsr14 3Lr36	4Tr16	250	999989	exact
4Tr21 4Ss2 4Lsr14 3Lr37	4Ss7	250	999989	exact
4Tr21 4Ss2 4Lsr14 3Lr38	3Ir15	250	999989	exact
4Tr21 4Ss2 4Lsr14 4Lr13	4Tr26	250	999991	exact
4Tr21 4Ss2 4Lsr14 4Lr26	3Ir15	250	999989	exact
4Tr21 4Ss2 4Lsr14 4Lr27	3Ir15	250	999989	exact
4Tr21 4Ss2 4Lsr14 4Lr36	4Lr16	250	999993	exact
4Tr21 4Ss2 4Lsr14 4Lr37	4Lr17	250	999993	exact
4Tr21 4Ss2 4Lsr14 4Lr38	4Lr18	250	999993	exact
4Tr21 4Ss2 4Lsr14 4Lsr16	4Lsr36	250	999993	exact
4Tr21 4Ss2 4Lsr14 4Lsr17	4Lsr37	250	999991	exact
4Tr21 4Ss2 4Lsr14 4Lsr18	4Lsr38	250	999991	exact
4Tr21 4Ss2 4Lsr14 4Lsr26	3Ir15	250	999989	exact
4Tr21 4Ss2 4Lsr14 4Lsr27	3Ir15	250	999991	exact
4Tr21 4Ss2 4Lsr14 4Lsr34	4Lr38	250	999991	exact
4Tr21 4Ss2 4Lsr14 4Ss2	4Tr26	250	999993	exact
4Tr21 4Ss2 4Lsr14 4Tr12	4Tr26	250	999993	exact
4Tr21 4Ss2 4Lsr14 4Tr26	4S6	250	999991	exact
4Tr21 4Ss2 4Lsr14 4Tr27	4Tr37	250	999993	exact
4Tr21 4Ss3	4S2	19	999985	exact
4Tr21 4Tr12	4Lsr14	11	999989	exact
4Tr21 4Tr12 4Lsr14 11	4Tr26	250	999993	exact
4Tr21 4Tr12 4Lsr14 12	4Tr26	250	999993	exact
4Tr21 4Tr12 4Lsr14 13	4Tr26	250	999993	exact
4Tr21 4Tr12 4Lsr14 14	4Tr26	250	999993	exact
4Tr21 4Tr12 4Lsr14 15	4Lr38	250	999993	exact
4Tr21 4Tr12 4Lsr14 16	4Tr16	250	999993	exact
4Tr21 4Tr12 4Lsr14 17	3Ir15	250	999991	exact
4Tr21 4Tr12 4Lsr14 18	3Ir15	250	999993	exact
4Tr21 4Tr12 4Lsr14 19	4Tr38	250	999993	exact
4Tr21 4Tr12 4Lsr14 26	4Ss7	250	999989	exact
4Tr21 4Tr12 4Lsr14 27	4Lsr17	250	999989	exact
4Tr21 4Tr12 4Lsr14 28	4S2	250	999989	exact
4Tr21 4Tr12 4Lsr14 2r11	4Lr38	250	999993	exact
4Tr21 4Tr12 4Lsr14 2r12	4Tr26	250	999993	exact
4Tr21 4Tr12 4Lsr14 2r13	4Lr38	250	999993	exact
4Tr21 4Tr12 4Lsr14 2r14	4Lr38	250	999991	exact
4Tr21 4Tr12 4Lsr14 2r15	4Lsr16	250	999991	exact
4Tr21 4Tr12 4Lsr14 2r16	4Ss5	250	999991	exact
4Tr21 4Tr12 4Lsr14 2r17	4Lr17	250	999991	exact
4Tr21 4Tr12 4Lsr14 2r18	4Lr18	250	999991	exact
4Tr21 4Tr12 4Lsr14 2r19	4Lsr38	250	999991	exact
4Tr21 4Tr12 4Lsr14 3I6	3Ir15	250	999993	exact
4Tr21 4Tr12 4Lsr14 3I7	3Ir15	250	999993	exact
4Tr21 4Tr12 4Lsr14 3Ir11	4Lr38	250	999993	exact
4Tr21 4Tr12 4Lsr14 3Ir12	4Lr38	250	999993	exact
4Tr21 4Tr12 4Lsr14 3Ir13	4Lsr16	250	999991	exact
4Tr21 4Tr12 4Lsr14 3Ir14	4Lr38	250	999993	exact
4Tr21 4Tr12 4Lsr14 3Ir15	4Lsr16	250	999991	exact
4Tr21 4Tr12 4Lsr14 3Ir16	3Ir16	250	999993	exact
4Tr21 4Tr12 4Lsr14 3Ir17	2r17	250	999991	exact
4Tr21 4Tr12 4Lsr14 3Ir18	2r18	250	999991	exact
4Tr21 4Tr12 4Lsr14 3Ir19	2r19	250	999989	exact
4Tr21 4Tr12 4Lsr14 3L2	4Tr26	250	999993	exact
4Tr21 4Tr12 4Lsr14 3Lr26	4S6	250	999991	exact
4Tr21 4Tr12 4Lsr14 3Lr27	4S7	250	999993	exact
4Tr21 4Tr12 4Lsr14 3Lr28	4Tr38	250	999991	exact
4Tr21 4Tr12 4Lsr14 3Lr36	4Ss6	250	999993	exact
4Tr21 4Tr12 4Lsr14 3Lr37	3Ir15	250	999991	exact
4Tr21 4Tr12 4Lsr14 3Lr38	4Ss8	250	999991	exact
4Tr21 4Tr12 4Lsr14 4Lr26	3Ir15	250	999993	exact
4Tr21 4Tr12 4Lsr14 4Lr27	3Ir15	250	999993	exact
4Tr21 4Tr12 4Lsr14 4Lr36	4Lr35	250	999991	exact
4Tr21 4Tr12 4Lsr14 4Lr37	4Lr17	250	999991	exact
4Tr21 4Tr12 4Lsr14 4Lr38	4Lr18	250	999993	exact
4Tr21 4Tr12 4Lsr14 4Lsr16	4Lsr36	250	999993	exact
4Tr21 4Tr12 4Lsr14 4Lsr17	4Lsr37	250	999991	exact
4Tr21 4Tr12 4Lsr14 4Lsr18	4Lsr38	250	999991	exact
4Tr21 4Tr12 4Lsr14 4Lsr26	4Sr16	250	999993	exact
4Tr21 4Tr12 4Lsr14 4Lsr27	3Ir15	250	999991	exact
4Tr21 4Tr12 4Lsr14 4Lsr31	4Lsr16	250	999991	exact
4Tr21 4Tr12 4Lsr14 4Lsr34	4Lsr16	250	999991	exact
4Tr21 4Tr12 4Lsr14 4S2	4Lr38	250	999991	exact
4Tr21 4Tr12 4Lsr14 4Tr26	3Ir15	250	999991	exact
4Tr21 4Tr12 4Lsr14 4Tr27	3Ir15	250	999991	exact
4Tr21 4Tr12 4Lsr14 4Tr32	3Ir15	250	999989	exact
4Tr21 4Tr13	4Ssr12	18	999986	exact
4Tr21 4Tr24	4Ssr13	16	999989	exact
4Tr21 4Tr24 4Ssr13 11	4Sr16	250	999993	exact
4Tr21 4Tr24 4Ssr13 12	3Ir15	250	999991	exact
4Tr21 4Tr24 4Ssr13 13	4Lsr14	250	999989	exact
4Tr21 4Tr24 4Ssr13 14	3Ir15	250	999989	exact
4Tr21 4Tr24 4Ssr13 15	4Ss6	250	999989	exact
4Tr21 4Tr24 4Ssr13 16	3Ir15	250	999989	exact
4Tr21 4Tr24 4Ssr13 17	4Ls6	250	999995	exact
4Tr21 4Tr24 4Ssr13 18	4T6	250	999995	exact
4Tr21 4Tr24 4Ssr13 19	4Sr16	250	999989	exact
4Tr21 4Tr24 4Ssr13 22	3Ir15	250	999989	exact
4Tr21 4Tr24 4Ssr13 24	4Sr16	250	999993	exact
4Tr21 4Tr24 4Ssr13 27	4Lr26	250	999995	exact
4Tr21 4Tr24 4Ssr13 28	3Ir15	250	999989	exact
4Tr21 4Tr24 4Ssr13 2r11	4Sr16	250	999989	exact
4Tr21 4Tr24 4Ssr13 2r12	3Ir15	250	999989	exact
4Tr21 4Tr24 4Ssr13 2r13	3Ir15	250	999989	exact
4Tr21 4Tr24 4Ssr13 2r14	4Lr14	250	999989	exact
4Tr21 4Tr24 4Ssr13 2r15	4Tr16	250	999989	exact
4Tr21 4Tr24 4Ssr13 2r16	4Lr35	250	999989	exact
4Tr21 4Tr24 4Ssr13 2r17	4Lsr14	250	999989	exact
4Tr21 4Tr24 4Ssr13 2r18	4Lsr14	250	999989	exact
4Tr21 4Tr24 4Ssr13 2r19	3Ir15	250	999989	exact
4Tr21 4Tr24 4Ssr13 3I7	3Ir15	250	999989	exact
4Tr21 4Tr24 4Ssr13 3Ir11	4Tr16	250	999989	exact
4Tr21 4Tr24 4Ssr13 3Ir12	4Tr16	250	999989	exact
4Tr21 4Tr24 4Ssr13 3Ir13	4Tr16	250	999989	exact
4Tr21 4Tr24 4Ssr13 3Ir14	4Ss6	250	999989	exact
4Tr21 4Tr24 4Ssr13 3Ir15	3Ir15	250	999991	exact
4Tr21 4Tr24 4Ssr13 3Ir16	4S5	250	999991	exact
4Tr21 4Tr24 4Ssr13 3Ir17	4Lsr36	250	999989	exact
4Tr21 4Tr24 4Ssr13 3Ir18	3Ir18	250	999989	exact
4Tr21 4Tr24 4Ssr13 3Ir19	4Lr34	250	999989	exact
4Tr21 4Tr24 4Ssr13 3L1	4Lr15	250	999989	exact
4Tr21 4Tr24 4Ssr13 3L3	4Ss6	250	999989	exact
4Tr21 4Tr24 4Ssr13 3Lr16	4Lsr16	250	999989	exact
4Tr21 4Tr24 4Ssr13 3Lr22	4Lsr14	250	999989	exact
4Tr21 4Tr24 4Ssr13 3Lr24	4Ss6	250	999989	exact
4Tr21 4Tr24 4Ssr13 3Lr27	4Ssr16	250	999995	exact
4Tr21 4Tr24 4Ssr13 3Lr28	4Tr38	250	999989	exact
4Tr21 4Tr24 4Ssr13 3Lr32	4Tr16	250	999989	exact
4Tr21 4Tr24 4Ssr13 3Lr34	4Tr16	250	999989	exact
4Tr21 4Tr24 4Ssr13 3Lr37	3Ir15	250	999989	exact
4Tr21 4Tr24 4Ssr13 3Lr38	4Lsr14	250	999989	exact
4Tr21 4Tr24 4Ssr13 4L1	4Lr34	250	999991	exact
4Tr21 4Tr24 4Ssr13 4L3	4Ss6	250	999991	exact
4Tr21 4Tr24 4Ssr13 4Lr15	4L4	250	999991	exact
4Tr21 4Tr24 4Ssr13 4Lr27	4Lsr14	250	999991	exact
4Tr21 4Tr24 4Ssr13 4Lr32	4Lr33	250	999991	exact
4Tr21 4Tr24 4Ssr13 4Lr34	4Ss6	250	999991	exact
4Tr21 4Tr24 4Ssr13 4Lr37	4Lsr36	250	999991	exact
4Tr21 4Tr24 4Ssr13 4Lr38	4Lr18	250	999991	exact
4Tr21 4Tr24 4Ssr13 4Lsr12	4Lsr14	250	999991	exact
4Tr21 4Tr24 4Ssr13 4Lsr14	4Ss6	250	999991	exact
4Tr21 4Tr24 4Ssr13 4Lsr17	4Lsr37	250	999993	exact
4Tr21 4Tr24 4Ssr13 4Lsr18	4Lsr38	250	999991	exact
4Tr21 4Tr24 4Ssr13 4Lsr27	4Lsr14	250	999991	exact
4Tr21 4Tr24 4Ssr13 4S1	4Lsr14	250	999991	exact
4Tr21 4Tr24 4Ssr13 4S3	4Lr14	250	999991	exact
4Tr21 4Tr24 4Ssr13 4Sr16	4Lsr14	250	999991	exact
4Tr21 4Tr24 4Ssr13 4Ss6	4Lsr14	250	999991	exact
4Tr21 4Tr24 4Ssr13 4Ssr12	4Tr16	250	999991	exact
4Tr21 4Tr24 4Ssr13 4Tr16	4S6	250	999991	exact
4Tr21 4Tr24 4Ssr13 4Tr27	4Ssr16	250	999995	exact
4Tr21 4Tr24 4Ssr13 4Tr31	3Ir15	250	999991	exact
4Tr21 4Tr24 4Ssr13 4Tr33	4Ss4	250	999991	exact
4Tr21 4Tr25	4S5	18	999985	exact
4Tr21 4Tr25 4S5 11	2r14	250	999987	exact
4Tr21 4Tr25 4S5 12	3Ir14	250	999987	exact
4Tr21 4Tr25 4S5 13	3Ir14	250	999987	exact
4Tr21 4Tr25 4S5 14	4Lr33	250	999987	exact
4Tr21 4Tr25 4S5 15	3Ir14	250	999987	exact
4Tr21 4Tr25 4S5 16	3Ir14	250	999987	exact
4Tr21 4Tr25 4S5 17	4Lr17	250	999987	exact
4Tr21 4Tr25 4S5 18	4Tr13	250	999985	exact
4Tr21 4Tr25 4S5 19	2r14	250	999987	exact
4Tr21 4Tr25 4S5 28	4Lr27	250	999991	exact
4Tr21 4Tr25 4S5 2r11	3Ir14	250	999987	exact
4Tr21 4Tr25 4S5 2r12	3Ir14	250	999985	exact
4Tr21 4Tr25 4S5 2r13	3Ir14	250	999985	exact
4Tr21 4Tr25 4S5 2r14	4S3	250	999985	exact
4Tr21 4Tr25 4S5 2r15	3Ir14	250	999987	exact
4Tr21 4Tr25 4S5 2r16	3Ir14	250	999985	exact
4Tr21 4Tr25 4S5 2r17	4Tr16	250	999985	exact
4Tr21 4Tr25 4S5 2r18	4S7	250	999987	exact
4Tr21 4Tr25 4S5 2r19	4Lsr38	250	999987	exact
4Tr21 4Tr25 4S5 3Ir11	3Ir14	250	999987	exact
4Tr21 4Tr25 4S5 3Ir12	3Ir14	250	999985	exact
4Tr21 4Tr25 4S5 3Ir13	3Ir14	250	999985	exact
4Tr21 4Tr25 4S5 3Ir14	4Lsr33	250	999987	exact
4Tr21 4Tr25 4S5 3Ir15	3Ir14	250	999985	exact
4Tr21 4Tr25 4S5 3Ir16	4Ss7	250	999985	exact
4Tr21 4Tr25 4S5 3Ir17	4Lr36	250	999985	exact
4Tr21 4Tr25 4S5 3Ir18	4Tr13	250	999985	exact
4Tr21 4Tr25 4S5 3Ir19	3Ir16	250	999985	exact
4Tr21 4Tr25 4S5 3L1	4Tr13	250	999987	exact
4Tr21 4Tr25 4S5 3L5	3Ir14	250	999987	exact
4Tr21 4Tr25 4S5 3Lr12	3Ir14	250	999987	exact
4Tr21 4Tr25 4S5 3Lr13	4Lr22	250	999987	exact
4Tr21 4Tr25 4S5 3Lr17	4Lr37	250	999985	exact
4Tr21 4Tr25 4S5 3Lr28	4Tr38	250	999987	exact
4Tr21 4Tr25 4S5 3Lr38	4Tr18	250	999989	exact
4Tr21 4Tr25 4S5 4Lr38	4Lr18	250	999989	exact
4Tr21 4Tr25 4S5 4Lsr18	4Lsr38	250	999989	exact
4Tr21 4Tr25 4S5 4S1	4Ss3	250	999989	exact
4Tr21 4Tr25 4S5 4S5	4Tr13	250	999985	exact
4Tr21 4Tr25 4S5 4Sr17	4Lsr17	250	999987	exact
4Tr21 4Tr25 4S5 4Ss2	2r14	250	999985	exact
4Tr21 4Tr25 4S5 4Ss3	4S2	250	999985	exact
4Tr21 4Tr25 4S5 4Ss7	4Tr17	250	999985	exact
4Tr21 4Tr25 4S5 4Tr12	2r14	250	999985	exact
4Tr21 4Tr25 4S5 4Tr13	4L3	250	999985	exact
4Tr21 4Tr25 4S5 4Tr17	4Tr37	250	999985	exact
4Tr21 4Tr25 4S5 4Tr31	4Ss3	250	999985	exact
4Tr21 4Tr25 4S5 4Tr35	4Ss7	250	999985	exact
4Tr21 4Tr26	4S6	18	999987	exact
4Tr21 4Tr26 4S6 11	4Lr34	250	999989	exact
4Tr21 4Tr26 4S6 12	4Lsr14	250	999989	exact
4Tr21 4Tr26 4S6 13	4Lsr14	250	999987	exact
4Tr21 4Tr26 4S6 14	4Ls3	250	999987	exact
4Tr21 4Tr26 4S6 15	4S4	250	999987	exact
4Tr21 4Tr26 4S6 16	4Lr34	250	999987	exact
4Tr21 4Tr26 4S6 17	4Lr34	250	999989	exact
4Tr21 4Tr26 4S6 18	4Lr18	250	999987	exact
4Tr21 4Tr26 4S6 19	4Lr34	250	999989	exact
4Tr21 4Tr26 4S6 24	4Lr23	250	999989	exact
4Tr21 4Tr26 4S6 2r11	4Lr34	250	999987	exact
4Tr21 4Tr26 4S6 2r12	4Lsr14	250	999987	exact
4Tr21 4Tr26 4S6 2r13	4Lr34	250	999989	exact
4Tr21 4Tr26 4S6 2r14	4S3	250	999987	exact
4Tr21 4Tr26 4S6 2r15	4Lsr34	250	999987	exact
4Tr21 4Tr26 4S6 2r16	4Lsr14	250	999987	exact
4Tr21 4Tr26 4S6 2r17	4Lr34	250	999993	exact
4Tr21 4Tr26 4S6 2r18	4Ss7	250	999987	exact
4Tr21 4Tr26 4S6 2r19	4Lsr14	250	999987	exact
4Tr21 4Tr26 4S6 3Ir11	4Lsr14	250	999987	exact
4Tr21 4Tr26 4S6 3Ir12	4Lr34	250	999987	exact
4Tr21 4Tr26 4S6 3Ir13	4Lr34	250	999987	exact
4Tr21 4Tr26 4S6 3Ir14	4Lsr33	250	999987	exact
4Tr21 4Tr26 4S6 3Ir15	4Lr35	250	999987	exact
4Tr21 4Tr26 4S6 3Ir16	4Lsr14	250	999987	exact
4Tr21 4Tr26 4S6 3Ir17	4Tr18	250	999987	exact
4Tr21 4Tr26 4S6 3Ir18	4Lr37	250	999987	exact
4Tr21 4Tr26 4S6 3Ir19	4Lsr14	250	999987	exact
4Tr21 4Tr26 4S6 3L1	4Lsr14	250	999989	exact
4Tr21 4Tr26 4S6 3L6	4Lr34	250	999987	exact
4Tr21 4Tr26 4S6 3Lr12	4Lsr14	250	999987	exact
4Tr21 4Tr26 4S6 3Lr13	4Lr22	250	999987	exact
4Tr21 4Tr26 4S6 3Lr18	4Lr38	250	999987	exact
4Tr21 4Tr26 4S6 3Lr24	4Ssr13	250	999987	exact
4Tr21 4Tr26 4S6 3Lr34	4S3	250	999987	exact
4Tr21 4Tr26 4S6 4Lr34	4Lsr33	250	999987	exact
4Tr21 4Tr26 4S6 4Lsr14	4Lsr34	250	999991	exact
4Tr21 4Tr26 4S6 4S1	4Lsr14	250	999989	exact
4Tr21 4Tr26 4S6 4S6	4Lr34	250	999989	exact
4Tr21 4Tr26 4S6 4Sr13	4Ls3	250	999989	exact
4Tr21 4Tr26 4S6 4Ss2	4Lr34	250	999987	exact
4Tr21 4Tr26 4S6 4Ss3	4S2	250	999987	exact
4Tr21 4Tr26 4S6 4Ss8	4Tr17	250	999989	exact
4Tr21 4Tr26 4S6 4Tr12	4Lsr14	250	999987	exact
4Tr21 4Tr26 4S6 4Tr13	4Ssr12	250	999987	exact
4Tr21 4Tr26 4S6 4Tr18	4Tr38	250	999987	exact
4Tr21 4Tr26 4S6 4Tr31	4Lr34	250	999991	exact
4Tr21 4Tr26 4S6 4Tr36	4Lsr14	250	999993	exact
4Tr21 4Tr27	4Lsr14	22	999982	exact
4Tr21 4Tr31	4Lsr14	18	999991	exact
4Tr21 4Tr31 4Lsr14 11	4Tr26	250	999991	exact
4Tr21 4Tr31 4Lsr14 12	4Tr26	250	999991	exact
4Tr21 4Tr31 4Lsr14 13	4Lr38	250	999991	exact
4Tr21 4Tr31 4Lsr14 14	3Ir15	250	999991	exact
4Tr21 4Tr31 4Lsr14 15	4Tr26	250	999991	exact
4Tr21 4Tr31 4Lsr14 16	3Ir15	250	999991	exact
4Tr21 4Tr31 4Lsr14 17	4Sr17	250	999995	exact
4Tr21 4Tr31 4Lsr14 18	4Ssr16	250	999995	exact
4Tr21 4Tr31 4Lsr14 19	3Ir15	250	999991	exact
4Tr21 4Tr31 4Lsr14 23	4Tr26	250	999991	exact
4Tr21 4Tr31 4Lsr14 26	3Ir15	250	999991	exact
4Tr21 4Tr31 4Lsr14 27	4Lsr17	250	999991	exact
4Tr21 4Tr31 4Lsr14 28	3Ir15	250	999991	exact
4Tr21 4Tr31 4Lsr14 2r11	3Ir15	250	999991	exact
4Tr21 4Tr31 4Lsr14 2r12	3Ir15	250	999991	exact
4Tr21 4Tr31 4Lsr14 2r13	3Ir15	250	999991	exact
4Tr21 4Tr31 4Lsr14 2r14	4Tr26	250	999991	exact
4Tr21 4Tr31 4Lsr14 2r15	4Tr26	250	999993	exact
4Tr21 4Tr31 4Lsr14 2r16	4Ss5	250	999991	exact
4Tr21 4Tr31 4Lsr14 2r17	3Ir17	250	999991	exact
4Tr21 4Tr31 4Lsr14 2r19	4Lsr38	250	999991	exact
4Tr21 4Tr31 4Lsr14 3I6	4Tr26	250	999993	exact
4Tr21 4Tr31 4Lsr14 3I7	4Tr27	250	999995	exact
4Tr21 4Tr31 4Lsr14 3Ir11	4Tr26	250	999991	exact
4Tr21 4Tr31 4Lsr14 3Ir12	4Tr26	250	999991	exact
4Tr21 4Tr31 4Lsr14 3Ir13	4Lr38	250	999991	exact
4Tr21 4Tr31 4Lsr14 3Ir14	4Ss4	250	999991	exact
4Tr21 4Tr31 4Lsr14 3Ir15	4Tr26	250	999991	exact
4Tr21 4Tr31 4Lsr14 3Ir16	4Lr35	250	999991	exact
4Tr21 4Tr31 4Lsr14 3Ir17	2r17	250	999991	exact
4Tr21 4Tr31 4Lsr14 3Ir18	2r18	250	999991	exact
4Tr21 4Tr31 4Lsr14 3Ir19	19	250	999991	exact
4Tr21 4Tr31 4Lsr14 3Lr11	4Tr26	250	999991	exact
4Tr21 4Tr31 4Lsr14 3Lr23	4Tr26	250	999993	exact
4Tr21 4Tr31 4Lsr14 3Lr26	4S6	250	999991	exact
4Tr21 4Tr31 4Lsr14 3Lr27	3L7	250	999993	exact
4Tr21 4Tr31 4Lsr14 3Lr28	3Ir15	250	999991	exact
4Tr21 4Tr31 4Lsr14 3Lr33	4Tr26	250	999991	exact
4Tr21 4Tr31 4Lsr14 3Lr36	4Ss6	250	999991	exact
4Tr21 4Tr31 4Lsr14 3Lr37	3Ir15	250	999991	exact
4Tr21 4Tr31 4Lsr14 3Lr38	3Ir15	250	999991	exact
4Tr21 4Tr31 4Lsr14 4Lr12	3Ir15	250	999991	exact
4Tr21 4Tr31 4Lsr14 4Lr26	4Ssr16	250	999995	exact
4Tr21 4Tr31 4Lsr14 4Lr27	4Ssr17	250	999995	exact
4Tr21 4Tr31 4Lsr14 4Lr33	3Ir15	250	999991	exact
4Tr21 4Tr31 4Lsr14 4Lr36	4Lr16	250	999993	exact
4Tr21 4Tr31 4Lsr14 4Lr37	4Lr17	250	999991	exact
4Tr21 4Tr31 4Lsr14 4Lr38	4Lr18	250	999993	exact
4Tr21 4Tr31 4Lsr14 4Lsr13	4Tr26	250	999991	exact
4Tr21 4Tr31 4Lsr14 4Lsr16	4Lsr36	250	999993	exact
4Tr21 4Tr31 4Lsr14 4Lsr17	4Lsr37	250	999991	exact
4Tr21 4Tr31 4Lsr14 4Lsr18	4Lsr38	250	999993	exact
4Tr21 4Tr31 4Lsr14 4Lsr26	4Sr16	250	999995	exact
4Tr21 4Tr31 4Lsr14 4Lsr27	4Sr17	250	999995	exact
4Tr21 4Tr31 4Lsr14 4Lsr34	4Tr26	250	999991	exact
4Tr21 4Tr31 4Lsr14 4Ss1	4Tr26	250	999991	exact
4Tr21 4Tr31 4Lsr14 4Tr11	4Tr26	250	999991	exact
4Tr21 4Tr31 4Lsr14 4Tr26	3Ir15	250	999991	exact
4Tr21 4Tr31 4Lsr14 4Tr27	4S7	250	999991	exact
4Tr21	4Lr38	22	-6670
