4Tr21 4Lr38 4Lr18 11	4Tr24	5	999995	exact
4Tr21 4Lr38 4Lr18 11 4Tr24 11	3Ir17	250	999997	exact
4Tr21 4Lr38 4Lr18 11 4Tr24 12	3Ir17	250	999997	exact
4Tr21 4Lr38 4Lr18 11 4Tr24 13	3Ir17	250	999997	exact
4Tr21 4Lr38 4Lr18 11 4Tr24 14	3Ir17	250	999997	exact
4Tr21 4Lr38 4Lr18 11 4Tr24 15	3Ir17	250	999997	exact
4Tr21 4Lr38 4Lr18 11 4Tr24 16	3Ir17	250	999997	exact
4Tr21 4Lr38 4Lr18 11 4Tr24 17	3Ir17	250	999997	exact
4Tr21 4Lr38 4Lr18 11 4Tr24 18	3Ir17	250	999997	exact
4Tr21 4Lr38 4Lr18 11 4Tr24 19	3Ir17	250	999997	exact
4Tr21 4Lr38 4Lr18 11 4Tr24 21	3Ir17	250	999997	exact
4Tr21 4Lr38 4Lr18 11 4Tr24 23	3Ir17	250	999997	exact
4Tr21 4Lr38 4Lr18 11 4Tr24 28	3Ir17	250	999997	exact
4Tr21 4Lr38 4Lr18 11 4Tr24 2r11	3Ir17	250	999997	exact
4Tr21 4Lr38 4Lr18 11 4Tr24 2r12	3Ir17	250	999997	exact
4Tr21 4Lr38 4Lr18 11 4Tr24 2r13	3Ir17	250	999997	exact
4Tr21 4Lr38 4Lr18 11 4Tr24 2r14	3Ir17	250	999997	exact
4Tr21 4Lr38 4Lr18 11 4Tr24 2r15	3Ir17	250	999997	exact
4Tr21 4Lr38 4Lr18 11 4Tr24 2r16	3Ir17	250	999997	exact
4Tr21 4Lr38 4Lr18 11 4Tr24 2r17	3L6	250	999997	exact
4Tr21 4Lr38 4Lr18 11 4Tr24 2r18	3Ir17	250	999997	exact
4Tr21 4Lr38 4Lr18 11 4Tr24 2r19	3Ir17	250	999997	exact
4Tr21 4Lr38 4Lr18 11 4Tr24 3Ir11	3Ir17	250	999997	exact
4Tr21 4Lr38 4Lr18 11 4Tr24 3Ir12	3Ir17	250	999997	exact
4Tr21 4Lr38 4Lr18 11 4Tr24 3Ir13	3Ir17	250	999997	exact
4Tr21 4Lr38 4Lr18 11 4Tr24 3Ir14	3Ir17	250	999997	exact
4Tr21 4Lr38 4Lr18 11 4Tr24 3Ir15	3Ir17	250	999997	exact
4Tr21 4Lr38 4Lr18 11 4Tr24 3Ir16	3Ir17	250	999997	exact
4Tr21 4Lr38 4Lr18 11 4Tr24 3Ir17	4Lsr36	250	999997	exact
4Tr21 4Lr38 4Lr18 11 4Tr24 3Ir18	3Ir17	250	999997	exact
4Tr21 4Lr38 4Lr18 11 4Tr24 3Ir19	3Ir17	250	999997	exact
4Tr21 4Lr38 4Lr18 11 4Tr24 3L4	3Ir17	250	999997	exact
4Tr21 4Lr38 4Lr18 11 4Tr24 3Lr12	3Ir17	250	999997	exact
4Tr21 4Lr38 4Lr18 11 4Tr24 3Lr15	3Ir17	250	999997	exact
4Tr21 4Lr38 4Lr18 11 4Tr24 3Lr16	4Lsr16	250	999997	exact
4Tr21 4Lr38 4Lr18 11 4Tr24 3Lr21	3Ir17	250	999997	exact
4Tr21 4Lr38 4Lr18 11 4Tr24 3Lr23	3Ir17	250	999997	exact
4Tr21 4Lr38 4Lr18 11 4Tr24 3Lr28	3Ir17	250	999997	exact
4Tr21 4Lr38 4Lr18 11 4Tr24 3Lr31	3Ir17	250	999997	exact
4Tr21 4Lr38 4Lr18 11 4Tr24 3Lr33	3Ir17	250	999997	exact
4Tr21 4Lr38 4Lr18 11 4Tr24 3Lr38	3Ir17	250	999997	exact
4Tr21 4Lr38 4Lr18 11 4Tr24 4Lr31	3Ir17	250	999997	exact
4Tr21 4Lr38 4Lr18 11 4Tr24 4Lr33	3Ir17	250	999997	exact
4Tr21 4Lr38 4Lr18 11 4Tr24 4Lr38	3Ir17	250	999997	exact
4Tr21 4Lr38 4Lr18 11 4Tr24 4Ls1	3Ir17	250	999997	exact
4Tr21 4Lr38 4Lr18 11 4Tr24 4Lsr11	3Ir17	250	999997	exact
4Tr21 4Lr38 4Lr18 11 4Tr24 4Lsr13	3Ir17	250	999997	exact
4Tr21 4Lr38 4Lr18 11 4Tr24 4Lsr18	3Ir17	250	999997	exact
4Tr21 4Lr38 4Lr18 11 4Tr24 4S4	3Ir17	250	999997	exact
4Tr21 4Lr38 4Lr18 11 4Tr24 4Sr12	3Ir17	250	999997	exact
4Tr21 4Lr38 4Lr18 11 4Tr24 4Ss2	3Ir17	250	999997	exact
4Tr21 4Lr38 4Lr18 11 4Tr24 4Ss5	3Ir17	250	999997	exact
4Tr21 4Lr38 4Lr18 11 4Tr24 4Ss6	4S5	250	999995	exact
4Tr21 4Lr38 4Lr18 11 4Tr24 4Ssr13	3Ir17	250	999997	exact
4Tr21 4Lr38 4Lr18 11 4Tr24 4Tr12	3Ir17	250	999997	exact
4Tr21 4Lr38 4Lr18 11 4Tr24 4Tr15	3Ir17	250	999997	exact
4Tr21 4Lr38 4Lr18 11 4Tr24 4Tr16	3L6	250	999997	exact
4Tr21 4Lr38 4Lr18 11 4Tr24 4Tr34	3Ir17	250	999997	exact
4Tr21 4Lr38 4Lr18 12	4Tr24	5	999995	exact
4Tr21 4Lr38 4Lr18 12 4Tr24 11	3Ir17	250	999997	exact
4Tr21 4Lr38 4Lr18 12 4Tr24 12	3Ir17	250	999997	exact
4Tr21 4Lr38 4Lr18 12 4Tr24 13	3Ir17	250	999997	exact
4Tr21 4Lr38 4Lr18 12 4Tr24 14	3Ir17	250	999997	exact
4Tr21 4Lr38 4Lr18 12 4Tr24 15	3Ir17	250	999997	exact
4Tr21 4Lr38 4Lr18 12 4Tr24 16	3Ir17	250	999997	exact
4Tr21 4Lr38 4Lr18 12 4Tr24 17	3Ir17	250	999997	exact
4Tr21 4Lr38 4Lr18 12 4Tr24 18	3Ir17	250	999997	exact
4Tr21 4Lr38 4Lr18 12 4Tr24 19	3Ir17	250	999997	exact
4Tr21 4Lr38 4Lr18 12 4Tr24 23	3Ir17	250	999997	exact
4Tr21 4Lr38 4Lr18 12 4Tr24 28	3Ir17	250	999997	exact
4Tr21 4Lr38 4Lr18 12 4Tr24 2r11	3Ir17	250	999997	exact
4Tr21 4Lr38 4Lr18 12 4Tr24 2r12	3Ir17	250	999997	exact
4Tr21 4Lr38 4Lr18 12 4Tr24 2r13	3Ir17	250	999997	exact
4Tr21 4Lr38 4Lr18 12 4Tr24 2r14	3Ir17	250	999997	exact
4Tr21 4Lr38 4Lr18 12 4Tr24 2r15	3Ir17	250	999997	exact
4Tr21 4Lr38 4Lr18 12 4Tr24 2r16	3Ir17	250	999997	exact
4Tr21 4Lr38 4Lr18 12 4Tr24 2r17	4S6	250	999997	exact
4Tr21 4Lr38 4Lr18 12 4Tr24 2r18	3Ir17	250	999997	exact
4Tr21 4Lr38 4Lr18 12 4Tr24 2r19	3Ir17	250	999997	exact
4Tr21 4Lr38 4Lr18 12 4Tr24 3Ir11	3Ir17	250	999997	exact
4Tr21 4Lr38 4Lr18 12 4Tr24 3Ir12	3Ir17	250	999997	exact
4Tr21 4Lr38 4Lr18 12 4Tr24 3Ir13	3Ir17	250	999997	exact
4Tr21 4Lr38 4Lr18 12 4Tr24 3Ir14	3Ir17	250	999997	exact
4Tr21 4Lr38 4Lr18 12 4Tr24 3Ir15	3Ir17	250	999997	exact
4Tr21 4Lr38 4Lr18 12 4Tr24 3Ir16	3Ir17	250	999997	exact
4Tr21 4Lr38 4Lr18 12 4Tr24 3Ir17	4Lsr36	250	999997	exact
4Tr21 4Lr38 4Lr18 12 4Tr24 3Ir18	3Ir17	250	999997	exact
4Tr21 4Lr38 4Lr18 12 4Tr24 3Ir19	3Ir17	250	999997	exact
4Tr21 4Lr38 4Lr18 12 4Tr24 3L4	3Ir17	250	999997	exact
4Tr21 4Lr38 4Lr18 12 4Tr24 3Lr15	3Ir17	250	999997	exact
4Tr21 4Lr38 4Lr18 12 4Tr24 3Lr16	4Lsr16	250	999997	exact
4Tr21 4Lr38 4Lr18 12 4Tr24 3Lr23	3Ir17	250	999997	exact
4Tr21 4Lr38 4Lr18 12 4Tr24 3Lr28	3Ir17	250	999997	exact
4Tr21 4Lr38 4Lr18 12 4Tr24 3Lr33	3Ir17	250	999997	exact
4Tr21 4Lr38 4Lr18 12 4Tr24 3Lr38	3Ir17	250	999997	exact
4Tr21 4Lr38 4Lr18 12 4Tr24 4Lr12	3Ir17	250	999997	exact
4Tr21 4Lr38 4Lr18 12 4Tr24 4Lr33	3Ir17	250	999997	exact
4Tr21 4Lr38 4Lr18 12 4Tr24 4Lr38	3Ir17	250	999997	exact
4Tr21 4Lr38 4Lr18 12 4Tr24 4Lsr13	3Ir17	250	999997	exact
4Tr21 4Lr38 4Lr18 12 4Tr24 4Lsr18	3Ir17	250	999997	exact
4Tr21 4Lr38 4Lr18 12 4Tr24 4Lsr31	3Ir17	250	999997	exact
4Tr21 4Lr38 4Lr18 12 4Tr24 4S4	3Ir17	250	999997	exact
4Tr21 4Lr38 4Lr18 12 4Tr24 4Ss5	3Ir17	250	999997	exact
4Tr21 4Lr38 4Lr18 12 4Tr24 4Ss6	4S5	250	999995	exact
4Tr21 4Lr38 4Lr18 12 4Tr24 4Ssr13	3Ir17	250	999997	exact
4Tr21 4Lr38 4Lr18 12 4Tr24 4Tr15	3Ir17	250	999997	exact
4Tr21 4Lr38 4Lr18 12 4Tr24 4Tr16	4S6	250	999997	exact
4Tr21 4Lr38 4Lr18 12 4Tr24 4Tr34	3Ir17	250	999997	exact
4Tr21 4Lr38 4Lr18 13	4Tr24	5	999995	exact
4Tr21 4Lr38 4Lr18 13 4Tr24 11	3Ir17	250	999997	exact
4Tr21 4Lr38 4Lr18 13 4Tr24 12	3Ir17	250	999997	exact
4Tr21 4Lr38 4Lr18 13 4Tr24 13	3Ir17	250	999997	exact
4Tr21 4Lr38 4Lr18 13 4Tr24 14	3Ir17	250	999997	exact
4Tr21 4Lr38 4Lr18 13 4Tr24 15	3Ir17	250	999997	exact
4Tr21 4Lr38 4Lr18 13 4Tr24 16	3Ir17	250	999997	exact
4Tr21 4Lr38 4Lr18 13 4Tr24 17	3Ir17	250	999997	exact
4Tr21 4Lr38 4Lr18 13 4Tr24 18	3Ir17	250	999997	exact
4Tr21 4Lr38 4Lr18 13 4Tr24 19	3Ir17	250	999997	exact
4Tr21 4Lr38 4Lr18 13 4Tr24 22	3Ir17	250	999997	exact
4Tr21 4Lr38 4Lr18 13 4Tr24 28	3Ir17	250	999997	exact
4Tr21 4Lr38 4Lr18 13 4Tr24 2r11	3Ir17	250	999997	exact
4Tr21 4Lr38 4Lr18 13 4Tr24 2r12	3Ir17	250	999997	exact
4Tr21 4Lr38 4Lr18 13 4Tr24 2r13	3Ir17	250	999997	exact
4Tr21 4Lr38 4Lr18 13 4Tr24 2r14	3Ir17	250	999997	exact
4Tr21 4Lr38 4Lr18 13 4Tr24 2r15	3Ir17	250	999997	exact
4Tr21 4Lr38 4Lr18 13 4Tr24 2r16	3Ir17	250	999997	exact
4Tr21 4Lr38 4Lr18 13 4Tr24 2r17	4S6	250	999997	exact
4Tr21 4Lr38 4Lr18 13 4Tr24 2r18	3Ir17	250	999997	exact
4Tr21 4Lr38 4Lr18 13 4Tr24 2r19	3Ir17	250	999997	exact
4Tr21 4Lr38 4Lr18 13 4Tr24 3Ir11	3Ir17	250	999997	exact
4Tr21 4Lr38 4Lr18 13 4Tr24 3Ir12	3Ir17	250	999997	exact
4Tr21 4Lr38 4Lr18 13 4Tr24 3Ir13	3Ir17	250	999997	exact
4Tr21 4Lr38 4Lr18 13 4Tr24 3Ir14	3Ir17	250	999997	exact
4Tr21 4Lr38 4Lr18 13 4Tr24 3Ir15	3Ir17	250	999997	exact
4Tr21 4Lr38 4Lr18 13 4Tr24 3Ir16	3Ir17	250	999997	exact
4Tr21 4Lr38 4Lr18 13 4Tr24 3Ir17	4Lsr36	250	999997	exact
4Tr21 4Lr38 4Lr18 13 4Tr24 3Ir18	3Ir17	250	999997	exact
4Tr21 4Lr38 4Lr18 13 4Tr24 3Ir19	3Ir17	250	999997	exact
4Tr21 4Lr38 4Lr18 13 4Tr24 3L1	3Ir17	250	999997	exact
4Tr21 4Lr38 4Lr18 13 4Tr24 3L4	3Ir17	250	999997	exact
4Tr21 4Lr38 4Lr18 13 4Tr24 3Lr13	3Ir17	250	999997	exact
4Tr21 4Lr38 4Lr18 13 4Tr24 3Lr15	3Ir17	250	999997	exact
4Tr21 4Lr38 4Lr18 13 4Tr24 3Lr16	4Lsr16	250	999997	exact
4Tr21 4Lr38 4Lr18 13 4Tr24 3Lr22	3Ir17	250	999997	exact
4Tr21 4Lr38 4Lr18 13 4Tr24 3Lr28	3Ir17	250	999997	exact
4Tr21 4Lr38 4Lr18 13 4Tr24 3Lr32	3Ir17	250	999997	exact
4Tr21 4Lr38 4Lr18 13 4Tr24 3Lr38	3Ir17	250	999997	exact
4Tr21 4Lr38 4Lr18 13 4Tr24 4L1	3Ir17	250	999997	exact
4Tr21 4Lr38 4Lr18 13 4Tr24 4Lr32	3Ir17	250	999997	exact
4Tr21 4Lr38 4Lr18 13 4Tr24 4Lr38	3Ir17	250	999997	exact
4Tr21 4Lr38 4Lr18 13 4Tr24 4Ls2	3Ir17	250	999997	exact
4Tr21 4Lr38 4Lr18 13 4Tr24 4Lsr12	3Ir17	250	999997	exact
4Tr21 4Lr38 4Lr18 13 4Tr24 4Lsr18	3Ir17	250	999997	exact
4Tr21 4Lr38 4Lr18 13 4Tr24 4S1	3Ir17	250	999997	exact
4Tr21 4Lr38 4Lr18 13 4Tr24 4S4	3Ir17	250	999997	exact
4Tr21 4Lr38 4Lr18 13 4Tr24 4Ss3	3Ir17	250	999997	exact
4Tr21 4Lr38 4Lr18 13 4Tr24 4Ss5	3Ir17	250	999997	exact
4Tr21 4Lr38 4Lr18 13 4Tr24 4Ss6	4S5	250	999995	exact
4Tr21 4Lr38 4Lr18 13 4Tr24 4T3	3Ir17	250	999997	exact
4Tr21 4Lr38 4Lr18 13 4Tr24 4Tr13	3Ir17	250	999997	exact
4Tr21 4Lr38 4Lr18 13 4Tr24 4Tr15	3Ir17	250	999997	exact
4Tr21 4Lr38 4Lr18 13 4Tr24 4Tr16	4S6	250	999997	exact
4Tr21 4Lr38 4Lr18 13 4Tr24 4Tr31	3Ir17	250	999997	exact
4Tr21 4Lr38 4Lr18 13 4Tr24 4Tr34	3Ir17	250	999997	exact
4Tr21 4Lr38 4Lr18 14	4Ss4	5	999995	exact
4Tr21 4Lr38 4Lr18 14 4Ss4 11	4Lsr16	250	999997	exact
4Tr21 4Lr38 4Lr18 14 4Ss4 12	4Lsr16	250	999997	exact
4Tr21 4Lr38 4Lr18 14 4Ss4 13	4Lsr16	250	999997	exact
4Tr21 4Lr38 4Lr18 14 4Ss4 14	4Lsr16	250	999997	exact
4Tr21 4Lr38 4Lr18 14 4Ss4 15	4Lsr16	250	999997	exact
4Tr21 4Lr38 4Lr18 14 4Ss4 16	4Tr16	250	999997	exact
4Tr21 4Lr38 4Lr18 14 4Ss4 17	4S6	250	999997	exact
4Tr21 4Lr38 4Lr18 14 4Ss4 18	4Lsr16	250	999997	exact
4Tr21 4Lr38 4Lr18 14 4Ss4 19	4Lsr16	250	999997	exact
4Tr21 4Lr38 4Lr18 14 4Ss4 26	4Lsr16	250	999997	exact
4Tr21 4Lr38 4Lr18 14 4Ss4 28	4Lsr16	250	999997	exact
4Tr21 4Lr38 4Lr18 14 4Ss4 2r11	4Lsr16	250	999997	exact
4Tr21 4Lr38 4Lr18 14 4Ss4 2r12	4Lsr16	250	999997	exact
4Tr21 4Lr38 4Lr18 14 4Ss4 2r13	4Lsr16	250	999997	exact
4Tr21 4Lr38 4Lr18 14 4Ss4 2r14	4Lsr16	250	999997	exact
4Tr21 4Lr38 4Lr18 14 4Ss4 2r15	4Lsr16	250	999997	exact
4Tr21 4Lr38 4Lr18 14 4Ss4 2r16	4Lr16	250	999997	exact
4Tr21 4Lr38 4Lr18 14 4Ss4 2r17	4Lsr36	250	999997	exact
4Tr21 4Lr38 4Lr18 14 4Ss4 2r18	4Lsr16	250	999997	exact
4Tr21 4Lr38 4Lr18 14 4Ss4 2r19	4Lsr16	250	999997	exact
4Tr21 4Lr38 4Lr18 14 4Ss4 3Ir11	4Lsr16	250	999997	exact
4Tr21 4Lr38 4Lr18 14 4Ss4 3Ir12	4Lsr16	250	999997	exact
4Tr21 4Lr38 4Lr18 14 4Ss4 3Ir13	4Lsr16	250	999997	exact
4Tr21 4Lr38 4Lr18 14 4Ss4 3Ir14	4Lsr16	250	999997	exact
4Tr21 4Lr38 4Lr18 14 4Ss4 3Ir15	4Lsr16	250	999997	exact
4Tr21 4Lr38 4Lr18 14 4Ss4 3Ir16	3L5	250	999995	exact
4Tr21 4Lr38 4Lr18 14 4Ss4 3Ir17	4S7	250	999995	exact
4Tr21 4Lr38 4Lr18 14 4Ss4 3Ir18	4Lsr16	250	999997	exact
4Tr21 4Lr38 4Lr18 14 4Ss4 3Ir19	4Lsr16	250	999997	exact
4Tr21 4Lr38 4Lr18 14 4Ss4 3L1	4Lsr16	250	999997	exact
4Tr21 4Lr38 4Lr18 14 4Ss4 3Lr12	4Lsr16	250	999997	exact
4Tr21 4Lr38 4Lr18 14 4Ss4 3Lr14	4Lsr16	250	999997	exact
4Tr21 4Lr38 4Lr18 14 4Ss4 3Lr26	4S6	250	999997	exact
4Tr21 4Lr38 4Lr18 14 4Ss4 3Lr28	4Lsr16	250	999997	exact
4Tr21 4Lr38 4Lr18 14 4Ss4 3Lr36	4Ss6	250	999997	exact
4Tr21 4Lr38 4Lr18 14 4Ss4 3Lr38	4Lsr16	250	999997	exact
4Tr21 4Lr38 4Lr18 14 4Ss4 4Lr15	3I4	250	999995	exact
4Tr21 4Lr38 4Lr18 14 4Ss4 4Lr36	4S5	250	999995	exact
4Tr21 4Lr38 4Lr18 14 4Ss4 4Lr38	4Lsr16	250	999997	exact
4Tr21 4Lr38 4Lr18 14 4Ss4 4Lsr16	4Lsr36	250	999997	exact
4Tr21 4Lr38 4Lr18 14 4Ss4 4Lsr18	4Lsr16	250	999997	exact
4Tr21 4Lr38 4Lr18 14 4Ss4 4Lsr33	4Lsr16	250	999997	exact
4Tr21 4Lr38 4Lr18 14 4Ss4 4S1	4Lsr16	250	999997	exact
4Tr21 4Lr38 4Lr18 14 4Ss4 4Ss2	4Lsr16	250	999997	exact
4Tr21 4Lr38 4Lr18 14 4Ss4 4Ss4	4Lsr16	250	999997	exact
4Tr21 4Lr38 4Lr18 14 4Ss4 4Tr12	4Lsr16	250	999997	exact
4Tr21 4Lr38 4Lr18 14 4Ss4 4Tr14	4Lsr16	250	999997	exact
4Tr21 4Lr38 4Lr18 14 4Ss4 4Tr31	4Lsr16	250	999997	exact
4Tr21 4Lr38 4Lr18 15	4S4	5	999995	exact
4Tr21 4Lr38 4Lr18 15 4S4 11	4Lsr16	250	999997	exact
4Tr21 4Lr38 4Lr18 15 4S4 12	4Lsr16	250	999997	exact
4Tr21 4Lr38 4Lr18 15 4S4 13	4Lsr16	250	999997	exact
4Tr21 4Lr38 4Lr18 15 4S4 14	4Lsr16	250	999997	exact
4Tr21 4Lr38 4Lr18 15 4S4 15	4Lsr16	250	999997	exact
4Tr21 4Lr38 4Lr18 15 4S4 16	4Tr16	250	999997	exact
4Tr21 4Lr38 4Lr18 15 4S4 17	4S6	250	999997	exact
4Tr21 4Lr38 4Lr18 15 4S4 18	4Lsr16	250	999997	exact
4Tr21 4Lr38 4Lr18 15 4S4 19	4Lsr16	250	999997	exact
4Tr21 4Lr38 4Lr18 15 4S4 26	4Lsr16	250	999997	exact
4Tr21 4Lr38 4Lr18 15 4S4 28	4Lsr16	250	999997	exact
4Tr21 4Lr38 4Lr18 15 4S4 2r11	4Lsr16	250	999997	exact
4Tr21 4Lr38 4Lr18 15 4S4 2r12	4Lsr16	250	999997	exact
4Tr21 4Lr38 4Lr18 15 4S4 2r13	4Lsr16	250	999997	exact
4Tr21 4Lr38 4Lr18 15 4S4 2r14	4Lsr16	250	999997	exact
4Tr21 4Lr38 4Lr18 15 4S4 2r15	4Lsr16	250	999997	exact
4Tr21 4Lr38 4Lr18 15 4S4 2r16	4Lr16	250	999997	exact
4Tr21 4Lr38 4Lr18 15 4S4 2r17	4Lsr36	250	999997	exact
4Tr21 4Lr38 4Lr18 15 4S4 2r18	4Lsr16	250	999997	exact
4Tr21 4Lr38 4Lr18 15 4S4 2r19	4Lsr16	250	999997	exact
4Tr21 4Lr38 4Lr18 15 4S4 3Ir11	4Lsr16	250	999997	exact
4Tr21 4Lr38 4Lr18 15 4S4 3Ir12	4Lsr16	250	999997	exact
4Tr21 4Lr38 4Lr18 15 4S4 3Ir13	4Lsr16	250	999997	exact
4Tr21 4Lr38 4Lr18 15 4S4 3Ir14	4Lsr16	250	999997	exact
4Tr21 4Lr38 4Lr18 15 4S4 3Ir15	4Lsr16	250	999997	exact
4Tr21 4Lr38 4Lr18 15 4S4 3Ir16	4Lsr15	250	999995	exact
4Tr21 4Lr38 4Lr18 15 4S4 3Ir17	4S7	250	999995	exact
4Tr21 4Lr38 4Lr18 15 4S4 3Ir18	4Lsr16	250	999997	exact
4Tr21 4Lr38 4Lr18 15 4S4 3Ir19	4Lsr16	250	999997	exact
4Tr21 4Lr38 4Lr18 15 4S4 3L1	4Lsr16	250	999997	exact
4Tr21 4Lr38 4Lr18 15 4S4 3L3	4Lsr16	250	999997	exact
4Tr21 4Lr38 4Lr18 15 4S4 3L4	4Lsr16	250	999997	exact
4Tr21 4Lr38 4Lr18 15 4S4 3Lr12	4Lsr16	250	999997	exact
4Tr21 4Lr38 4Lr18 15 4S4 3Lr26	4S6	250	999997	exact
4Tr21 4Lr38 4Lr18 15 4S4 3Lr28	4Lsr16	250	999997	exact
4Tr21 4Lr38 4Lr18 15 4S4 3Lr36	3Lr16	250	999997	exact
4Tr21 4Lr38 4Lr18 15 4S4 3Lr38	4Lsr16	250	999997	exact
4Tr21 4Lr38 4Lr18 15 4S4 4Lr36	4Lr16	250	999997	exact
4Tr21 4Lr38 4Lr18 15 4S4 4Lr38	4Lsr16	250	999997	exact
4Tr21 4Lr38 4Lr18 15 4S4 4Lsr16	4Lsr36	250	999997	exact
4Tr21 4Lr38 4Lr18 15 4S4 4Lsr18	4Lsr16	250	999997	exact
4Tr21 4Lr38 4Lr18 15 4S4 4S1	4Lsr16	250	999997	exact
4Tr21 4Lr38 4Lr18 15 4S4 4S3	4Lsr16	250	999997	exact
4Tr21 4Lr38 4Lr18 15 4S4 4S4	4Lsr16	250	999997	exact
4Tr21 4Lr38 4Lr18 15 4S4 4Ss2	4Lsr16	250	999997	exact
4Tr21 4Lr38 4Lr18 15 4S4 4T2	4Lsr16	250	999997	exact
4Tr21 4Lr38 4Lr18 15 4S4 4Tr12	4Lsr16	250	999997	exact
4Tr21 4Lr38 4Lr18 15 4S4 4Tr31	4Lsr16	250	999997	exact
4Tr21 4Lr38 4Lr18 15 4S4 4Tr33	4Lsr16	250	999997	exact
4Tr21 4Lr38 4Lr18 15 4S4 4Tr34	4Lsr16	250	999997	exact
4Tr21 4Lr38 4Lr18 16	4Ssr14	3	999997	exact
4Tr21 4Lr38 4Lr18 16 4Ssr14 11	3Ir17	250	999997	exact
4Tr21 4Lr38 4Lr18 16 4Ssr14 12	3Ir17	250	999997	exact
4Tr21 4Lr38 4Lr18 16 4Ssr14 13	3Ir17	250	999997	exact
4Tr21 4Lr38 4Lr18 16 4Ssr14 14	3Ir17	250	999997	exact
4Tr21 4Lr38 4Lr18 16 4Ssr14 15	3Ir17	250	999997	exact
4Tr21 4Lr38 4Lr18 16 4Ssr14 16	3Ir17	250	999997	exact
4Tr21 4Lr38 4Lr18 16 4Ssr14 17	3Ir17	250	999997	exact
4Tr21 4Lr38 4Lr18 16 4Ssr14 18	3Ir17	250	999997	exact
4Tr21 4Lr38 4Lr18 16 4Ssr14 19	3Ir17	250	999997	exact
4Tr21 4Lr38 4Lr18 16 4Ssr14 23	3Ir17	250	999997	exact
4Tr21 4Lr38 4Lr18 16 4Ssr14 25	3Ir17	250	999997	exact
4Tr21 4Lr38 4Lr18 16 4Ssr14 28	3Ir17	250	999997	exact
4Tr21 4Lr38 4Lr18 16 4Ssr14 2r11	3Ir17	250	999997	exact
4Tr21 4Lr38 4Lr18 16 4Ssr14 2r12	3Ir17	250	999997	exact
4Tr21 4Lr38 4Lr18 16 4Ssr14 2r13	3Ir17	250	999997	exact
4Tr21 4Lr38 4Lr18 16 4Ssr14 2r14	3Ir17	250	999997	exact
4Tr21 4Lr38 4Lr18 16 4Ssr14 2r15	3Ir17	250	999997	exact
4Tr21 4Lr38 4Lr18 16 4Ssr14 2r16	3Ir17	250	999997	exact
4Tr21 4Lr38 4Lr18 16 4Ssr14 2r17	3Ir17	250	999997	exact
4Tr21 4Lr38 4Lr18 16 4Ssr14 2r18	3Ir17	250	999997	exact
4Tr21 4Lr38 4Lr18 16 4Ssr14 2r19	3Ir17	250	999997	exact
4Tr21 4Lr38 4Lr18 16 4Ssr14 3Ir11	3Ir17	250	999997	exact
4Tr21 4Lr38 4Lr18 16 4Ssr14 3Ir12	3Ir17	250	999997	exact
4Tr21 4Lr38 4Lr18 16 4Ssr14 3Ir13	3Ir17	250	999997	exact
4Tr21 4Lr38 4Lr18 16 4Ssr14 3Ir14	3Ir17	250	999997	exact
4Tr21 4Lr38 4Lr18 16 4Ssr14 3Ir15	3Ir17	250	999997	exact
4Tr21 4Lr38 4Lr18 16 4Ssr14 3Ir16	3Ir17	250	999997	exact
4Tr21 4Lr38 4Lr18 16 4Ssr14 3Ir17	3L6	250	999997	exact
4Tr21 4Lr38 4Lr18 16 4Ssr14 3Ir18	4Lr16	250	999997	exact
4Tr21 4Lr38 4Lr18 16 4Ssr14 3Ir19	3Ir17	250	999997	exact
4Tr21 4Lr38 4Lr18 16 4Ssr14 3L1	3Ir17	250	999997	exact
4Tr21 4Lr38 4Lr18 16 4Ssr14 3L4	3Ir17	250	999997	exact
4Tr21 4Lr38 4Lr18 16 4Ssr14 3Lr12	3Ir17	250	999997	exact
4Tr21 4Lr38 4Lr18 16 4Ssr14 3Lr23	3Ir17	250	999997	exact
4Tr21 4Lr38 4Lr18 16 4Ssr14 3Lr25	3Ir17	250	999997	exact
4Tr21 4Lr38 4Lr18 16 4Ssr14 3Lr28	3Ir17	250	999997	exact
4Tr21 4Lr38 4Lr18 16 4Ssr14 3Lr33	3Ir17	250	999997	exact
4Tr21 4Lr38 4Lr18 16 4Ssr14 3Lr35	3Ir17	250	999997	exact
4Tr21 4Lr38 4Lr18 16 4Ssr14 3Lr38	3Ir17	250	999997	exact
4Tr21 4Lr38 4Lr18 16 4Ssr14 4L4	3Ir17	250	999997	exact
4Tr21 4Lr38 4Lr18 16 4Ssr14 4Lr16	4L5	250	999997	exact
4Tr21 4Lr38 4Lr18 16 4Ssr14 4Lr33	3Ir17	250	999997	exact
4Tr21 4Lr38 4Lr18 16 4Ssr14 4Lr35	3Ir17	250	999997	exact
4Tr21 4Lr38 4Lr18 16 4Ssr14 4Lr38	3Ir17	250	999997	exact
4Tr21 4Lr38 4Lr18 16 4Ssr14 4Lsr13	3Ir17	250	999997	exact
4Tr21 4Lr38 4Lr18 16 4Ssr14 4Lsr15	3Ir17	250	999997	exact
4Tr21 4Lr38 4Lr18 16 4Ssr14 4Lsr18	3Ir17	250	999997	exact
4Tr21 4Lr38 4Lr18 16 4Ssr14 4S1	3Ir17	250	999997	exact
4Tr21 4Lr38 4Lr18 16 4Ssr14 4S4	4Lr16	250	999997	exact
4Tr21 4Lr38 4Lr18 16 4Ssr14 4Sr12	4Lr16	250	999997	exact
4Tr21 4Lr38 4Lr18 16 4Ssr14 4Ss2	3Ir17	250	999997	exact
4Tr21 4Lr38 4Lr18 16 4Ssr14 4Ssr13	4Lr16	250	999997	exact
4Tr21 4Lr38 4Lr18 16 4Ssr14 4Tr12	3Ir17	250	999997	exact
4Tr21 4Lr38 4Lr18 16 4Ssr14 4Tr31	4Lr16	250	999997	exact
4Tr21 4Lr38 4Lr18 16 4Ssr14 4Tr34	4Lr16	250	999997	exact
4Tr21 4Lr38 4Lr18 17	4S6	15	999989	exact
4Tr21 4Lr38 4Lr18 17 4S6 11	4Lr34	250	999997	exact
4Tr21 4Lr38 4Lr18 17 4S6 12	4Lr34	250	999997	exact
4Tr21 4Lr38 4Lr18 17 4S6 13	4Lr34	250	999997	exact
4Tr21 4Lr38 4Lr18 17 4S6 14	4Ls3	250	999997	exact
4Tr21 4Lr38 4Lr18 17 4S6 15	4T3	250	999997	exact
4Tr21 4Lr38 4Lr18 17 4S6 16	4Sr13	250	999997	exact
4Tr21 4Lr38 4Lr18 17 4S6 17	4Sr13	250	999997	exact
4Tr21 4Lr38 4Lr18 17 4S6 18	4Lr34	250	999997	exact
4Tr21 4Lr38 4Lr18 17 4S6 19	4Sr13	250	999997	exact
4Tr21 4Lr38 4Lr18 17 4S6 24	4Lr23	250	999997	exact
4Tr21 4Lr38 4Lr18 17 4S6 28	4Sr13	250	999997	exact
4Tr21 4Lr38 4Lr18 17 4S6 2r11	4Sr13	250	999997	exact
4Tr21 4Lr38 4Lr18 17 4S6 2r12	4Sr13	250	999997	exact
4Tr21 4Lr38 4Lr18 17 4S6 2r13	4Lr34	250	999997	exact
4Tr21 4Lr38 4Lr18 17 4S6 2r14	4S3	250	999995	exact
4Tr21 4Lr38 4Lr18 17 4S6 2r15	3Ir17	250	999995	exact
4Tr21 4Lr38 4Lr18 17 4S6 2r16	4Lr34	250	999997	exact
4Tr21 4Lr38 4Lr18 17 4S6 2r17	4Sr13	250	999997	exact
4Tr21 4Lr38 4Lr18 17 4S6 2r18	4Sr13	250	999997	exact
4Tr21 4Lr38 4Lr18 17 4S6 2r19	3Ir18	250	999995	exact
4Tr21 4Lr38 4Lr18 17 4S6 3Ir11	4Sr13	250	999997	exact
4Tr21 4Lr38 4Lr18 17 4S6 3Ir12	4Sr13	250	999997	exact
4Tr21 4Lr38 4Lr18 17 4S6 3Ir13	3Ir17	250	999995	exact
4Tr21 4Lr38 4Lr18 17 4S6 3Ir14	4Lsr33	250	999995	exact
4Tr21 4Lr38 4Lr18 17 4S6 3Ir15	4T5	250	999993	exact
4Tr21 4Lr38 4Lr18 17 4S6 3Ir16	4Lr34	250	999997	exact
4Tr21 4Lr38 4Lr18 17 4S6 3Ir17	4Sr13	250	999997	exact
4Tr21 4Lr38 4Lr18 17 4S6 3Ir18	4Sr13	250	999997	exact
4Tr21 4Lr38 4Lr18 17 4S6 3Ir19	4Sr13	250	999997	exact
4Tr21 4Lr38 4Lr18 17 4S6 3L1	4Sr13	250	999997	exact
4Tr21 4Lr38 4Lr18 17 4S6 3L6	4Sr13	250	999997	exact
4Tr21 4Lr38 4Lr18 17 4S6 3L7	4Sr13	250	999997	exact
4Tr21 4Lr38 4Lr18 17 4S6 3Lr12	4Lr34	250	999997	exact
4Tr21 4Lr38 4Lr18 17 4S6 3Lr13	4Lsr13	250	999993	exact
4Tr21 4Lr38 4Lr18 17 4S6 3Lr24	4L4	250	999997	exact
4Tr21 4Lr38 4Lr18 17 4S6 3Lr28	4Sr13	250	999997	exact
4Tr21 4Lr38 4Lr18 17 4S6 3Lr34	4S3	250	999993	exact
4Tr21 4Lr38 4Lr18 17 4S6 3Lr38	4Lr34	250	999997	exact
4Tr21 4Lr38 4Lr18 17 4S6 4L7	4Sr13	250	999997	exact
4Tr21 4Lr38 4Lr18 17 4S6 4Lr34	4Lr14	250	999989	exact
4Tr21 4Lr38 4Lr18 17 4S6 4Lr38	4Sr13	250	999997	exact
4Tr21 4Lr38 4Lr18 17 4S6 4Lsr14	4Tr37	250	999991	exact
4Tr21 4Lr38 4Lr18 17 4S6 4Lsr18	4Sr13	250	999997	exact
4Tr21 4Lr38 4Lr18 17 4S6 4Lsr35	4Lr35	250	999995	exact
4Tr21 4Lr38 4Lr18 17 4S6 4S1	4Lr34	250	999997	exact
4Tr21 4Lr38 4Lr18 17 4S6 4S6	4Sr13	250	999997	exact
4Tr21 4Lr38 4Lr18 17 4S6 4S7	4Sr13	250	999997	exact
4Tr21 4Lr38 4Lr18 17 4S6 4Sr13	4Ls3	250	999997	exact
4Tr21 4Lr38 4Lr18 17 4S6 4Ss2	4Lr34	250	999997	exact
4Tr21 4Lr38 4Lr18 17 4S6 4Ss3	4S2	250	999989	exact
4Tr21 4Lr38 4Lr18 17 4S6 4Tr12	4Lr34	250	999997	exact
4Tr21 4Lr38 4Lr18 17 4S6 4Tr13	4S3	250	999995	exact
4Tr21 4Lr38 4Lr18 17 4S6 4Tr31	4Sr13	250	999997	exact
4Tr21 4Lr38 4Lr18 17 4S6 4Tr36	4Sr13	250	999997	exact
4Tr21 4Lr38 4Lr18 17 4S6 4Tr37	4Sr13	250	999997	exact
4Tr21 4Lr38 4Lr18 18	4Tr24	5	999995	exact
4Tr21 4Lr38 4Lr18 18 4Tr24 11	3Ir17	250	999997	exact
4Tr21 4Lr38 4Lr18 18 4Tr24 12	3Ir17	250	999997	exact
4Tr21 4Lr38 4Lr18 18 4Tr24 13	3Ir17	250	999997	exact
4Tr21 4Lr38 4Lr18 18 4Tr24 14	3Ir17	250	999997	exact
4Tr21 4Lr38 4Lr18 18 4Tr24 15	3Ir17	250	999997	exact
4Tr21 4Lr38 4Lr18 18 4Tr24 16	3Ir17	250	999997	exact
4Tr21 4Lr38 4Lr18 18 4Tr24 17	3Ir17	250	999997	exact
4Tr21 4Lr38 4Lr18 18 4Tr24 18	3Ir17	250	999997	exact
4Tr21 4Lr38 4Lr18 18 4Tr24 19	3Ir17	250	999997	exact
4Tr21 4Lr38 4Lr18 18 4Tr24 23	3Ir17	250	999997	exact
4Tr21 4Lr38 4Lr18 18 4Tr24 2r11	3Ir17	250	999997	exact
4Tr21 4Lr38 4Lr18 18 4Tr24 2r12	3Ir17	250	999997	exact
4Tr21 4Lr38 4Lr18 18 4Tr24 2r13	3Ir17	250	999997	exact
4Tr21 4Lr38 4Lr18 18 4Tr24 2r14	3Ir17	250	999997	exact
4Tr21 4Lr38 4Lr18 18 4Tr24 2r15	3Ir17	250	999997	exact
4Tr21 4Lr38 4Lr18 18 4Tr24 2r16	3Ir17	250	999997	exact
4Tr21 4Lr38 4Lr18 18 4Tr24 2r17	4S6	250	999997	exact
4Tr21 4Lr38 4Lr18 18 4Tr24 2r18	3Ir17	250	999997	exact
4Tr21 4Lr38 4Lr18 18 4Tr24 2r19	3Ir17	250	999997	exact
4Tr21 4Lr38 4Lr18 18 4Tr24 3Ir11	3Ir17	250	999997	exact
4Tr21 4Lr38 4Lr18 18 4Tr24 3Ir12	3Ir17	250	999997	exact
4Tr21 4Lr38 4Lr18 18 4Tr24 3Ir13	3Ir17	250	999997	exact
4Tr21 4Lr38 4Lr18 18 4Tr24 3Ir14	3Ir17	250	999997	exact
4Tr21 4Lr38 4Lr18 18 4Tr24 3Ir15	3Ir17	250	999997	exact
4Tr21 4Lr38 4Lr18 18 4Tr24 3Ir16	3Ir17	250	999997	exact
4Tr21 4Lr38 4Lr18 18 4Tr24 3Ir17	4Lsr36	250	999997	exact
4Tr21 4Lr38 4Lr18 18 4Tr24 3Ir18	3Ir17	250	999997	exact
4Tr21 4Lr38 4Lr18 18 4Tr24 3Ir19	3Ir17	250	999997	exact
4Tr21 4Lr38 4Lr18 18 4Tr24 3L1	3Ir17	250	999997	exact
4Tr21 4Lr38 4Lr18 18 4Tr24 3L4	3Ir17	250	999997	exact
4Tr21 4Lr38 4Lr18 18 4Tr24 3Lr12	3Ir17	250	999997	exact
4Tr21 4Lr38 4Lr18 18 4Tr24 3Lr15	3Ir17	250	999997	exact
4Tr21 4Lr38 4Lr18 18 4Tr24 3Lr16	4Lsr16	250	999997	exact
4Tr21 4Lr38 4Lr18 18 4Tr24 3Lr18	3Ir17	250	999997	exact
4Tr21 4Lr38 4Lr18 18 4Tr24 3Lr23	3Ir17	250	999997	exact
4Tr21 4Lr38 4Lr18 18 4Tr24 3Lr33	3Ir17	250	999997	exact
4Tr21 4Lr38 4Lr18 18 4Tr24 4Lr33	3Ir17	250	999997	exact
4Tr21 4Lr38 4Lr18 18 4Tr24 4Lsr13	3Ir17	250	999997	exact
4Tr21 4Lr38 4Lr18 18 4Tr24 4S1	3Ir17	250	999997	exact
4Tr21 4Lr38 4Lr18 18 4Tr24 4S4	3Ir17	250	999997	exact
4Tr21 4Lr38 4Lr18 18 4Tr24 4Sr12	3Ir17	250	999997	exact
4Tr21 4Lr38 4Lr18 18 4Tr24 4Ss2	3Ir17	250	999997	exact
4Tr21 4Lr38 4Lr18 18 4Tr24 4Ss5	3Ir17	250	999997	exact
4Tr21 4Lr38 4Lr18 18 4Tr24 4Ss6	4S5	250	999995	exact
4Tr21 4Lr38 4Lr18 18 4Tr24 4Ss8	3Ir17	250	999997	exact
4Tr21 4Lr38 4Lr18 18 4Tr24 4Ssr13	3Ir17	250	999997	exact
4Tr21 4Lr38 4Lr18 18 4Tr24 4Tr12	3Ir17	250	999997	exact
4Tr21 4Lr38 4Lr18 18 4Tr24 4Tr15	3Ir17	250	999997	exact
4Tr21 4Lr38 4Lr18 18 4Tr24 4Tr16	4S6	250	999997	exact
4Tr21 4Lr38 4Lr18 18 4Tr24 4Tr18	3Ir17	250	999997	exact
4Tr21 4Lr38 4Lr18 18 4Tr24 4Tr31	3Ir17	250	999997	exact
4Tr21 4Lr38 4Lr18 18 4Tr24 4Tr34	3Ir17	250	999997	exact
4Tr21 4Lr38 4Lr18 19	4Tr24	5	999995	exact
4Tr21 4Lr38 4Lr18 19 4Tr24 11	3Ir17	250	999997	exact
4Tr21 4Lr38 4Lr18 19 4Tr24 12	3Ir17	250	999997	exact
4Tr21 4Lr38 4Lr18 19 4Tr24 13	3Ir17	250	999997	exact
4Tr21 4Lr38 4Lr18 19 4Tr24 14	3Ir17	250	999997	exact
4Tr21 4Lr38 4Lr18 19 4Tr24 15	3Ir17	250	999997	exact
4Tr21 4Lr38 4Lr18 19 4Tr24 16	3Ir17	250	999997	exact
4Tr21 4Lr38 4Lr18 19 4Tr24 17	3Ir17	250	999997	exact
4Tr21 4Lr38 4Lr18 19 4Tr24 18	3Ir17	250	999997	exact
4Tr21 4Lr38 4Lr18 19 4Tr24 19	3Ir17	250	999997	exact
4Tr21 4Lr38 4Lr18 19 4Tr24 23	3Ir17	250	999997	exact
4Tr21 4Lr38 4Lr18 19 4Tr24 2r11	3Ir17	250	999997	exact
4Tr21 4Lr38 4Lr18 19 4Tr24 2r12	3Ir17	250	999997	exact
4Tr21 4Lr38 4Lr18 19 4Tr24 2r13	3Ir17	250	999997	exact
4Tr21 4Lr38 4Lr18 19 4Tr24 2r14	3Ir17	250	999997	exact
4Tr21 4Lr38 4Lr18 19 4Tr24 2r15	3Ir17	250	999997	exact
4Tr21 4Lr38 4Lr18 19 4Tr24 2r16	3Ir17	250	999997	exact
4Tr21 4Lr38 4Lr18 19 4Tr24 2r17	3L6	250	999997	exact
4Tr21 4Lr38 4Lr18 19 4Tr24 2r18	3Ir17	250	999997	exact
4Tr21 4Lr38 4Lr18 19 4Tr24 2r19	3Ir17	250	999997	exact
4Tr21 4Lr38 4Lr18 19 4Tr24 3Ir11	3Ir17	250	999997	exact
4Tr21 4Lr38 4Lr18 19 4Tr24 3Ir12	3Ir17	250	999997	exact
4Tr21 4Lr38 4Lr18 19 4Tr24 3Ir13	3Ir17	250	999997	exact
4Tr21 4Lr38 4Lr18 19 4Tr24 3Ir14	3Ir17	250	999997	exact
4Tr21 4Lr38 4Lr18 19 4Tr24 3Ir15	3Ir17	250	999997	exact
4Tr21 4Lr38 4Lr18 19 4Tr24 3Ir16	3Ir17	250	999997	exact
4Tr21 4Lr38 4Lr18 19 4Tr24 3Ir17	4Lsr36	250	999997	exact
4Tr21 4Lr38 4Lr18 19 4Tr24 3Ir18	3Ir17	250	999997	exact
4Tr21 4Lr38 4Lr18 19 4Tr24 3Ir19	3Ir17	250	999997	exact
4Tr21 4Lr38 4Lr18 19 4Tr24 3L1	3Ir17	250	999997	exact
4Tr21 4Lr38 4Lr18 19 4Tr24 3L4	3Ir17	250	999997	exact
4Tr21 4Lr38 4Lr18 19 4Tr24 3L8	3Ir17	250	999997	exact
4Tr21 4Lr38 4Lr18 19 4Tr24 3Lr12	3Ir17	250	999997	exact
4Tr21 4Lr38 4Lr18 19 4Tr24 3Lr15	3Ir17	250	999997	exact
4Tr21 4Lr38 4Lr18 19 4Tr24 3Lr16	4Lsr16	250	999997	exact
4Tr21 4Lr38 4Lr18 19 4Tr24 3Lr23	3Ir17	250	999997	exact
4Tr21 4Lr38 4Lr18 19 4Tr24 3Lr33	3Ir17	250	999997	exact
4Tr21 4Lr38 4Lr18 19 4Tr24 4Lr33	3Ir17	250	999997	exact
4Tr21 4Lr38 4Lr18 19 4Tr24 4Lsr13	3Ir17	250	999997	exact
4Tr21 4Lr38 4Lr18 19 4Tr24 4S1	3Ir17	250	999997	exact
4Tr21 4Lr38 4Lr18 19 4Tr24 4S4	3Ir17	250	999997	exact
4Tr21 4Lr38 4Lr18 19 4Tr24 4S8	3Ir17	250	999997	exact
4Tr21 4Lr38 4Lr18 19 4Tr24 4Sr12	3Ir17	250	999997	exact
4Tr21 4Lr38 4Lr18 19 4Tr24 4Ss2	3Ir17	250	999997	exact
4Tr21 4Lr38 4Lr18 19 4Tr24 4Ss5	3Ir17	250	999997	exact
4Tr21 4Lr38 4Lr18 19 4Tr24 4Ss6	4S5	250	999995	exact
4Tr21 4Lr38 4Lr18 19 4Tr24 4Ssr13	3Ir17	250	999997	exact
4Tr21 4Lr38 4Lr18 19 4Tr24 4Tr12	3Ir17	250	999997	exact
4Tr21 4Lr38 4Lr18 19 4Tr24 4Tr15	3Ir17	250	999997	exact
4Tr21 4Lr38 4Lr18 19 4Tr24 4Tr16	3L6	250	999997	exact
4Tr21 4Lr38 4Lr18 19 4Tr24 4Tr31	3Ir17	250	999997	exact
4Tr21 4Lr38 4Lr18 19 4Tr24 4Tr34	3Ir17	250	999997	exact
4Tr21 4Lr38 4Lr18 19 4Tr24 4Tr38	3Ir17	250	999997	exact
4Tr21 4Lr38 4Lr18 24	3Lr24	5	999995	exact
4Tr21 4Lr38 4Lr18 24 3Lr24 11	4Lsr16	250	999997	exact
4Tr21 4Lr38 4Lr18 24 3Lr24 12	4Lsr16	250	999997	exact
4Tr21 4Lr38 4Lr18 24 3Lr24 13	4Lsr16	250	999997	exact
4Tr21 4Lr38 4Lr18 24 3Lr24 14	4Lsr16	250	999997	exact
4Tr21 4Lr38 4Lr18 24 3Lr24 15	4Lsr16	250	999997	exact
4Tr21 4Lr38 4Lr18 24 3Lr24 16	4Tr16	250	999997	exact
4Tr21 4Lr38 4Lr18 24 3Lr24 17	4S6	250	999997	exact
4Tr21 4Lr38 4Lr18 24 3Lr24 18	4Lsr16	250	999997	exact
4Tr21 4Lr38 4Lr18 24 3Lr24 19	4Lsr16	250	999997	exact
4Tr21 4Lr38 4Lr18 24 3Lr24 26	4Lsr16	250	999997	exact
4Tr21 4Lr38 4Lr18 24 3Lr24 28	4Lsr16	250	999997	exact
4Tr21 4Lr38 4Lr18 24 3Lr24 2r11	4Lsr16	250	999997	exact
4Tr21 4Lr38 4Lr18 24 3Lr24 2r12	4Lsr16	250	999997	exact
4Tr21 4Lr38 4Lr18 24 3Lr24 2r13	4Lsr16	250	999997	exact
4Tr21 4Lr38 4Lr18 24 3Lr24 2r14	4Lsr16	250	999997	exact
4Tr21 4Lr38 4Lr18 24 3Lr24 2r15	4Lsr16	250	999997	exact
4Tr21 4Lr38 4Lr18 24 3Lr24 2r16	4Lr16	250	999997	exact
4Tr21 4Lr38 4Lr18 24 3Lr24 2r17	4Lsr36	250	999997	exact
4Tr21 4Lr38 4Lr18 24 3Lr24 2r18	4Lsr16	250	999997	exact
4Tr21 4Lr38 4Lr18 24 3Lr24 2r19	4Lsr16	250	999997	exact
4Tr21 4Lr38 4Lr18 24 3Lr24 3Ir11	4Lsr16	250	999997	exact
4Tr21 4Lr38 4Lr18 24 3Lr24 3Ir12	4Lsr16	250	999997	exact
4Tr21 4Lr38 4Lr18 24 3Lr24 3Ir13	4Lsr16	250	999997	exact
4Tr21 4Lr38 4Lr18 24 3Lr24 3Ir14	4Lsr16	250	999997	exact
4Tr21 4Lr38 4Lr18 24 3Lr24 3Ir15	4Lsr16	250	999997	exact
4Tr21 4Lr38 4Lr18 24 3Lr24 3Ir16	4L4	250	999995	exact
4Tr21 4Lr38 4Lr18 24 3Lr24 3Ir17	4S7	250	999995	exact
4Tr21 4Lr38 4Lr18 24 3Lr24 3Ir18	4Lsr16	250	999997	exact
4Tr21 4Lr38 4Lr18 24 3Lr24 3Ir19	4Lsr16	250	999997	exact
4Tr21 4Lr38 4Lr18 24 3Lr24 3L1	4Lsr16	250	999997	exact
4Tr21 4Lr38 4Lr18 24 3Lr24 3L3	4Lsr16	250	999997	exact
4Tr21 4Lr38 4Lr18 24 3Lr24 3L4	4Lsr16	250	999997	exact
4Tr21 4Lr38 4Lr18 24 3Lr24 3Lr12	4Lsr16	250	999997	exact
4Tr21 4Lr38 4Lr18 24 3Lr24 3Lr26	4S6	250	999997	exact
4Tr21 4Lr38 4Lr18 24 3Lr24 3Lr28	4Lsr16	250	999997	exact
4Tr21 4Lr38 4Lr18 24 3Lr24 3Lr36	4Tr16	250	999997	exact
4Tr21 4Lr38 4Lr18 24 3Lr24 3Lr38	4Lsr16	250	999997	exact
4Tr21 4Lr38 4Lr18 24 3Lr24 4Lr36	4Lr16	250	999997	exact
4Tr21 4Lr38 4Lr18 24 3Lr24 4Lr38	4Lsr16	250	999997	exact
4Tr21 4Lr38 4Lr18 24 3Lr24 4Lsr16	4Lsr36	250	999997	exact
4Tr21 4Lr38 4Lr18 24 3Lr24 4Lsr18	4Lsr16	250	999997	exact
4Tr21 4Lr38 4Lr18 24 3Lr24 4S1	4Lsr16	250	999997	exact
4Tr21 4Lr38 4Lr18 24 3Lr24 4S3	4Lsr16	250	999997	exact
4Tr21 4Lr38 4Lr18 24 3Lr24 4S4	4Lsr16	250	999997	exact
4Tr21 4Lr38 4Lr18 24 3Lr24 4Ss2	4Lsr16	250	999997	exact
4Tr21 4Lr38 4Lr18 24 3Lr24 4T2	4Lsr16	250	999997	exact
4Tr21 4Lr38 4Lr18 24 3Lr24 4Tr12	4Lsr16	250	999997	exact
4Tr21 4Lr38 4Lr18 24 3Lr24 4Tr31	4Lsr16	250	999997	exact
4Tr21 4Lr38 4Lr18 24 3Lr24 4Tr33	4Lsr16	250	999997	exact
4Tr21 4Lr38 4Lr18 24 3Lr24 4Tr34	4Lsr16	250	999997	exact
4Tr21 4Lr38 4Lr18 25	4L4	7	999993	exact
4Tr21 4Lr38 4Lr18 25 4L4 11	3Ir17	250	999997	exact
4Tr21 4Lr38 4Lr18 25 4L4 12	3Ir17	250	999997	exact
4Tr21 4Lr38 4Lr18 25 4L4 13	3Ir17	250	999997	exact
4Tr21 4Lr38 4Lr18 25 4L4 14	3Ir17	250	999997	exact
4Tr21 4Lr38 4Lr18 25 4L4 15	3Ir17	250	999997	exact
4Tr21 4Lr38 4Lr18 25 4L4 16	3Ir17	250	999997	exact
4Tr21 4Lr38 4Lr18 25 4L4 17	3Ir17	250	999997	exact
4Tr21 4Lr38 4Lr18 25 4L4 18	3Ir17	250	999997	exact
4Tr21 4Lr38 4Lr18 25 4L4 19	3Ir17	250	999997	exact
4Tr21 4Lr38 4Lr18 25 4L4 24	3Ir17	250	999997	exact
4Tr21 4Lr38 4Lr18 25 4L4 25	3Ir17	250	999997	exact
4Tr21 4Lr38 4Lr18 25 4L4 28	3Ir17	250	999997	exact
4Tr21 4Lr38 4Lr18 25 4L4 2r11	3Ir17	250	999997	exact
4Tr21 4Lr38 4Lr18 25 4L4 2r12	3Ir17	250	999997	exact
4Tr21 4Lr38 4Lr18 25 4L4 2r13	3Ir17	250	999997	exact
4Tr21 4Lr38 4Lr18 25 4L4 2r14	3Ir17	250	999997	exact
4Tr21 4Lr38 4Lr18 25 4L4 2r15	3Ir17	250	999997	exact
4Tr21 4Lr38 4Lr18 25 4L4 2r16	3Ir17	250	999997	exact
4Tr21 4Lr38 4Lr18 25 4L4 2r17	3Ir17	250	999997	exact
4Tr21 4Lr38 4Lr18 25 4L4 2r18	3Ir17	250	999997	exact
4Tr21 4Lr38 4Lr18 25 4L4 2r19	3Ir17	250	999997	exact
4Tr21 4Lr38 4Lr18 25 4L4 3I4	3Ir17	250	999997	exact
4Tr21 4Lr38 4Lr18 25 4L4 3Ir11	3Ir17	250	999997	exact
4Tr21 4Lr38 4Lr18 25 4L4 3Ir12	3Ir17	250	999997	exact
4Tr21 4Lr38 4Lr18 25 4L4 3Ir13	3Ir17	250	999997	exact
4Tr21 4Lr38 4Lr18 25 4L4 3Ir14	3Ir17	250	999997	exact
4Tr21 4Lr38 4Lr18 25 4L4 3Ir15	3Ir17	250	999997	exact
4Tr21 4Lr38 4Lr18 25 4L4 3Ir16	3Ir17	250	999997	exact
4Tr21 4Lr38 4Lr18 25 4L4 3Ir17	3L6	250	999997	exact
4Tr21 4Lr38 4Lr18 25 4L4 3Ir18	3Ir17	250	999997	exact
4Tr21 4Lr38 4Lr18 25 4L4 3Ir19	3Ir17	250	999997	exact
4Tr21 4Lr38 4Lr18 25 4L4 3L1	3Ir17	250	999997	exact
4Tr21 4Lr38 4Lr18 25 4L4 3L3	3Ir17	250	999997	exact
4Tr21 4Lr38 4Lr18 25 4L4 3Lr12	3Ir17	250	999997	exact
4Tr21 4Lr38 4Lr18 25 4L4 3Lr24	3Ir17	250	999997	exact
4Tr21 4Lr38 4Lr18 25 4L4 3Lr25	3Ir17	250	999997	exact
4Tr21 4Lr38 4Lr18 25 4L4 3Lr28	3Ir17	250	999997	exact
4Tr21 4Lr38 4Lr18 25 4L4 3Lr34	3Ir17	250	999997	exact
4Tr21 4Lr38 4Lr18 25 4L4 3Lr35	3Ir17	250	999997	exact
4Tr21 4Lr38 4Lr18 25 4L4 3Lr38	3Ir17	250	999997	exact
4Tr21 4Lr38 4Lr18 25 4L4 4L3	3Ir17	250	999997	exact
4Tr21 4Lr38 4Lr18 25 4L4 4Lr16	4S5	250	999993	exact
4Tr21 4Lr38 4Lr18 25 4L4 4Lr24	3Ir17	250	999997	exact
4Tr21 4Lr38 4Lr18 25 4L4 4Lr34	3Ir17	250	999997	exact
4Tr21 4Lr38 4Lr18 25 4L4 4Lr35	3Ir17	250	999997	exact
4Tr21 4Lr38 4Lr18 25 4L4 4Lr38	3Ir17	250	999997	exact
4Tr21 4Lr38 4Lr18 25 4L4 4Lsr14	3Ir17	250	999997	exact
4Tr21 4Lr38 4Lr18 25 4L4 4Lsr15	3Ir17	250	999997	exact
4Tr21 4Lr38 4Lr18 25 4L4 4Lsr18	3Ir17	250	999997	exact
4Tr21 4Lr38 4Lr18 25 4L4 4Lsr24	3Ir17	250	999997	exact
4Tr21 4Lr38 4Lr18 25 4L4 4S1	3Ir17	250	999997	exact
4Tr21 4Lr38 4Lr18 25 4L4 4S3	3Ir17	250	999997	exact
4Tr21 4Lr38 4Lr18 25 4L4 4Ss2	3Ir17	250	999997	exact
4Tr21 4Lr38 4Lr18 25 4L4 4T2	3Ir17	250	999997	exact
4Tr21 4Lr38 4Lr18 25 4L4 4Tr12	3Ir17	250	999997	exact
4Tr21 4Lr38 4Lr18 25 4L4 4Tr24	3Ir17	250	999997	exact
4Tr21 4Lr38 4Lr18 25 4L4 4Tr31	3Ir17	250	999997	exact
4Tr21 4Lr38 4Lr18 25 4L4 4Tr33	3Ir17	250	999997	exact
4Tr21 4Lr38 4Lr18 26	4Tr35	13	999989	exact
4Tr21 4Lr38 4Lr18 26 4Tr35 11	4Ss6	250	999989	exact
4Tr21 4Lr38 4Lr18 26 4Tr35 12	4Ss6	250	999993	exact
4Tr21 4Lr38 4Lr18 26 4Tr35 13	3Ir17	250	999993	exact
4Tr21 4Lr38 4Lr18 26 4Tr35 14	4Ss6	250	999989	exact
4Tr21 4Lr38 4Lr18 26 4Tr35 15	3Ir17	250	999989	exact
4Tr21 4Lr38 4Lr18 26 4Tr35 16	4Ss3	250	999995	exact
4Tr21 4Lr38 4Lr18 26 4Tr35 17	4Sr15	250	999991	exact
4Tr21 4Lr38 4Lr18 26 4Tr35 18	4Ss6	250	999989	exact
4Tr21 4Lr38 4Lr18 26 4Tr35 19	3Ir17	250	999989	exact
4Tr21 4Lr38 4Lr18 26 4Tr35 28	3Ir17	250	999989	exact
4Tr21 4Lr38 4Lr18 26 4Tr35 2r11	3Lr16	250	999989	exact
4Tr21 4Lr38 4Lr18 26 4Tr35 2r12	4Ss5	250	999989	exact
4Tr21 4Lr38 4Lr18 26 4Tr35 2r13	3Ir17	250	999993	exact
4Tr21 4Lr38 4Lr18 26 4Tr35 2r14	3L3	250	999989	exact
4Tr21 4Lr38 4Lr18 26 4Tr35 2r15	3Ir17	250	999989	exact
4Tr21 4Lr38 4Lr18 26 4Tr35 2r16	4Ss3	250	999993	exact
4Tr21 4Lr38 4Lr18 26 4Tr35 2r17	4S6	250	999991	exact
4Tr21 4Lr38 4Lr18 26 4Tr35 2r18	3Ir17	250	999989	exact
4Tr21 4Lr38 4Lr18 26 4Tr35 2r19	3Ir17	250	999989	exact
4Tr21 4Lr38 4Lr18 26 4Tr35 3Ir11	3Ir17	250	999993	exact
4Tr21 4Lr38 4Lr18 26 4Tr35 3Ir12	3Ir14	250	999993	exact
4Tr21 4Lr38 4Lr18 26 4Tr35 3Ir13	3Ir17	250	999989	exact
4Tr21 4Lr38 4Lr18 26 4Tr35 3Ir14	4Lsr33	250	999991	exact
4Tr21 4Lr38 4Lr18 26 4Tr35 3Ir15	3Ir17	250	999989	exact
4Tr21 4Lr38 4Lr18 26 4Tr35 3Ir16	3Ir17	250	999989	exact
4Tr21 4Lr38 4Lr18 26 4Tr35 3Ir17	4Lsr36	250	999989	exact
4Tr21 4Lr38 4Lr18 26 4Tr35 3Ir18	4Ss6	250	999991	exact
4Tr21 4Lr38 4Lr18 26 4Tr35 3Ir19	4Ss6	250	999989	exact
4Tr21 4Lr38 4Lr18 26 4Tr35 3L1	3Ir14	250	999993	exact
4Tr21 4Lr38 4Lr18 26 4Tr35 3Lr12	4Ss6	250	999991	exact
4Tr21 4Lr38 4Lr18 26 4Tr35 3Lr13	4Ssr13	250	999993	exact
4Tr21 4Lr38 4Lr18 26 4Tr35 3Lr15	3Ir17	250	999993	exact
4Tr21 4Lr38 4Lr18 26 4Tr35 3Lr16	4Lsr16	250	999995	exact
4Tr21 4Lr38 4Lr18 26 4Tr35 3Lr28	3Ir17	250	999989	exact
4Tr21 4Lr38 4Lr18 26 4Tr35 3Lr38	3Ir17	250	999989	exact
4Tr21 4Lr38 4Lr18 26 4Tr35 4Lr38	3Ir17	250	999989	exact
4Tr21 4Lr38 4Lr18 26 4Tr35 4Lsr18	3Ir17	250	999991	exact
4Tr21 4Lr38 4Lr18 26 4Tr35 4S1	4Ss3	250	999993	exact
4Tr21 4Lr38 4Lr18 26 4Tr35 4Ss2	3Ir14	250	999993	exact
4Tr21 4Lr38 4Lr18 26 4Tr35 4Ss3	4S2	250	999991	exact
4Tr21 4Lr38 4Lr18 26 4Tr35 4Ss5	3Ir17	250	999989	exact
4Tr21 4Lr38 4Lr18 26 4Tr35 4Ss6	4S5	250	999993	exact
4Tr21 4Lr38 4Lr18 26 4Tr35 4Tr12	3Ir15	250	999993	exact
4Tr21 4Lr38 4Lr18 26 4Tr35 4Tr13	4L3	250	999991	exact
4Tr21 4Lr38 4Lr18 26 4Tr35 4Tr15	3Ir17	250	999991	exact
4Tr21 4Lr38 4Lr18 26 4Tr35 4Tr16	4S6	250	999995	exact
4Tr21 4Lr38 4Lr18 26 4Tr35 4Tr31	3Ir15	250	999991	exact
4Tr21 4Lr38 4Lr18 28	4Tr24	5	999995	exact
4Tr21 4Lr38 4Lr18 28 4Tr24 11	3Ir17	250	999997	exact
4Tr21 4Lr38 4Lr18 28 4Tr24 12	3Ir17	250	999997	exact
4Tr21 4Lr38 4Lr18 28 4Tr24 13	3Ir17	250	999997	exact
4Tr21 4Lr38 4Lr18 28 4Tr24 14	3Ir17	250	999997	exact
4Tr21 4Lr38 4Lr18 28 4Tr24 15	3Ir17	250	999997	exact
4Tr21 4Lr38 4Lr18 28 4Tr24 16	3Ir17	250	999997	exact
4Tr21 4Lr38 4Lr18 28 4Tr24 17	3Ir17	250	999997	exact
4Tr21 4Lr38 4Lr18 28 4Tr24 18	3Ir17	250	999997	exact
4Tr21 4Lr38 4Lr18 28 4Tr24 19	3Ir17	250	999997	exact
4Tr21 4Lr38 4Lr18 28 4Tr24 23	3Ir17	250	999997	exact
4Tr21 4Lr38 4Lr18 28 4Tr24 28	3Ir17	250	999997	exact
4Tr21 4Lr38 4Lr18 28 4Tr24 2r11	3Ir17	250	999997	exact
4Tr21 4Lr38 4Lr18 28 4Tr24 2r12	3Ir17	250	999997	exact
4Tr21 4Lr38 4Lr18 28 4Tr24 2r13	3Ir17	250	999997	exact
4Tr21 4Lr38 4Lr18 28 4Tr24 2r14	3Ir17	250	999997	exact
4Tr21 4Lr38 4Lr18 28 4Tr24 2r15	3Ir17	250	999997	exact
4Tr21 4Lr38 4Lr18 28 4Tr24 2r16	3Ir17	250	999997	exact
4Tr21 4Lr38 4Lr18 28 4Tr24 2r17	4S6	250	999997	exact
4Tr21 4Lr38 4Lr18 28 4Tr24 2r18	3Ir17	250	999997	exact
4Tr21 4Lr38 4Lr18 28 4Tr24 2r19	3Ir17	250	999997	exact
4Tr21 4Lr38 4Lr18 28 4Tr24 3Ir11	3Ir17	250	999997	exact
4Tr21 4Lr38 4Lr18 28 4Tr24 3Ir12	3Ir17	250	999997	exact
4Tr21 4Lr38 4Lr18 28 4Tr24 3Ir13	3Ir17	250	999997	exact
4Tr21 4Lr38 4Lr18 28 4Tr24 3Ir14	3Ir17	250	999997	exact
4Tr21 4Lr38 4Lr18 28 4Tr24 3Ir15	3Ir17	250	999997	exact
4Tr21 4Lr38 4Lr18 28 4Tr24 3Ir16	3Ir17	250	999997	exact
4Tr21 4Lr38 4Lr18 28 4Tr24 3Ir17	4Lsr36	250	999997	exact
4Tr21 4Lr38 4Lr18 28 4Tr24 3Ir18	3Ir17	250	999997	exact
4Tr21 4Lr38 4Lr18 28 4Tr24 3Ir19	3Ir17	250	999997	exact
4Tr21 4Lr38 4Lr18 28 4Tr24 3L1	3Ir17	250	999997	exact
4Tr21 4Lr38 4Lr18 28 4Tr24 3L4	3Ir17	250	999997	exact
4Tr21 4Lr38 4Lr18 28 4Tr24 3Lr12	3Ir17	250	999997	exact
4Tr21 4Lr38 4Lr18 28 4Tr24 3Lr15	3Ir17	250	999997	exact
4Tr21 4Lr38 4Lr18 28 4Tr24 3Lr16	4Lsr16	250	999997	exact
4Tr21 4Lr38 4Lr18 28 4Tr24 3Lr23	3Ir17	250	999997	exact
4Tr21 4Lr38 4Lr18 28 4Tr24 3Lr28	3Ir17	250	999997	exact
4Tr21 4Lr38 4Lr18 28 4Tr24 3Lr33	3Ir17	250	999997	exact
4Tr21 4Lr38 4Lr18 28 4Tr24 3Lr38	3Ir17	250	999997	exact
4Tr21 4Lr38 4Lr18 28 4Tr24 4Lr33	3Ir17	250	999997	exact
4Tr21 4Lr38 4Lr18 28 4Tr24 4Lr38	3Ir17	250	999997	exact
4Tr21 4Lr38 4Lr18 28 4Tr24 4Lsr13	3Ir17	250	999997	exact
4Tr21 4Lr38 4Lr18 28 4Tr24 4Lsr18	3Ir17	250	999997	exact
4Tr21 4Lr38 4Lr18 28 4Tr24 4S1	3Ir17	250	999997	exact
4Tr21 4Lr38 4Lr18 28 4Tr24 4S4	3Ir17	250	999997	exact
4Tr21 4Lr38 4Lr18 28 4Tr24 4Sr12	3Ir17	250	999997	exact
4Tr21 4Lr38 4Lr18 28 4Tr24 4Ss2	3Ir17	250	999997	exact
4Tr21 4Lr38 4Lr18 28 4Tr24 4Ss5	3Ir17	250	999997	exact
4Tr21 4Lr38 4Lr18 28 4Tr24 4Ss6	4S5	250	999995	exact
4Tr21 4Lr38 4Lr18 28 4Tr24 4Ssr13	3Ir17	250	999997	exact
4Tr21 4Lr38 4Lr18 28 4Tr24 4Tr12	3Ir17	250	999997	exact
4Tr21 4Lr38 4Lr18 28 4Tr24 4Tr15	3Ir17	250	999997	exact
4Tr21 4Lr38 4Lr18 28 4Tr24 4Tr16	4S6	250	999997	exact
4Tr21 4Lr38 4Lr18 28 4Tr24 4Tr31	3Ir17	250	999997	exact
4Tr21 4Lr38 4Lr18 28 4Tr24 4Tr34	3Ir17	250	999997	exact
4Tr21 4Lr38 4Lr18 2r11	4Tr24	5	999995	exact
4Tr21 4Lr38 4Lr18 2r11 4Tr24 11	3Ir17	250	999997	exact
4Tr21 4Lr38 4Lr18 2r11 4Tr24 12	3Ir17	250	999997	exact
4Tr21 4Lr38 4Lr18 2r11 4Tr24 13	3Ir17	250	999997	exact
4Tr21 4Lr38 4Lr18 2r11 4Tr24 14	3Ir17	250	999997	exact
4Tr21 4Lr38 4Lr18 2r11 4Tr24 15	3Ir17	250	999997	exact
4Tr21 4Lr38 4Lr18 2r11 4Tr24 16	3Ir17	250	999997	exact
4Tr21 4Lr38 4Lr18 2r11 4Tr24 17	3Ir17	250	999997	exact
4Tr21 4Lr38 4Lr18 2r11 4Tr24 18	3Ir17	250	999997	exact
4Tr21 4Lr38 4Lr18 2r11 4Tr24 19	3Ir17	250	999997	exact
4Tr21 4Lr38 4Lr18 2r11 4Tr24 23	3Ir17	250	999997	exact
4Tr21 4Lr38 4Lr18 2r11 4Tr24 28	3Ir17	250	999997	exact
4Tr21 4Lr38 4Lr18 2r11 4Tr24 2r11	3Ir17	250	999997	exact
4Tr21 4Lr38 4Lr18 2r11 4Tr24 2r12	3Ir17	250	999997	exact
4Tr21 4Lr38 4Lr18 2r11 4Tr24 2r13	3Ir17	250	999997	exact
4Tr21 4Lr38 4Lr18 2r11 4Tr24 2r14	3Ir17	250	999997	exact
4Tr21 4Lr38 4Lr18 2r11 4Tr24 2r15	3Ir17	250	999997	exact
4Tr21 4Lr38 4Lr18 2r11 4Tr24 2r16	3Ir17	250	999997	exact
4Tr21 4Lr38 4Lr18 2r11 4Tr24 2r17	4S6	250	999997	exact
4Tr21 4Lr38 4Lr18 2r11 4Tr24 2r18	3Ir17	250	999997	exact
4Tr21 4Lr38 4Lr18 2r11 4Tr24 2r19	3Ir17	250	999997	exact
4Tr21 4Lr38 4Lr18 2r11 4Tr24 3Ir11	3Ir17	250	999997	exact
4Tr21 4Lr38 4Lr18 2r11 4Tr24 3Ir12	3Ir17	250	999997	exact
4Tr21 4Lr38 4Lr18 2r11 4Tr24 3Ir13	3Ir17	250	999997	exact
4Tr21 4Lr38 4Lr18 2r11 4Tr24 3Ir14	3Ir17	250	999997	exact
4Tr21 4Lr38 4Lr18 2r11 4Tr24 3Ir15	3Ir17	250	999997	exact
4Tr21 4Lr38 4Lr18 2r11 4Tr24 3Ir16	3Ir17	250	999997	exact
4Tr21 4Lr38 4Lr18 2r11 4Tr24 3Ir17	4Lsr36	250	999997	exact
4Tr21 4Lr38 4Lr18 2r11 4Tr24 3Ir18	3Ir17	250	999997	exact
4Tr21 4Lr38 4Lr18 2r11 4Tr24 3Ir19	3Ir17	250	999997	exact
4Tr21 4Lr38 4Lr18 2r11 4Tr24 3L4	3Ir17	250	999997	exact
4Tr21 4Lr38 4Lr18 2r11 4Tr24 3Lr11	3Ir17	250	999997	exact
4Tr21 4Lr38 4Lr18 2r11 4Tr24 3Lr12	3Ir17	250	999997	exact
4Tr21 4Lr38 4Lr18 2r11 4Tr24 3Lr15	3Ir17	250	999997	exact
4Tr21 4Lr38 4Lr18 2r11 4Tr24 3Lr16	4Lsr16	250	999997	exact
4Tr21 4Lr38 4Lr18 2r11 4Tr24 3Lr23	3Ir17	250	999997	exact
4Tr21 4Lr38 4Lr18 2r11 4Tr24 3Lr28	3Ir17	250	999997	exact
4Tr21 4Lr38 4Lr18 2r11 4Tr24 3Lr33	3Ir17	250	999997	exact
4Tr21 4Lr38 4Lr18 2r11 4Tr24 3Lr38	3Ir17	250	999997	exact
4Tr21 4Lr38 4Lr18 2r11 4Tr24 4Lr33	3Ir17	250	999997	exact
4Tr21 4Lr38 4Lr18 2r11 4Tr24 4Lr38	3Ir17	250	999997	exact
4Tr21 4Lr38 4Lr18 2r11 4Tr24 4Lsr13	3Ir17	250	999997	exact
4Tr21 4Lr38 4Lr18 2r11 4Tr24 4Lsr18	3Ir17	250	999997	exact
4Tr21 4Lr38 4Lr18 2r11 4Tr24 4S4	3Ir17	250	999997	exact
4Tr21 4Lr38 4Lr18 2r11 4Tr24 4Sr12	3Ir17	250	999997	exact
4Tr21 4Lr38 4Lr18 2r11 4Tr24 4Ss1	3Ir17	250	999997	exact
4Tr21 4Lr38 4Lr18 2r11 4Tr24 4Ss2	3Ir17	250	999997	exact
4Tr21 4Lr38 4Lr18 2r11 4Tr24 4Ss5	3Ir17	250	999997	exact
4Tr21 4Lr38 4Lr18 2r11 4Tr24 4Ss6	4S5	250	999995	exact
4Tr21 4Lr38 4Lr18 2r11 4Tr24 4Ssr13	3Ir17	250	999997	exact
4Tr21 4Lr38 4Lr18 2r11 4Tr24 4Tr11	3Ir17	250	999997	exact
4Tr21 4Lr38 4Lr18 2r11 4Tr24 4Tr12	3Ir17	250	999997	exact
4Tr21 4Lr38 4Lr18 2r11 4Tr24 4Tr15	3Ir17	250	999997	exact
4Tr21 4Lr38 4Lr18 2r11 4Tr24 4Tr16	4S6	250	999997	exact
4Tr21 4Lr38 4Lr18 2r11 4Tr24 4Tr34	3Ir17	250	999997	exact
4Tr21 4Lr38 4Lr18 2r12	4Tr24	5	999995	exact
4Tr21 4Lr38 4Lr18 2r12 4Tr24 11	3Ir17	250	999997	exact
4Tr21 4Lr38 4Lr18 2r12 4Tr24 12	3Ir17	250	999997	exact
4Tr21 4Lr38 4Lr18 2r12 4Tr24 13	3Ir17	250	999997	exact
4Tr21 4Lr38 4Lr18 2r12 4Tr24 14	3Ir17	250	999997	exact
4Tr21 4Lr38 4Lr18 2r12 4Tr24 15	3Ir17	250	999997	exact
4Tr21 4Lr38 4Lr18 2r12 4Tr24 16	3Ir17	250	999997	exact
4Tr21 4Lr38 4Lr18 2r12 4Tr24 17	3Ir17	250	999997	exact
4Tr21 4Lr38 4Lr18 2r12 4Tr24 18	3Ir17	250	999997	exact
4Tr21 4Lr38 4Lr18 2r12 4Tr24 19	3Ir17	250	999997	exact
4Tr21 4Lr38 4Lr18 2r12 4Tr24 23	3Ir17	250	999997	exact
4Tr21 4Lr38 4Lr18 2r12 4Tr24 28	3Ir17	250	999997	exact
4Tr21 4Lr38 4Lr18 2r12 4Tr24 2r11	3Ir17	250	999997	exact
4Tr21 4Lr38 4Lr18 2r12 4Tr24 2r12	3Ir17	250	999997	exact
4Tr21 4Lr38 4Lr18 2r12 4Tr24 2r13	3Ir17	250	999997	exact
4Tr21 4Lr38 4Lr18 2r12 4Tr24 2r14	3Ir17	250	999997	exact
4Tr21 4Lr38 4Lr18 2r12 4Tr24 2r15	3Ir17	250	999997	exact
4Tr21 4Lr38 4Lr18 2r12 4Tr24 2r16	3Ir17	250	999997	exact
4Tr21 4Lr38 4Lr18 2r12 4Tr24 2r17	4S6	250	999997	exact
4Tr21 4Lr38 4Lr18 2r12 4Tr24 2r18	3Ir17	250	999997	exact
4Tr21 4Lr38 4Lr18 2r12 4Tr24 2r19	3Ir17	250	999997	exact
4Tr21 4Lr38 4Lr18 2r12 4Tr24 3Ir11	3Ir17	250	999997	exact
4Tr21 4Lr38 4Lr18 2r12 4Tr24 3Ir12	3Ir17	250	999997	exact
4Tr21 4Lr38 4Lr18 2r12 4Tr24 3Ir13	3Ir17	250	999997	exact
4Tr21 4Lr38 4Lr18 2r12 4Tr24 3Ir14	3Ir17	250	999997	exact
4Tr21 4Lr38 4Lr18 2r12 4Tr24 3Ir15	3Ir17	250	999997	exact
4Tr21 4Lr38 4Lr18 2r12 4Tr24 3Ir16	3Ir17	250	999997	exact
4Tr21 4Lr38 4Lr18 2r12 4Tr24 3Ir17	4Lsr36	250	999997	exact
4Tr21 4Lr38 4Lr18 2r12 4Tr24 3Ir18	3Ir17	250	999997	exact
4Tr21 4Lr38 4Lr18 2r12 4Tr24 3Ir19	3Ir17	250	999997	exact
4Tr21 4Lr38 4Lr18 2r12 4Tr24 3L4	3Ir17	250	999997	exact
4Tr21 4Lr38 4Lr18 2r12 4Tr24 3Lr15	3Ir17	250	999997	exact
4Tr21 4Lr38 4Lr18 2r12 4Tr24 3Lr16	4Lsr16	250	999997	exact
4Tr21 4Lr38 4Lr18 2r12 4Tr24 3Lr23	3Ir17	250	999997	exact
4Tr21 4Lr38 4Lr18 2r12 4Tr24 3Lr28	3Ir17	250	999997	exact
4Tr21 4Lr38 4Lr18 2r12 4Tr24 3Lr33	3Ir17	250	999997	exact
4Tr21 4Lr38 4Lr18 2r12 4Tr24 3Lr38	3Ir17	250	999997	exact
4Tr21 4Lr38 4Lr18 2r12 4Tr24 4Lr33	3Ir17	250	999997	exact
4Tr21 4Lr38 4Lr18 2r12 4Tr24 4Lr38	3Ir17	250	999997	exact
4Tr21 4Lr38 4Lr18 2r12 4Tr24 4Lsr13	3Ir17	250	999997	exact
4Tr21 4Lr38 4Lr18 2r12 4Tr24 4Lsr18	3Ir17	250	999997	exact
4Tr21 4Lr38 4Lr18 2r12 4Tr24 4S4	3Ir17	250	999997	exact
4Tr21 4Lr38 4Lr18 2r12 4Tr24 4Ss5	3Ir17	250	999997	exact
4Tr21 4Lr38 4Lr18 2r12 4Tr24 4Ss6	4S5	250	999995	exact
4Tr21 4Lr38 4Lr18 2r12 4Tr24 4Ssr13	3Ir17	250	999997	exact
4Tr21 4Lr38 4Lr18 2r12 4Tr24 4Tr15	3Ir17	250	999997	exact
4Tr21 4Lr38 4Lr18 2r12 4Tr24 4Tr16	4S6	250	999997	exact
4Tr21 4Lr38 4Lr18 2r12 4Tr24 4Tr34	3Ir17	250	999997	exact
4Tr21 4Lr38 4Lr18 2r13	4Tr24	5	999995	exact
4Tr21 4Lr38 4Lr18 2r13 4Tr24 11	3Ir17	250	999997	exact
4Tr21 4Lr38 4Lr18 2r13 4Tr24 12	3Ir17	250	999997	exact
4Tr21 4Lr38 4Lr18 2r13 4Tr24 13	3Ir17	250	999997	exact
4Tr21 4Lr38 4Lr18 2r13 4Tr24 14	3Ir17	250	999997	exact
4Tr21 4Lr38 4Lr18 2r13 4Tr24 15	3Ir17	250	999997	exact
4Tr21 4Lr38 4Lr18 2r13 4Tr24 16	3Ir17	250	999997	exact
4Tr21 4Lr38 4Lr18 2r13 4Tr24 17	3Ir17	250	999997	exact
4Tr21 4Lr38 4Lr18 2r13 4Tr24 18	3Ir17	250	999997	exact
4Tr21 4Lr38 4Lr18 2r13 4Tr24 19	3Ir17	250	999997	exact
4Tr21 4Lr38 4Lr18 2r13 4Tr24 28	3Ir17	250	999997	exact
4Tr21 4Lr38 4Lr18 2r13 4Tr24 2r11	3Ir17	250	999997	exact
4Tr21 4Lr38 4Lr18 2r13 4Tr24 2r12	3Ir17	250	999997	exact
4Tr21 4Lr38 4Lr18 2r13 4Tr24 2r13	3Ir17	250	999997	exact
4Tr21 4Lr38 4Lr18 2r13 4Tr24 2r14	3Ir17	250	999997	exact
4Tr21 4Lr38 4Lr18 2r13 4Tr24 2r15	3Ir17	250	999997	exact
4Tr21 4Lr38 4Lr18 2r13 4Tr24 2r16	3Ir17	250	999997	exact
4Tr21 4Lr38 4Lr18 2r13 4Tr24 2r17	3L6	250	999997	exact
4Tr21 4Lr38 4Lr18 2r13 4Tr24 2r18	3Ir17	250	999997	exact
4Tr21 4Lr38 4Lr18 2r13 4Tr24 2r19	3Ir17	250	999997	exact
4Tr21 4Lr38 4Lr18 2r13 4Tr24 3Ir11	3Ir17	250	999997	exact
4Tr21 4Lr38 4Lr18 2r13 4Tr24 3Ir12	3Ir17	250	999997	exact
4Tr21 4Lr38 4Lr18 2r13 4Tr24 3Ir13	3Ir17	250	999997	exact
4Tr21 4Lr38 4Lr18 2r13 4Tr24 3Ir14	3Ir17	250	999997	exact
4Tr21 4Lr38 4Lr18 2r13 4Tr24 3Ir15	3Ir17	250	999997	exact
4Tr21 4Lr38 4Lr18 2r13 4Tr24 3Ir16	3Ir17	250	999997	exact
4Tr21 4Lr38 4Lr18 2r13 4Tr24 3Ir17	4Lsr36	250	999997	exact
4Tr21 4Lr38 4Lr18 2r13 4Tr24 3Ir18	3Ir17	250	999997	exact
4Tr21 4Lr38 4Lr18 2r13 4Tr24 3Ir19	3Ir17	250	999997	exact
4Tr21 4Lr38 4Lr18 2r13 4Tr24 3L1	3Ir17	250	999997	exact
4Tr21 4Lr38 4Lr18 2r13 4Tr24 3L2	3Ir17	250	999997	exact
4Tr21 4Lr38 4Lr18 2r13 4Tr24 3L4	3Ir17	250	999997	exact
4Tr21 4Lr38 4Lr18 2r13 4Tr24 3Lr15	3Ir17	250	999997	exact
4Tr21 4Lr38 4Lr18 2r13 4Tr24 3Lr16	4Lsr16	250	999997	exact
4Tr21 4Lr38 4Lr18 2r13 4Tr24 3Lr28	3Ir17	250	999997	exact
4Tr21 4Lr38 4Lr18 2r13 4Tr24 3Lr38	3Ir17	250	999997	exact
4Tr21 4Lr38 4Lr18 2r13 4Tr24 4Lr13	3Ir17	250	999997	exact
4Tr21 4Lr38 4Lr18 2r13 4Tr24 4Lr38	3Ir17	250	999997	exact
4Tr21 4Lr38 4Lr18 2r13 4Tr24 4Lsr18	3Ir17	250	999997	exact
4Tr21 4Lr38 4Lr18 2r13 4Tr24 4S1	3Ir17	250	999997	exact
4Tr21 4Lr38 4Lr18 2r13 4Tr24 4S2	3Ir17	250	999997	exact
4Tr21 4Lr38 4Lr18 2r13 4Tr24 4S4	3Ir17	250	999997	exact
4Tr21 4Lr38 4Lr18 2r13 4Tr24 4Ss5	3Ir17	250	999997	exact
4Tr21 4Lr38 4Lr18 2r13 4Tr24 4Ss6	4S5	250	999995	exact
4Tr21 4Lr38 4Lr18 2r13 4Tr24 4Tr15	3Ir17	250	999997	exact
4Tr21 4Lr38 4Lr18 2r13 4Tr24 4Tr16	3L6	250	999997	exact
4Tr21 4Lr38 4Lr18 2r13 4Tr24 4Tr31	3Ir17	250	999997	exact
4Tr21 4Lr38 4Lr18 2r13 4Tr24 4Tr32	3Ir17	250	999997	exact
4Tr21 4Lr38 4Lr18 2r13 4Tr24 4Tr34	3Ir17	250	999997	exact
4Tr21 4Lr38 4Lr18 2r14	4Tr33	16	999991	exact
4Tr21 4Lr38 4Lr18 2r14 4Tr33 11	4Ss3	250	999991	exact
4Tr21 4Lr38 4Lr18 2r14 4Tr33 12	4Ss3	250	999991	exact
4Tr21 4Lr38 4Lr18 2r14 4Tr33 13	3Ir14	250	999991	exact
4Tr21 4Lr38 4Lr18 2r14 4Tr33 14	3Ir14	250	999991	exact
4Tr21 4Lr38 4Lr18 2r14 4Tr33 15	4Ss3	250	999991	exact
4Tr21 4Lr38 4Lr18 2r14 4Tr33 16	4Ss3	250	999991	exact
4Tr21 4Lr38 4Lr18 2r14 4Tr33 17	4Ss3	250	999991	exact
4Tr21 4Lr38 4Lr18 2r14 4Tr33 18	4Ss3	250	999991	exact
4Tr21 4Lr38 4Lr18 2r14 4Tr33 19	4Ss3	250	999991	exact
4Tr21 4Lr38 4Lr18 2r14 4Tr33 25	4Ss3	250	999991	exact
4Tr21 4Lr38 4Lr18 2r14 4Tr33 26	4Ss3	250	999991	exact
4Tr21 4Lr38 4Lr18 2r14 4Tr33 28	4Ss3	250	999991	exact
4Tr21 4Lr38 4Lr18 2r14 4Tr33 2r11	4Ss3	250	999991	exact
4Tr21 4Lr38 4Lr18 2r14 4Tr33 2r12	4Ss3	250	999991	exact
4Tr21 4Lr38 4Lr18 2r14 4Tr33 2r13	17	250	999991	exact
4Tr21 4Lr38 4Lr18 2r14 4Tr33 2r14	3Ir14	250	999991	exact
4Tr21 4Lr38 4Lr18 2r14 4Tr33 2r15	4Ss3	250	999991	exact
4Tr21 4Lr38 4Lr18 2r14 4Tr33 2r16	4Ss3	250	999991	exact
4Tr21 4Lr38 4Lr18 2r14 4Tr33 2r17	3Ir14	250	999991	exact
4Tr21 4Lr38 4Lr18 2r14 4Tr33 2r18	4Ss3	250	999991	exact
4Tr21 4Lr38 4Lr18 2r14 4Tr33 2r19	4Ss3	250	999991	exact
4Tr21 4Lr38 4Lr18 2r14 4Tr33 3I5	4Ss3	250	999991	exact
4Tr21 4Lr38 4Lr18 2r14 4Tr33 3Ir11	4Ss3	250	999991	exact
4Tr21 4Lr38 4Lr18 2r14 4Tr33 3Ir12	4Ss3	250	999991	exact
4Tr21 4Lr38 4Lr18 2r14 4Tr33 3Ir13	3Ir14	250	999991	exact
4Tr21 4Lr38 4Lr18 2r14 4Tr33 3Ir14	4Lr35	250	999991	exact
4Tr21 4Lr38 4Lr18 2r14 4Tr33 3Ir15	4Ss3	250	999991	exact
4Tr21 4Lr38 4Lr18 2r14 4Tr33 3Ir16	4Ss3	250	999991	exact
4Tr21 4Lr38 4Lr18 2r14 4Tr33 3Ir17	3Ir14	250	999991	exact
4Tr21 4Lr38 4Lr18 2r14 4Tr33 3Ir18	4Ss3	250	999991	exact
4Tr21 4Lr38 4Lr18 2r14 4Tr33 3Ir19	4Ss3	250	999991	exact
4Tr21 4Lr38 4Lr18 2r14 4Tr33 3L1	4Ss3	250	999991	exact
4Tr21 4Lr38 4Lr18 2r14 4Tr33 3Lr13	4Lr35	250	999991	exact
4Tr21 4Lr38 4Lr18 2r14 4Tr33 3Lr25	4Ss3	250	999991	exact
4Tr21 4Lr38 4Lr18 2r14 4Tr33 3Lr26	3Ir14	250	999991	exact
4Tr21 4Lr38 4Lr18 2r14 4Tr33 3Lr28	4Ss3	250	999991	exact
4Tr21 4Lr38 4Lr18 2r14 4Tr33 3Lr35	4Ss3	250	999991	exact
4Tr21 4Lr38 4Lr18 2r14 4Tr33 3Lr36	4Ss3	250	999991	exact
4Tr21 4Lr38 4Lr18 2r14 4Tr33 3Lr38	4Ss3	250	999991	exact
4Tr21 4Lr38 4Lr18 2r14 4Tr33 4Lr25	4Ss3	250	999991	exact
4Tr21 4Lr38 4Lr18 2r14 4Tr33 4Lr35	4Lsr14	250	999991	exact
4Tr21 4Lr38 4Lr18 2r14 4Tr33 4Lr36	3Ir14	250	999991	exact
4Tr21 4Lr38 4Lr18 2r14 4Tr33 4Lr38	3Ir13	250	999991	exact
4Tr21 4Lr38 4Lr18 2r14 4Tr33 4Lsr15	4Ss3	250	999991	exact
4Tr21 4Lr38 4Lr18 2r14 4Tr33 4Lsr16	4Ss3	250	999991	exact
4Tr21 4Lr38 4Lr18 2r14 4Tr33 4Lsr18	3Ir14	250	999991	exact
4Tr21 4Lr38 4Lr18 2r14 4Tr33 4Lsr25	4Ss3	250	999991	exact
4Tr21 4Lr38 4Lr18 2r14 4Tr33 4Lsr32	4Lr13	250	999991	exact
4Tr21 4Lr38 4Lr18 2r14 4Tr33 4S1	4Ss3	250	999991	exact
4Tr21 4Lr38 4Lr18 2r14 4Tr33 4Ss3	4Lr35	250	999991	exact
4Tr21 4Lr38 4Lr18 2r14 4Tr33 4Tr13	3Ir15	250	999991	exact
4Tr21 4Lr38 4Lr18 2r14 4Tr33 4Tr25	4S5	250	999991	exact
4Tr21 4Lr38 4Lr18 2r14 4Tr33 4Tr31	4Ss3	250	999991	exact
4Tr21 4Lr38 4Lr18 2r15	4Lsr34	6	999995	exact
4Tr21 4Lr38 4Lr18 2r15 4Lsr34 11	3Ir17	250	999995	exact
4Tr21 4Lr38 4Lr18 2r15 4Lsr34 12	3Ir16	250	999995	exact
4Tr21 4Lr38 4Lr18 2r15 4Lsr34 13	3Ir16	250	999995	exact
4Tr21 4Lr38 4Lr18 2r15 4Lsr34 14	3Ir16	250	999995	exact
4Tr21 4Lr38 4Lr18 2r15 4Lsr34 15	3Ir16	250	999995	exact
4Tr21 4Lr38 4Lr18 2r15 4Lsr34 16	4Tr16	250	999997	exact
4Tr21 4Lr38 4Lr18 2r15 4Lsr34 17	4S6	250	999997	exact
4Tr21 4Lr38 4Lr18 2r15 4Lsr34 18	3Ir16	250	999995	exact
4Tr21 4Lr38 4Lr18 2r15 4Lsr34 19	3Ir16	250	999995	exact
4Tr21 4Lr38 4Lr18 2r15 4Lsr34 24	3Ir16	250	999995	exact
4Tr21 4Lr38 4Lr18 2r15 4Lsr34 26	3Lr26	250	999997	exact
4Tr21 4Lr38 4Lr18 2r15 4Lsr34 28	3Ir16	250	999995	exact
4Tr21 4Lr38 4Lr18 2r15 4Lsr34 2r11	3Ir16	250	999995	exact
4Tr21 4Lr38 4Lr18 2r15 4Lsr34 2r12	3Ir16	250	999995	exact
4Tr21 4Lr38 4Lr18 2r15 4Lsr34 2r13	3Ir17	250	999995	exact
4Tr21 4Lr38 4Lr18 2r15 4Lsr34 2r14	3Ir16	250	999995	exact
4Tr21 4Lr38 4Lr18 2r15 4Lsr34 2r15	3Ir16	250	999995	exact
4Tr21 4Lr38 4Lr18 2r15 4Lsr34 2r16	3Ir16	250	999995	exact
4Tr21 4Lr38 4Lr18 2r15 4Lsr34 2r17	3Ir17	250	999995	exact
4Tr21 4Lr38 4Lr18 2r15 4Lsr34 2r18	3Ir16	250	999995	exact
4Tr21 4Lr38 4Lr18 2r15 4Lsr34 2r19	3Ir16	250	999995	exact
4Tr21 4Lr38 4Lr18 2r15 4Lsr34 3Ir11	3Ir16	250	999995	exact
4Tr21 4Lr38 4Lr18 2r15 4Lsr34 3Ir12	3Ir16	250	999995	exact
4Tr21 4Lr38 4Lr18 2r15 4Lsr34 3Ir13	3Ir16	250	999995	exact
4Tr21 4Lr38 4Lr18 2r15 4Lsr34 3Ir14	3Ir16	250	999995	exact
4Tr21 4Lr38 4Lr18 2r15 4Lsr34 3Ir15	3Ir16	250	999995	exact
4Tr21 4Lr38 4Lr18 2r15 4Lsr34 3Ir16	4Tr24	250	999995	exact
4Tr21 4Lr38 4Lr18 2r15 4Lsr34 3Ir17	4S7	250	999995	exact
4Tr21 4Lr38 4Lr18 2r15 4Lsr34 3Ir18	3Ir16	250	999995	exact
4Tr21 4Lr38 4Lr18 2r15 4Lsr34 3Ir19	3Ir16	250	999995	exact
4Tr21 4Lr38 4Lr18 2r15 4Lsr34 3L1	3Ir16	250	999995	exact
4Tr21 4Lr38 4Lr18 2r15 4Lsr34 3Lr12	3Ir16	250	999995	exact
4Tr21 4Lr38 4Lr18 2r15 4Lsr34 3Lr24	3Ir16	250	999995	exact
4Tr21 4Lr38 4Lr18 2r15 4Lsr34 3Lr26	4S6	250	999997	exact
4Tr21 4Lr38 4Lr18 2r15 4Lsr34 3Lr28	3Ir16	250	999995	exact
4Tr21 4Lr38 4Lr18 2r15 4Lsr34 3Lr34	3Ir16	250	999995	exact
4Tr21 4Lr38 4Lr18 2r15 4Lsr34 3Lr36	4Ss6	250	999997	exact
4Tr21 4Lr38 4Lr18 2r15 4Lsr34 3Lr38	3Ir16	250	999995	exact
4Tr21 4Lr38 4Lr18 2r15 4Lsr34 4Lr34	3Ir16	250	999995	exact
4Tr21 4Lr38 4Lr18 2r15 4Lsr34 4Lr36	3Ir16	250	999995	exact
4Tr21 4Lr38 4Lr18 2r15 4Lsr34 4Lr38	3Ir16	250	999995	exact
4Tr21 4Lr38 4Lr18 2r15 4Lsr34 4Lsr14	3Ir16	250	999995	exact
4Tr21 4Lr38 4Lr18 2r15 4Lsr34 4Lsr16	4S7	250	999995	exact
4Tr21 4Lr38 4Lr18 2r15 4Lsr34 4Lsr18	3Ir16	250	999995	exact
4Tr21 4Lr38 4Lr18 2r15 4Lsr34 4Lsr33	3Ir16	250	999995	exact
4Tr21 4Lr38 4Lr18 2r15 4Lsr34 4S1	3Ir16	250	999995	exact
4Tr21 4Lr38 4Lr18 2r15 4Lsr34 4Ss2	3Ir16	250	999995	exact
4Tr21 4Lr38 4Lr18 2r15 4Lsr34 4Tr12	3Ir16	250	999995	exact
4Tr21 4Lr38 4Lr18 2r15 4Lsr34 4Tr31	3Ir16	250	999995	exact
4Tr21 4Lr38 4Lr18 2r16	4Lsr35	13	999991	exact
4Tr21 4Lr38 4Lr18 2r16 4Lsr35 11	4Tr13	250	999993	exact
4Tr21 4Lr38 4Lr18 2r16 4Lsr35 12	4Tr13	250	999995	exact
4Tr21 4Lr38 4Lr18 2r16 4Lsr35 13	3Ir15	250	999993	exact
4Tr21 4Lr38 4Lr18 2r16 4Lsr35 14	3Ir15	250	999993	exact
4Tr21 4Lr38 4Lr18 2r16 4Lsr35 15	4Tr13	250	999995	exact
4Tr21 4Lr38 4Lr18 2r16 4Lsr35 16	4Tr13	250	999993	exact
4Tr21 4Lr38 4Lr18 2r16 4Lsr35 17	3Ir15	250	999993	exact
4Tr21 4Lr38 4Lr18 2r16 4Lsr35 18	3Ir16	250	999991	exact
4Tr21 4Lr38 4Lr18 2r16 4Lsr35 19	3Ir16	250	999991	exact
4Tr21 4Lr38 4Lr18 2r16 4Lsr35 25	4Tr13	250	999995	exact
4Tr21 4Lr38 4Lr18 2r16 4Lsr35 28	3Ir15	250	999993	exact
4Tr21 4Lr38 4Lr18 2r16 4Lsr35 2r11	3Ir14	250	999995	exact
4Tr21 4Lr38 4Lr18 2r16 4Lsr35 2r12	3Ir15	250	999993	exact
4Tr21 4Lr38 4Lr18 2r16 4Lsr35 2r13	3Ir14	250	999995	exact
4Tr21 4Lr38 4Lr18 2r16 4Lsr35 2r14	4S3	250	999995	exact
4Tr21 4Lr38 4Lr18 2r16 4Lsr35 2r15	3Ir14	250	999995	exact
4Tr21 4Lr38 4Lr18 2r16 4Lsr35 2r16	4Tr13	250	999995	exact
4Tr21 4Lr38 4Lr18 2r16 4Lsr35 2r17	3Ir16	250	999991	exact
4Tr21 4Lr38 4Lr18 2r16 4Lsr35 2r18	3Ir15	250	999993	exact
4Tr21 4Lr38 4Lr18 2r16 4Lsr35 2r19	3Ir15	250	999991	exact
4Tr21 4Lr38 4Lr18 2r16 4Lsr35 3Ir11	3Ir14	250	999995	exact
4Tr21 4Lr38 4Lr18 2r16 4Lsr35 3Ir12	3Ir15	250	999993	exact
4Tr21 4Lr38 4Lr18 2r16 4Lsr35 3Ir13	3Ir15	250	999991	exact
4Tr21 4Lr38 4Lr18 2r16 4Lsr35 3Ir14	3Lr34	250	999991	exact
4Tr21 4Lr38 4Lr18 2r16 4Lsr35 3Ir15	3Ir14	250	999993	exact
4Tr21 4Lr38 4Lr18 2r16 4Lsr35 3Ir16	4Tr13	250	999995	exact
4Tr21 4Lr38 4Lr18 2r16 4Lsr35 3Ir17	3Lr26	250	999991	exact
4Tr21 4Lr38 4Lr18 2r16 4Lsr35 3Ir18	3Ir14	250	999995	exact
4Tr21 4Lr38 4Lr18 2r16 4Lsr35 3Ir19	4Tr13	250	999995	exact
4Tr21 4Lr38 4Lr18 2r16 4Lsr35 3L1	3Ir14	250	999995	exact
4Tr21 4Lr38 4Lr18 2r16 4Lsr35 3Lr12	3Ir14	250	999995	exact
4Tr21 4Lr38 4Lr18 2r16 4Lsr35 3Lr13	4Ssr13	250	999995	exact
4Tr21 4Lr38 4Lr18 2r16 4Lsr35 3Lr25	4Tr13	250	999995	exact
4Tr21 4Lr38 4Lr18 2r16 4Lsr35 3Lr28	4Tr13	250	999995	exact
4Tr21 4Lr38 4Lr18 2r16 4Lsr35 3Lr35	4Tr13	250	999995	exact
4Tr21 4Lr38 4Lr18 2r16 4Lsr35 3Lr38	4Tr13	250	999995	exact
4Tr21 4Lr38 4Lr18 2r16 4Lsr35 4Lr35	4Tr13	250	999995	exact
4Tr21 4Lr38 4Lr18 2r16 4Lsr35 4Lr38	3Ir14	250	999995	exact
4Tr21 4Lr38 4Lr18 2r16 4Lsr35 4Lsr15	4Tr13	250	999995	exact
4Tr21 4Lr38 4Lr18 2r16 4Lsr35 4Lsr18	3Ir14	250	999995	exact
4Tr21 4Lr38 4Lr18 2r16 4Lsr35 4S1	4Tr13	250	999995	exact
4Tr21 4Lr38 4Lr18 2r16 4Lsr35 4Ss2	3Ir14	250	999995	exact
4Tr21 4Lr38 4Lr18 2r16 4Lsr35 4Ss3	3Ir15	250	999991	exact
4Tr21 4Lr38 4Lr18 2r16 4Lsr35 4Tr12	3Ir14	250	999995	exact
4Tr21 4Lr38 4Lr18 2r16 4Lsr35 4Tr13	4Ssr12	250	999995	exact
4Tr21 4Lr38 4Lr18 2r16 4Lsr35 4Tr31	4Tr13	250	999995	exact
4Tr21 4Lr38 4Lr18 2r17	4Lsr36	17	999987	exact
4Tr21 4Lr38 4Lr18 2r17 4Lsr36 11	3Lr24	250	999997	exact
4Tr21 4Lr38 4Lr18 2r17 4Lsr36 12	3Lr24	250	999997	exact
4Tr21 4Lr38 4Lr18 2r17 4Lsr36 13	3Lr24	250	999997	exact
4Tr21 4Lr38 4Lr18 2r17 4Lsr36 14	4Ss4	250	999997	exact
4Tr21 4Lr38 4Lr18 2r17 4Lsr36 15	4T3	250	999997	exact
4Tr21 4Lr38 4Lr18 2r17 4Lsr36 16	4Ss6	250	999995	exact
4Tr21 4Lr38 4Lr18 2r17 4Lsr36 17	4Sr13	250	999997	exact
4Tr21 4Lr38 4Lr18 2r17 4Lsr36 18	3Lr24	250	999997	exact
4Tr21 4Lr38 4Lr18 2r17 4Lsr36 19	4Sr13	250	999997	exact
4Tr21 4Lr38 4Lr18 2r17 4Lsr36 24	4Tr23	250	999997	exact
4Tr21 4Lr38 4Lr18 2r17 4Lsr36 26	4Sr13	250	999997	exact
4Tr21 4Lr38 4Lr18 2r17 4Lsr36 28	3Lr24	250	999997	exact
4Tr21 4Lr38 4Lr18 2r17 4Lsr36 2r11	4Sr13	250	999997	exact
4Tr21 4Lr38 4Lr18 2r17 4Lsr36 2r12	3Lr24	250	999997	exact
4Tr21 4Lr38 4Lr18 2r17 4Lsr36 2r13	3Lr24	250	999997	exact
4Tr21 4Lr38 4Lr18 2r17 4Lsr36 2r14	3Ir18	250	999993	exact
4Tr21 4Lr38 4Lr18 2r17 4Lsr36 2r15	4S7	250	999987	exact
4Tr21 4Lr38 4Lr18 2r17 4Lsr36 2r16	3Lr24	250	999997	exact
4Tr21 4Lr38 4Lr18 2r17 4Lsr36 2r17	4Sr13	250	999997	exact
4Tr21 4Lr38 4Lr18 2r17 4Lsr36 2r18	4Sr13	250	999997	exact
4Tr21 4Lr38 4Lr18 2r17 4Lsr36 2r19	3Lr24	250	999997	exact
4Tr21 4Lr38 4Lr18 2r17 4Lsr36 3Ir11	4Sr13	250	999997	exact
4Tr21 4Lr38 4Lr18 2r17 4Lsr36 3Ir12	3Lr24	250	999997	exact
4Tr21 4Lr38 4Lr18 2r17 4Lsr36 3Ir13	3Lr24	250	999997	exact
4Tr21 4Lr38 4Lr18 2r17 4Lsr36 3Ir14	4S7	250	999987	exact
4Tr21 4Lr38 4Lr18 2r17 4Lsr36 3Ir15	4Tr37	250	999993	exact
4Tr21 4Lr38 4Lr18 2r17 4Lsr36 3Ir16	4Sr13	250	999997	exact
4Tr21 4Lr38 4Lr18 2r17 4Lsr36 3Ir17	4Sr13	250	999997	exact
4Tr21 4Lr38 4Lr18 2r17 4Lsr36 3Ir18	3Ir17	250	999995	exact
4Tr21 4Lr38 4Lr18 2r17 4Lsr36 3Ir19	4Sr13	250	999997	exact
4Tr21 4Lr38 4Lr18 2r17 4Lsr36 3L1	3Lr24	250	999997	exact
4Tr21 4Lr38 4Lr18 2r17 4Lsr36 3L7	4Sr13	250	999997	exact
4Tr21 4Lr38 4Lr18 2r17 4Lsr36 3Lr12	3Lr24	250	999997	exact
4Tr21 4Lr38 4Lr18 2r17 4Lsr36 3Lr13	4Tr22	250	999995	exact
4Tr21 4Lr38 4Lr18 2r17 4Lsr36 3Lr24	4Ssr13	250	999997	exact
4Tr21 4Lr38 4Lr18 2r17 4Lsr36 3Lr26	4Sr13	250	999997	exact
4Tr21 4Lr38 4Lr18 2r17 4Lsr36 3Lr28	4Sr13	250	999997	exact
4Tr21 4Lr38 4Lr18 2r17 4Lsr36 3Lr34	3Ir18	250	999987	exact
4Tr21 4Lr38 4Lr18 2r17 4Lsr36 3Lr36	4Sr13	250	999997	exact
4Tr21 4Lr38 4Lr18 2r17 4Lsr36 3Lr38	4Sr13	250	999997	exact
4Tr21 4Lr38 4Lr18 2r17 4Lsr36 4L7	4Sr13	250	999997	exact
4Tr21 4Lr38 4Lr18 2r17 4Lsr36 4Lr34	4Tr37	250	999987	exact
4Tr21 4Lr38 4Lr18 2r17 4Lsr36 4Lr36	4Sr13	250	999997	exact
4Tr21 4Lr38 4Lr18 2r17 4Lsr36 4Lr38	4Sr13	250	999997	exact
4Tr21 4Lr38 4Lr18 2r17 4Lsr36 4Lsr14	3Ir15	250	999995	exact
4Tr21 4Lr38 4Lr18 2r17 4Lsr36 4Lsr16	4Sr13	250	999997	exact
4Tr21 4Lr38 4Lr18 2r17 4Lsr36 4Lsr18	4Sr13	250	999997	exact
4Tr21 4Lr38 4Lr18 2r17 4Lsr36 4S1	4Sr13	250	999997	exact
4Tr21 4Lr38 4Lr18 2r17 4Lsr36 4S7	4Sr13	250	999997	exact
4Tr21 4Lr38 4Lr18 2r17 4Lsr36 4Sr13	4S7	250	999989	exact
4Tr21 4Lr38 4Lr18 2r17 4Lsr36 4Ss2	3Lr24	250	999997	exact
4Tr21 4Lr38 4Lr18 2r17 4Lsr36 4Ss3	3Ir16	250	999987	exact
4Tr21 4Lr38 4Lr18 2r17 4Lsr36 4Ssr16	4Sr13	250	999997	exact
4Tr21 4Lr38 4Lr18 2r17 4Lsr36 4Tr12	3Lr24	250	999997	exact
4Tr21 4Lr38 4Lr18 2r17 4Lsr36 4Tr13	4S3	250	999995	exact
4Tr21 4Lr38 4Lr18 2r17 4Lsr36 4Tr31	4Sr13	250	999997	exact
4Tr21 4Lr38 4Lr18 2r17 4Lsr36 4Tr37	4Sr13	250	999997	exact
4Tr21 4Lr38 4Lr18 2r18	4Lsr14	7	999995	exact
4Tr21 4Lr38 4Lr18 2r18 4Lsr14 11	3Ir17	250	999995	exact
4Tr21 4Lr38 4Lr18 2r18 4Lsr14 12	3Ir17	250	999995	exact
4Tr21 4Lr38 4Lr18 2r18 4Lsr14 13	3Ir17	250	999995	exact
4Tr21 4Lr38 4Lr18 2r18 4Lsr14 14	3Ir17	250	999995	exact
4Tr21 4Lr38 4Lr18 2r18 4Lsr14 15	3Ir17	250	999995	exact
4Tr21 4Lr38 4Lr18 2r18 4Lsr14 16	3Ir15	250	999995	exact
4Tr21 4Lr38 4Lr18 2r18 4Lsr14 17	4S6	250	999997	exact
4Tr21 4Lr38 4Lr18 2r18 4Lsr14 18	3Ir17	250	999995	exact
4Tr21 4Lr38 4Lr18 2r18 4Lsr14 19	3Ir17	250	999995	exact
4Tr21 4Lr38 4Lr18 2r18 4Lsr14 23	3Ir17	250	999995	exact
4Tr21 4Lr38 4Lr18 2r18 4Lsr14 26	3Lr26	250	999997	exact
4Tr21 4Lr38 4Lr18 2r18 4Lsr14 2r11	3Ir17	250	999995	exact
4Tr21 4Lr38 4Lr18 2r18 4Lsr14 2r12	3Ir17	250	999995	exact
4Tr21 4Lr38 4Lr18 2r18 4Lsr14 2r13	3Ir17	250	999995	exact
4Tr21 4Lr38 4Lr18 2r18 4Lsr14 2r14	3Ir17	250	999995	exact
4Tr21 4Lr38 4Lr18 2r18 4Lsr14 2r15	3Ir17	250	999995	exact
4Tr21 4Lr38 4Lr18 2r18 4Lsr14 2r16	4Ss5	250	999995	exact
4Tr21 4Lr38 4Lr18 2r18 4Lsr14 2r17	3Ir17	250	999995	exact
4Tr21 4Lr38 4Lr18 2r18 4Lsr14 2r18	3Ir17	250	999995	exact
4Tr21 4Lr38 4Lr18 2r18 4Lsr14 2r19	3Ir17	250	999995	exact
4Tr21 4Lr38 4Lr18 2r18 4Lsr14 3Ir11	3Ir16	250	999995	exact
4Tr21 4Lr38 4Lr18 2r18 4Lsr14 3Ir12	3Ir16	250	999995	exact
4Tr21 4Lr38 4Lr18 2r18 4Lsr14 3Ir13	3Ir16	250	999995	exact
4Tr21 4Lr38 4Lr18 2r18 4Lsr14 3Ir14	3Ir17	250	999995	exact
4Tr21 4Lr38 4Lr18 2r18 4Lsr14 3Ir15	3Ir17	250	999995	exact
4Tr21 4Lr38 4Lr18 2r18 4Lsr14 3Ir16	3Lr25	250	999995	exact
4Tr21 4Lr38 4Lr18 2r18 4Lsr14 3Ir17	3Ir17	250	999995	exact
4Tr21 4Lr38 4Lr18 2r18 4Lsr14 3Ir18	3Ir16	250	999995	exact
4Tr21 4Lr38 4Lr18 2r18 4Lsr14 3Ir19	3Ir17	250	999995	exact
4Tr21 4Lr38 4Lr18 2r18 4Lsr14 3L1	3Ir16	250	999995	exact
4Tr21 4Lr38 4Lr18 2r18 4Lsr14 3Lr12	3Ir16	250	999995	exact
4Tr21 4Lr38 4Lr18 2r18 4Lsr14 3Lr23	3Ir17	250	999995	exact
4Tr21 4Lr38 4Lr18 2r18 4Lsr14 3Lr26	4S6	250	999997	exact
4Tr21 4Lr38 4Lr18 2r18 4Lsr14 3Lr33	3Ir17	250	999995	exact
4Tr21 4Lr38 4Lr18 2r18 4Lsr14 3Lr36	4Ss6	250	999997	exact
4Tr21 4Lr38 4Lr18 2r18 4Lsr14 4Lr18	3Ir17	250	999995	exact
4Tr21 4Lr38 4Lr18 2r18 4Lsr14 4Lr33	3Ir16	250	999995	exact
4Tr21 4Lr38 4Lr18 2r18 4Lsr14 4Lr36	3Lr25	250	999995	exact
4Tr21 4Lr38 4Lr18 2r18 4Lsr14 4Lsr13	3Ir16	250	999995	exact
4Tr21 4Lr38 4Lr18 2r18 4Lsr14 4Lsr16	3Ir17	250	999995	exact
4Tr21 4Lr38 4Lr18 2r18 4Lsr14 4Lsr34	3Ir17	250	999995	exact
4Tr21 4Lr38 4Lr18 2r18 4Lsr14 4S1	3Ir17	250	999995	exact
4Tr21 4Lr38 4Lr18 2r18 4Lsr14 4Sr12	3Ir16	250	999995	exact
4Tr21 4Lr38 4Lr18 2r18 4Lsr14 4Ss2	3Ir17	250	999995	exact
4Tr21 4Lr38 4Lr18 2r18 4Lsr14 4Tr12	3Ir17	250	999995	exact
4Tr21 4Lr38 4Lr18 2r18 4Lsr14 4Tr31	3Ir17	250	999995	exact
4Tr21 4Lr38 4Lr18 2r19	4Tr24	5	999995	exact
4Tr21 4Lr38 4Lr18 2r19 4Tr24 11	3Ir17	250	999997	exact
4Tr21 4Lr38 4Lr18 2r19 4Tr24 12	3Ir17	250	999997	exact
4Tr21 4Lr38 4Lr18 2r19 4Tr24 13	3Ir17	250	999997	exact
4Tr21 4Lr38 4Lr18 2r19 4Tr24 14	3Ir17	250	999997	exact
4Tr21 4Lr38 4Lr18 2r19 4Tr24 15	3Ir17	250	999997	exact
4Tr21 4Lr38 4Lr18 2r19 4Tr24 16	3Ir17	250	999997	exact
4Tr21 4Lr38 4Lr18 2r19 4Tr24 17	3Ir17	250	999997	exact
4Tr21 4Lr38 4Lr18 2r19 4Tr24 18	3Ir17	250	999997	exact
4Tr21 4Lr38 4Lr18 2r19 4Tr24 19	3Ir17	250	999997	exact
4Tr21 4Lr38 4Lr18 2r19 4Tr24 23	3Ir17	250	999997	exact
4Tr21 4Lr38 4Lr18 2r19 4Tr24 2r11	3Ir17	250	999997	exact
4Tr21 4Lr38 4Lr18 2r19 4Tr24 2r12	3Ir17	250	999997	exact
4Tr21 4Lr38 4Lr18 2r19 4Tr24 2r13	3Ir17	250	999997	exact
4Tr21 4Lr38 4Lr18 2r19 4Tr24 2r14	3Ir17	250	999997	exact
4Tr21 4Lr38 4Lr18 2r19 4Tr24 2r15	3Ir17	250	999997	exact
4Tr21 4Lr38 4Lr18 2r19 4Tr24 2r16	3Ir17	250	999997	exact
4Tr21 4Lr38 4Lr18 2r19 4Tr24 2r17	4S6	250	999997	exact
4Tr21 4Lr38 4Lr18 2r19 4Tr24 2r18	3Ir17	250	999997	exact
4Tr21 4Lr38 4Lr18 2r19 4Tr24 2r19	3Ir17	250	999997	exact
4Tr21 4Lr38 4Lr18 2r19 4Tr24 3Ir11	3Ir17	250	999997	exact
4Tr21 4Lr38 4Lr18 2r19 4Tr24 3Ir12	3Ir17	250	999997	exact
4Tr21 4Lr38 4Lr18 2r19 4Tr24 3Ir13	3Ir17	250	999997	exact
4Tr21 4Lr38 4Lr18 2r19 4Tr24 3Ir14	3Ir17	250	999997	exact
4Tr21 4Lr38 4Lr18 2r19 4Tr24 3Ir15	3Ir17	250	999997	exact
4Tr21 4Lr38 4Lr18 2r19 4Tr24 3Ir16	3Ir17	250	999997	exact
4Tr21 4Lr38 4Lr18 2r19 4Tr24 3Ir17	4Lsr36	250	999997	exact
4Tr21 4Lr38 4Lr18 2r19 4Tr24 3Ir18	3Ir17	250	999997	exact
4Tr21 4Lr38 4Lr18 2r19 4Tr24 3Ir19	3Ir17	250	999997	exact
4Tr21 4Lr38 4Lr18 2r19 4Tr24 3L1	3Ir17	250	999997	exact
4Tr21 4Lr38 4Lr18 2r19 4Tr24 3L4	3Ir17	250	999997	exact
4Tr21 4Lr38 4Lr18 2r19 4Tr24 3Lr12	3Ir17	250	999997	exact
4Tr21 4Lr38 4Lr18 2r19 4Tr24 3Lr15	3Ir17	250	999997	exact
4Tr21 4Lr38 4Lr18 2r19 4Tr24 3Lr16	4Lsr16	250	999997	exact
4Tr21 4Lr38 4Lr18 2r19 4Tr24 3Lr23	3Ir17	250	999997	exact
4Tr21 4Lr38 4Lr18 2r19 4Tr24 3Lr33	3Ir17	250	999997	exact
4Tr21 4Lr38 4Lr18 2r19 4Tr24 4Lr33	3Ir17	250	999997	exact
4Tr21 4Lr38 4Lr18 2r19 4Tr24 4Lsr13	3Ir17	250	999997	exact
4Tr21 4Lr38 4Lr18 2r19 4Tr24 4Lsr38	3Ir17	250	999997	exact
4Tr21 4Lr38 4Lr18 2r19 4Tr24 4S1	3Ir17	250	999997	exact
4Tr21 4Lr38 4Lr18 2r19 4Tr24 4S4	3Ir17	250	999997	exact
4Tr21 4Lr38 4Lr18 2r19 4Tr24 4Sr12	3Ir17	250	999997	exact
4Tr21 4Lr38 4Lr18 2r19 4Tr24 4Ss2	3Ir17	250	999997	exact
4Tr21 4Lr38 4Lr18 2r19 4Tr24 4Ss5	3Ir17	250	999997	exact
4Tr21 4Lr38 4Lr18 2r19 4Tr24 4Ss6	4S5	250	999995	exact
4Tr21 4Lr38 4Lr18 2r19 4Tr24 4Ssr13	3Ir17	250	999997	exact
4Tr21 4Lr38 4Lr18 2r19 4Tr24 4Tr12	3Ir17	250	999997	exact
4Tr21 4Lr38 4Lr18 2r19 4Tr24 4Tr15	3Ir17	250	999997	exact
4Tr21 4Lr38 4Lr18 2r19 4Tr24 4Tr16	4S6	250	999997	exact
4Tr21 4Lr38 4Lr18 2r19 4Tr24 4Tr31	3Ir17	250	999997	exact
4Tr21 4Lr38 4Lr18 2r19 4Tr24 4Tr34	3Ir17	250	999997	exact
4Tr21 4Lr38 4Lr18 3I4	3I4	3	999997	exact
4Tr21 4Lr38 4Lr18 3I4 3I4 11	3Ir17	250	999997	exact
4Tr21 4Lr38 4Lr18 3I4 3I4 12	3Ir17	250	999997	exact
4Tr21 4Lr38 4Lr18 3I4 3I4 13	3Ir17	250	999997	exact
4Tr21 4Lr38 4Lr18 3I4 3I4 14	3Ir17	250	999997	exact
4Tr21 4Lr38 4Lr18 3I4 3I4 15	3Ir17	250	999997	exact
4Tr21 4Lr38 4Lr18 3I4 3I4 16	3Ir17	250	999997	exact
4Tr21 4Lr38 4Lr18 3I4 3I4 17	3Ir17	250	999997	exact
4Tr21 4Lr38 4Lr18 3I4 3I4 18	3Ir17	250	999997	exact
4Tr21 4Lr38 4Lr18 3I4 3I4 19	3Ir17	250	999997	exact
4Tr21 4Lr38 4Lr18 3I4 3I4 24	3Ir17	250	999997	exact
4Tr21 4Lr38 4Lr18 3I4 3I4 25	3Ir17	250	999997	exact
4Tr21 4Lr38 4Lr18 3I4 3I4 28	4Lr16	250	999997	exact
4Tr21 4Lr38 4Lr18 3I4 3I4 2r11	4Lr16	250	999997	exact
4Tr21 4Lr38 4Lr18 3I4 3I4 2r12	3Ir17	250	999997	exact
4Tr21 4Lr38 4Lr18 3I4 3I4 2r13	3Ir17	250	999997	exact
4Tr21 4Lr38 4Lr18 3I4 3I4 2r14	3Ir17	250	999997	exact
4Tr21 4Lr38 4Lr18 3I4 3I4 2r15	3Ir17	250	999997	exact
4Tr21 4Lr38 4Lr18 3I4 3I4 2r16	3Ir17	250	999997	exact
4Tr21 4Lr38 4Lr18 3I4 3I4 2r17	3I5	250	999997	exact
4Tr21 4Lr38 4Lr18 3I4 3I4 2r18	4Lr16	250	999997	exact
4Tr21 4Lr38 4Lr18 3I4 3I4 2r19	4Lr16	250	999997	exact
4Tr21 4Lr38 4Lr18 3I4 3I4 3I4	3Ir17	250	999997	exact
4Tr21 4Lr38 4Lr18 3I4 3I4 3Ir11	4Lr16	250	999997	exact
4Tr21 4Lr38 4Lr18 3I4 3I4 3Ir12	3Ir17	250	999997	exact
4Tr21 4Lr38 4Lr18 3I4 3I4 3Ir13	3Ir17	250	999997	exact
4Tr21 4Lr38 4Lr18 3I4 3I4 3Ir14	3Ir17	250	999997	exact
4Tr21 4Lr38 4Lr18 3I4 3I4 3Ir15	3Ir17	250	999997	exact
4Tr21 4Lr38 4Lr18 3I4 3I4 3Ir16	3Ir17	250	999997	exact
4Tr21 4Lr38 4Lr18 3I4 3I4 3Ir17	4S6	250	999997	exact
4Tr21 4Lr38 4Lr18 3I4 3I4 3Ir18	3Ir17	250	999997	exact
4Tr21 4Lr38 4Lr18 3I4 3I4 3Ir19	3Ir17	250	999997	exact
4Tr21 4Lr38 4Lr18 3I4 3I4 3L1	4Lr16	250	999997	exact
4Tr21 4Lr38 4Lr18 3I4 3I4 3L3	4Lr16	250	999997	exact
4Tr21 4Lr38 4Lr18 3I4 3I4 3Lr12	4Lr16	250	999997	exact
4Tr21 4Lr38 4Lr18 3I4 3I4 3Lr24	3Ir17	250	999997	exact
4Tr21 4Lr38 4Lr18 3I4 3I4 3Lr25	3Ir17	250	999997	exact
4Tr21 4Lr38 4Lr18 3I4 3I4 3Lr28	4Lr16	250	999997	exact
4Tr21 4Lr38 4Lr18 3I4 3I4 3Lr34	3Ir17	250	999997	exact
4Tr21 4Lr38 4Lr18 3I4 3I4 3Lr35	3Ir17	250	999997	exact
4Tr21 4Lr38 4Lr18 3I4 3I4 3Lr38	4Lr16	250	999997	exact
4Tr21 4Lr38 4Lr18 3I4 3I4 4L3	4Lr16	250	999997	exact
4Tr21 4Lr38 4Lr18 3I4 3I4 4Lr16	4L5	250	999997	exact
4Tr21 4Lr38 4Lr18 3I4 3I4 4Lr24	3Ir17	250	999997	exact
4Tr21 4Lr38 4Lr18 3I4 3I4 4Lr34	3Ir17	250	999997	exact
4Tr21 4Lr38 4Lr18 3I4 3I4 4Lr35	3Ir17	250	999997	exact
4Tr21 4Lr38 4Lr18 3I4 3I4 4Lr38	4Lr16	250	999997	exact
4Tr21 4Lr38 4Lr18 3I4 3I4 4Lsr14	3Ir17	250	999997	exact
4Tr21 4Lr38 4Lr18 3I4 3I4 4Lsr15	3Ir17	250	999997	exact
4Tr21 4Lr38 4Lr18 3I4 3I4 4Lsr18	4Lr16	250	999997	exact
4Tr21 4Lr38 4Lr18 3I4 3I4 4Lsr24	3Ir17	250	999997	exact
4Tr21 4Lr38 4Lr18 3I4 3I4 4S1	4Lr16	250	999997	exact
4Tr21 4Lr38 4Lr18 3I4 3I4 4S3	4Lr16	250	999997	exact
4Tr21 4Lr38 4Lr18 3I4 3I4 4Ss2	4Lr16	250	999997	exact
4Tr21 4Lr38 4Lr18 3I4 3I4 4T2	4Lr16	250	999997	exact
4Tr21 4Lr38 4Lr18 3I4 3I4 4Tr12	4Lr16	250	999997	exact
4Tr21 4Lr38 4Lr18 3I4 3I4 4Tr24	3Ir17	250	999997	exact
4Tr21 4Lr38 4Lr18 3I4 3I4 4Tr31	4Lr16	250	999997	exact
4Tr21 4Lr38 4Lr18 3I4 3I4 4Tr33	4Lr16	250	999997	exact
4Tr21 4Lr38 4Lr18 3I5	4Tr34	7	999993	exact
4Tr21 4Lr38 4Lr18 3I5 4Tr34 11	4Lsr16	250	999997	exact
4Tr21 4Lr38 4Lr18 3I5 4Tr34 12	4Lsr16	250	999997	exact
4Tr21 4Lr38 4Lr18 3I5 4Tr34 13	4Lsr16	250	999997	exact
4Tr21 4Lr38 4Lr18 3I5 4Tr34 14	4Lsr16	250	999997	exact
4Tr21 4Lr38 4Lr18 3I5 4Tr34 15	4Lsr16	250	999997	exact
4Tr21 4Lr38 4Lr18 3I5 4Tr34 16	4Ss6	250	999997	exact
4Tr21 4Lr38 4Lr18 3I5 4Tr34 17	3L6	250	999997	exact
4Tr21 4Lr38 4Lr18 3I5 4Tr34 18	4Lsr16	250	999997	exact
4Tr21 4Lr38 4Lr18 3I5 4Tr34 19	4Lsr16	250	999997	exact
4Tr21 4Lr38 4Lr18 3I5 4Tr34 26	4Lsr16	250	999997	exact
4Tr21 4Lr38 4Lr18 3I5 4Tr34 28	4Lsr16	250	999997	exact
4Tr21 4Lr38 4Lr18 3I5 4Tr34 2r11	4Lsr16	250	999997	exact
4Tr21 4Lr38 4Lr18 3I5 4Tr34 2r12	4Lsr16	250	999997	exact
4Tr21 4Lr38 4Lr18 3I5 4Tr34 2r13	4Lsr16	250	999997	exact
4Tr21 4Lr38 4Lr18 3I5 4Tr34 2r14	4Lsr16	250	999997	exact
4Tr21 4Lr38 4Lr18 3I5 4Tr34 2r15	4Lsr16	250	999997	exact
4Tr21 4Lr38 4Lr18 3I5 4Tr34 2r16	4S5	250	999995	exact
4Tr21 4Lr38 4Lr18 3I5 4Tr34 2r17	4Lsr36	250	999997	exact
4Tr21 4Lr38 4Lr18 3I5 4Tr34 2r18	4Lsr16	250	999997	exact
4Tr21 4Lr38 4Lr18 3I5 4Tr34 2r19	4Lsr16	250	999997	exact
4Tr21 4Lr38 4Lr18 3I5 4Tr34 3Ir11	4Lsr16	250	999997	exact
4Tr21 4Lr38 4Lr18 3I5 4Tr34 3Ir12	4Lsr16	250	999997	exact
4Tr21 4Lr38 4Lr18 3I5 4Tr34 3Ir13	4Lsr16	250	999997	exact
4Tr21 4Lr38 4Lr18 3I5 4Tr34 3Ir14	4Lsr16	250	999997	exact
4Tr21 4Lr38 4Lr18 3I5 4Tr34 3Ir15	4Lsr16	250	999997	exact
4Tr21 4Lr38 4Lr18 3I5 4Tr34 3Ir16	4Lsr35	250	999995	exact
4Tr21 4Lr38 4Lr18 3I5 4Tr34 3Ir17	4Lr37	250	999993	exact
4Tr21 4Lr38 4Lr18 3I5 4Tr34 3Ir18	4Lsr16	250	999997	exact
4Tr21 4Lr38 4Lr18 3I5 4Tr34 3Ir19	4Lsr16	250	999997	exact
4Tr21 4Lr38 4Lr18 3I5 4Tr34 3L1	4Lsr16	250	999997	exact
4Tr21 4Lr38 4Lr18 3I5 4Tr34 3Lr12	4Lsr16	250	999997	exact
4Tr21 4Lr38 4Lr18 3I5 4Tr34 3Lr14	4Lsr16	250	999997	exact
4Tr21 4Lr38 4Lr18 3I5 4Tr34 3Lr15	4Lr35	250	999995	exact
4Tr21 4Lr38 4Lr18 3I5 4Tr34 3Lr26	3L6	250	999997	exact
4Tr21 4Lr38 4Lr18 3I5 4Tr34 3Lr28	4Lsr16	250	999997	exact
4Tr21 4Lr38 4Lr18 3I5 4Tr34 3Lr36	4S5	250	999995	exact
4Tr21 4Lr38 4Lr18 3I5 4Tr34 3Lr38	4Lsr16	250	999997	exact
4Tr21 4Lr38 4Lr18 3I5 4Tr34 4Lr36	4Lsr35	250	999995	exact
4Tr21 4Lr38 4Lr18 3I5 4Tr34 4Lr38	4Lsr16	250	999997	exact
4Tr21 4Lr38 4Lr18 3I5 4Tr34 4Lsr16	4Lsr36	250	999997	exact
4Tr21 4Lr38 4Lr18 3I5 4Tr34 4Lsr18	4Lsr16	250	999997	exact
4Tr21 4Lr38 4Lr18 3I5 4Tr34 4Lsr33	4Lsr16	250	999997	exact
4Tr21 4Lr38 4Lr18 3I5 4Tr34 4S1	4Lsr16	250	999997	exact
4Tr21 4Lr38 4Lr18 3I5 4Tr34 4Sr15	4Ls5	250	999997	exact
4Tr21 4Lr38 4Lr18 3I5 4Tr34 4Ss2	4Lsr16	250	999997	exact
4Tr21 4Lr38 4Lr18 3I5 4Tr34 4Ss4	4Lsr16	250	999997	exact
4Tr21 4Lr38 4Lr18 3I5 4Tr34 4Ss5	4S4	250	999995	exact
4Tr21 4Lr38 4Lr18 3I5 4Tr34 4Tr12	4Lsr16	250	999997	exact
4Tr21 4Lr38 4Lr18 3I5 4Tr34 4Tr14	4Lsr16	250	999997	exact
4Tr21 4Lr38 4Lr18 3I5 4Tr34 4Tr15	4Ssr14	250	999995	exact
4Tr21 4Lr38 4Lr18 3I5 4Tr34 4Tr31	4Lsr16	250	999997	exact
4Tr21 4Lr38 4Lr18 3Ir11	4Tr24	5	999995	exact
4Tr21 4Lr38 4Lr18 3Ir11 4Tr24 11	3Ir17	250	999997	exact
4Tr21 4Lr38 4Lr18 3Ir11 4Tr24 12	3Ir17	250	999997	exact
4Tr21 4Lr38 4Lr18 3Ir11 4Tr24 13	3Ir17	250	999997	exact
4Tr21 4Lr38 4Lr18 3Ir11 4Tr24 14	3Ir17	250	999997	exact
4Tr21 4Lr38 4Lr18 3Ir11 4Tr24 15	3Ir17	250	999997	exact
4Tr21 4Lr38 4Lr18 3Ir11 4Tr24 16	3Ir17	250	999997	exact
4Tr21 4Lr38 4Lr18 3Ir11 4Tr24 17	3Ir17	250	999997	exact
4Tr21 4Lr38 4Lr18 3Ir11 4Tr24 18	3Ir17	250	999997	exact
4Tr21 4Lr38 4Lr18 3Ir11 4Tr24 19	3Ir17	250	999997	exact
4Tr21 4Lr38 4Lr18 3Ir11 4Tr24 23	3Ir17	250	999997	exact
4Tr21 4Lr38 4Lr18 3Ir11 4Tr24 28	3Ir17	250	999997	exact
4Tr21 4Lr38 4Lr18 3Ir11 4Tr24 2r11	3Ir17	250	999997	exact
4Tr21 4Lr38 4Lr18 3Ir11 4Tr24 2r12	3Ir17	250	999997	exact
4Tr21 4Lr38 4Lr18 3Ir11 4Tr24 2r13	3Ir17	250	999997	exact
4Tr21 4Lr38 4Lr18 3Ir11 4Tr24 2r14	3Ir17	250	999997	exact
4Tr21 4Lr38 4Lr18 3Ir11 4Tr24 2r15	3Ir17	250	999997	exact
4Tr21 4Lr38 4Lr18 3Ir11 4Tr24 2r16	3Ir17	250	999997	exact
4Tr21 4Lr38 4Lr18 3Ir11 4Tr24 2r17	4S6	250	999997	exact
4Tr21 4Lr38 4Lr18 3Ir11 4Tr24 2r18	3Ir17	250	999997	exact
4Tr21 4Lr38 4Lr18 3Ir11 4Tr24 2r19	3Ir17	250	999997	exact
4Tr21 4Lr38 4Lr18 3Ir11 4Tr24 3Ir11	3Ir17	250	999997	exact
4Tr21 4Lr38 4Lr18 3Ir11 4Tr24 3Ir12	3Ir17	250	999997	exact
4Tr21 4Lr38 4Lr18 3Ir11 4Tr24 3Ir13	3Ir17	250	999997	exact
4Tr21 4Lr38 4Lr18 3Ir11 4Tr24 3Ir14	3Ir17	250	999997	exact
4Tr21 4Lr38 4Lr18 3Ir11 4Tr24 3Ir15	3Ir17	250	999997	exact
4Tr21 4Lr38 4Lr18 3Ir11 4Tr24 3Ir16	3Ir17	250	999997	exact
4Tr21 4Lr38 4Lr18 3Ir11 4Tr24 3Ir17	4Lsr36	250	999997	exact
4Tr21 4Lr38 4Lr18 3Ir11 4Tr24 3Ir18	3Ir17	250	999997	exact
4Tr21 4Lr38 4Lr18 3Ir11 4Tr24 3Ir19	3Ir17	250	999997	exact
4Tr21 4Lr38 4Lr18 3Ir11 4Tr24 3L4	3Ir17	250	999997	exact
4Tr21 4Lr38 4Lr18 3Ir11 4Tr24 3Lr12	3Ir17	250	999997	exact
4Tr21 4Lr38 4Lr18 3Ir11 4Tr24 3Lr15	3Ir17	250	999997	exact
4Tr21 4Lr38 4Lr18 3Ir11 4Tr24 3Lr16	4Lsr16	250	999997	exact
4Tr21 4Lr38 4Lr18 3Ir11 4Tr24 3Lr23	3Ir17	250	999997	exact
4Tr21 4Lr38 4Lr18 3Ir11 4Tr24 3Lr28	3Ir17	250	999997	exact
4Tr21 4Lr38 4Lr18 3Ir11 4Tr24 3Lr33	3Ir17	250	999997	exact
4Tr21 4Lr38 4Lr18 3Ir11 4Tr24 3Lr38	3Ir17	250	999997	exact
4Tr21 4Lr38 4Lr18 3Ir11 4Tr24 4Lr11	3Ir17	250	999997	exact
4Tr21 4Lr38 4Lr18 3Ir11 4Tr24 4Lr33	3Ir17	250	999997	exact
4Tr21 4Lr38 4Lr18 3Ir11 4Tr24 4Lr38	3Ir17	250	999997	exact
4Tr21 4Lr38 4Lr18 3Ir11 4Tr24 4Lsr13	3Ir17	250	999997	exact
4Tr21 4Lr38 4Lr18 3Ir11 4Tr24 4Lsr18	3Ir17	250	999997	exact
4Tr21 4Lr38 4Lr18 3Ir11 4Tr24 4S4	3Ir17	250	999997	exact
4Tr21 4Lr38 4Lr18 3Ir11 4Tr24 4Sr12	3Ir17	250	999997	exact
4Tr21 4Lr38 4Lr18 3Ir11 4Tr24 4Ss2	3Ir17	250	999997	exact
4Tr21 4Lr38 4Lr18 3Ir11 4Tr24 4Ss5	3Ir17	250	999997	exact
4Tr21 4Lr38 4Lr18 3Ir11 4Tr24 4Ss6	4S5	250	999995	exact
4Tr21 4Lr38 4Lr18 3Ir11 4Tr24 4Ssr13	3Ir17	250	999997	exact
4Tr21 4Lr38 4Lr18 3Ir11 4Tr24 4Tr12	3Ir17	250	999997	exact
4Tr21 4Lr38 4Lr18 3Ir11 4Tr24 4Tr15	3Ir17	250	999997	exact
4Tr21 4Lr38 4Lr18 3Ir11 4Tr24 4Tr16	4S6	250	999997	exact
4Tr21 4Lr38 4Lr18 3Ir11 4Tr24 4Tr34	3Ir17	250	999997	exact
4Tr21 4Lr38 4Lr18 3Ir12	4Tr24	5	999995	exact
4Tr21 4Lr38 4Lr18 3Ir12 4Tr24 11	3Ir17	250	999997	exact
4Tr21 4Lr38 4Lr18 3Ir12 4Tr24 12	3Ir17	250	999997	exact
4Tr21 4Lr38 4Lr18 3Ir12 4Tr24 13	3Ir17	250	999997	exact
4Tr21 4Lr38 4Lr18 3Ir12 4Tr24 14	3Ir17	250	999997	exact
4Tr21 4Lr38 4Lr18 3Ir12 4Tr24 15	3Ir17	250	999997	exact
4Tr21 4Lr38 4Lr18 3Ir12 4Tr24 16	3Ir17	250	999997	exact
4Tr21 4Lr38 4Lr18 3Ir12 4Tr24 17	3Ir17	250	999997	exact
4Tr21 4Lr38 4Lr18 3Ir12 4Tr24 18	3Ir17	250	999997	exact
4Tr21 4Lr38 4Lr18 3Ir12 4Tr24 19	3Ir17	250	999997	exact
4Tr21 4Lr38 4Lr18 3Ir12 4Tr24 23	3Ir17	250	999997	exact
4Tr21 4Lr38 4Lr18 3Ir12 4Tr24 28	3Ir17	250	999997	exact
4Tr21 4Lr38 4Lr18 3Ir12 4Tr24 2r11	3Ir17	250	999997	exact
4Tr21 4Lr38 4Lr18 3Ir12 4Tr24 2r12	3Ir17	250	999997	exact
4Tr21 4Lr38 4Lr18 3Ir12 4Tr24 2r13	3Ir17	250	999997	exact
4Tr21 4Lr38 4Lr18 3Ir12 4Tr24 2r14	3Ir17	250	999997	exact
4Tr21 4Lr38 4Lr18 3Ir12 4Tr24 2r15	3Ir17	250	999997	exact
4Tr21 4Lr38 4Lr18 3Ir12 4Tr24 2r16	3Ir17	250	999997	exact
4Tr21 4Lr38 4Lr18 3Ir12 4Tr24 2r17	4S6	250	999997	exact
4Tr21 4Lr38 4Lr18 3Ir12 4Tr24 2r18	3Ir17	250	999997	exact
4Tr21 4Lr38 4Lr18 3Ir12 4Tr24 2r19	3Ir17	250	999997	exact
4Tr21 4Lr38 4Lr18 3Ir12 4Tr24 3Ir11	3Ir17	250	999997	exact
4Tr21 4Lr38 4Lr18 3Ir12 4Tr24 3Ir12	3Ir17	250	999997	exact
4Tr21 4Lr38 4Lr18 3Ir12 4Tr24 3Ir13	3Ir17	250	999997	exact
4Tr21 4Lr38 4Lr18 3Ir12 4Tr24 3Ir14	3Ir17	250	999997	exact
4Tr21 4Lr38 4Lr18 3Ir12 4Tr24 3Ir15	3Ir17	250	999997	exact
4Tr21 4Lr38 4Lr18 3Ir12 4Tr24 3Ir16	3Ir17	250	999997	exact
4Tr21 4Lr38 4Lr18 3Ir12 4Tr24 3Ir17	4Lsr36	250	999997	exact
4Tr21 4Lr38 4Lr18 3Ir12 4Tr24 3Ir18	3Ir17	250	999997	exact
4Tr21 4Lr38 4Lr18 3Ir12 4Tr24 3Ir19	3Ir17	250	999997	exact
4Tr21 4Lr38 4Lr18 3Ir12 4Tr24 3L4	3Ir17	250	999997	exact
4Tr21 4Lr38 4Lr18 3Ir12 4Tr24 3Lr15	3Ir17	250	999997	exact
4Tr21 4Lr38 4Lr18 3Ir12 4Tr24 3Lr16	4Lsr16	250	999997	exact
4Tr21 4Lr38 4Lr18 3Ir12 4Tr24 3Lr23	3Ir17	250	999997	exact
4Tr21 4Lr38 4Lr18 3Ir12 4Tr24 3Lr28	3Ir17	250	999997	exact
4Tr21 4Lr38 4Lr18 3Ir12 4Tr24 3Lr33	3Ir17	250	999997	exact
4Tr21 4Lr38 4Lr18 3Ir12 4Tr24 3Lr38	3Ir17	250	999997	exact
4Tr21 4Lr38 4Lr18 3Ir12 4Tr24 4Lr33	3Ir17	250	999997	exact
4Tr21 4Lr38 4Lr18 3Ir12 4Tr24 4Lr38	3Ir17	250	999997	exact
4Tr21 4Lr38 4Lr18 3Ir12 4Tr24 4Lsr13	3Ir17	250	999997	exact
4Tr21 4Lr38 4Lr18 3Ir12 4Tr24 4Lsr18	3Ir17	250	999997	exact
4Tr21 4Lr38 4Lr18 3Ir12 4Tr24 4S4	3Ir17	250	999997	exact
4Tr21 4Lr38 4Lr18 3Ir12 4Tr24 4Ss5	3Ir17	250	999997	exact
4Tr21 4Lr38 4Lr18 3Ir12 4Tr24 4Ss6	4S5	250	999995	exact
4Tr21 4Lr38 4Lr18 3Ir12 4Tr24 4Ssr13	3Ir17	250	999997	exact
4Tr21 4Lr38 4Lr18 3Ir12 4Tr24 4Tr15	3Ir17	250	999997	exact
4Tr21 4Lr38 4Lr18 3Ir12 4Tr24 4Tr16	4S6	250	999997	exact
4Tr21 4Lr38 4Lr18 3Ir12 4Tr24 4Tr34	3Ir17	250	999997	exact
4Tr21 4Lr38 4Lr18 3Ir13	4Tr24	5	999995	exact
4Tr21 4Lr38 4Lr18 3Ir13 4Tr24 11	3Ir17	250	999997	exact
4Tr21 4Lr38 4Lr18 3Ir13 4Tr24 12	3Ir17	250	999997	exact
4Tr21 4Lr38 4Lr18 3Ir13 4Tr24 13	3Ir17	250	999997	exact
4Tr21 4Lr38 4Lr18 3Ir13 4Tr24 14	3Ir17	250	999997	exact
4Tr21 4Lr38 4Lr18 3Ir13 4Tr24 15	3Ir17	250	999997	exact
4Tr21 4Lr38 4Lr18 3Ir13 4Tr24 16	3Ir17	250	999997	exact
4Tr21 4Lr38 4Lr18 3Ir13 4Tr24 17	3Ir17	250	999997	exact
4Tr21 4Lr38 4Lr18 3Ir13 4Tr24 18	3Ir17	250	999997	exact
4Tr21 4Lr38 4Lr18 3Ir13 4Tr24 19	3Ir17	250	999997	exact
4Tr21 4Lr38 4Lr18 3Ir13 4Tr24 28	3Ir17	250	999997	exact
4Tr21 4Lr38 4Lr18 3Ir13 4Tr24 2r11	3Ir17	250	999997	exact
4Tr21 4Lr38 4Lr18 3Ir13 4Tr24 2r12	3Ir17	250	999997	exact
4Tr21 4Lr38 4Lr18 3Ir13 4Tr24 2r13	3Ir17	250	999997	exact
4Tr21 4Lr38 4Lr18 3Ir13 4Tr24 2r14	3Ir17	250	999997	exact
4Tr21 4Lr38 4Lr18 3Ir13 4Tr24 2r15	3Ir17	250	999997	exact
4Tr21 4Lr38 4Lr18 3Ir13 4Tr24 2r16	3Ir17	250	999997	exact
4Tr21 4Lr38 4Lr18 3Ir13 4Tr24 2r17	3L6	250	999997	exact
4Tr21 4Lr38 4Lr18 3Ir13 4Tr24 2r18	3Ir17	250	999997	exact
4Tr21 4Lr38 4Lr18 3Ir13 4Tr24 2r19	3Ir17	250	999997	exact
4Tr21 4Lr38 4Lr18 3Ir13 4Tr24 3Ir11	3Ir17	250	999997	exact
4Tr21 4Lr38 4Lr18 3Ir13 4Tr24 3Ir12	3Ir17	250	999997	exact
4Tr21 4Lr38 4Lr18 3Ir13 4Tr24 3Ir13	3Ir17	250	999997	exact
4Tr21 4Lr38 4Lr18 3Ir13 4Tr24 3Ir14	3Ir17	250	999997	exact
4Tr21 4Lr38 4Lr18 3Ir13 4Tr24 3Ir15	3Ir17	250	999997	exact
4Tr21 4Lr38 4Lr18 3Ir13 4Tr24 3Ir16	3Ir17	250	999997	exact
4Tr21 4Lr38 4Lr18 3Ir13 4Tr24 3Ir17	4Lsr36	250	999997	exact
4Tr21 4Lr38 4Lr18 3Ir13 4Tr24 3Ir18	3Ir17	250	999997	exact
4Tr21 4Lr38 4Lr18 3Ir13 4Tr24 3Ir19	3Ir17	250	999997	exact
4Tr21 4Lr38 4Lr18 3Ir13 4Tr24 3L1	3Ir17	250	999997	exact
4Tr21 4Lr38 4Lr18 3Ir13 4Tr24 3L4	3Ir17	250	999997	exact
4Tr21 4Lr38 4Lr18 3Ir13 4Tr24 3Lr15	3Ir17	250	999997	exact
4Tr21 4Lr38 4Lr18 3Ir13 4Tr24 3Lr16	4Lsr16	250	999997	exact
4Tr21 4Lr38 4Lr18 3Ir13 4Tr24 3Lr28	3Ir17	250	999997	exact
4Tr21 4Lr38 4Lr18 3Ir13 4Tr24 3Lr38	3Ir17	250	999997	exact
4Tr21 4Lr38 4Lr18 3Ir13 4Tr24 4Lr38	3Ir17	250	999997	exact
4Tr21 4Lr38 4Lr18 3Ir13 4Tr24 4Lsr18	3Ir17	250	999997	exact
4Tr21 4Lr38 4Lr18 3Ir13 4Tr24 4Lsr32	3Ir17	250	999997	exact
4Tr21 4Lr38 4Lr18 3Ir13 4Tr24 4S1	3Ir17	250	999997	exact
4Tr21 4Lr38 4Lr18 3Ir13 4Tr24 4S4	3Ir17	250	999997	exact
4Tr21 4Lr38 4Lr18 3Ir13 4Tr24 4Ss5	3Ir17	250	999997	exact
4Tr21 4Lr38 4Lr18 3Ir13 4Tr24 4Ss6	4S5	250	999995	exact
4Tr21 4Lr38 4Lr18 3Ir13 4Tr24 4Tr15	3Ir17	250	999997	exact
4Tr21 4Lr38 4Lr18 3Ir13 4Tr24 4Tr16	3L6	250	999997	exact
4Tr21 4Lr38 4Lr18 3Ir13 4Tr24 4Tr31	3Ir17	250	999997	exact
4Tr21 4Lr38 4Lr18 3Ir13 4Tr24 4Tr34	3Ir17	250	999997	exact
4Tr21 4Lr38 4Lr18 3Ir14	4Lsr33	19	999991	exact
4Tr21 4Lr38 4Lr18 3Ir14 4Lsr33 15	4Ss5	250	999995	exact
4Tr21 4Lr38 4Lr18 3Ir14 4Lsr33 16	4Tr35	250	999993	exact
4Tr21 4Lr38 4Lr18 3Ir14 4Lsr33 17	4S6	250	999995	exact
4Tr21 4Lr38 4Lr18 3Ir14 4Lsr33 25	3Lr35	250	999995	exact
4Tr21 4Lr38 4Lr18 3Ir14 4Lsr33 2r13	3Lr25	250	999991	exact
4Tr21 4Lr38 4Lr18 3Ir14 4Lsr33 2r14	3Ir14	250	999991	exact
4Tr21 4Lr38 4Lr18 3Ir14 4Lsr33 2r16	16	250	999991	exact
4Tr21 4Lr38 4Lr18 3Ir14 4Lsr33 2r19	16	250	999991	exact
4Tr21 4Lr38 4Lr18 3Ir14 4Lsr33 3I5	2r14	250	999991	exact
4Tr21 4Lr38 4Lr18 3Ir14 4Lsr33 3Ir15	4Ss4	250	999991	exact
4Tr21 4Lr38 4Lr18 3Ir14 4Lsr33 3Ir18	2r16	250	999991	exact
4Tr21 4Lr38 4Lr18 3Ir14 4Lsr33 3Ir19	4Tr25	250	999991	exact
4Tr21 4Lr38 4Lr18 3Ir14 4Lsr33 3Lr23	2r16	250	999991	exact
4Tr21 4Lr38 4Lr18 3Ir14 4Lsr33 3Lr25	4S5	250	999991	exact
4Tr21 4Lr38 4Lr18 3Ir14 4Lsr33 4Lsr15	16	250	999991	exact
4Tr21 4Lr38 4Lr18 3Ir14 4Lsr33 4Lsr16	4S7	250	999991	exact
4Tr21 4Lr38 4Lr18 3Ir14 4Lsr33 4Lsr18	2r16	250	999991	exact
4Tr21 4Lr38 4Lr18 3Ir14 4Lsr33 4S1	2r16	250	999991	exact
4Tr21 4Lr38 4Lr18 3Ir15	3Ir15	17	999984	exact
4Tr21 4Lr38 4Lr18 3Ir15 3Ir15 11	4Tr13	250	999989	exact
4Tr21 4Lr38 4Lr18 3Ir15 3Ir15 12	4Tr13	250	999987	exact
4Tr21 4Lr38 4Lr18 3Ir15 3Ir15 13	3Ir15	250	999995	exact
4Tr21 4Lr38 4Lr18 3Ir15 3Ir15 14	3Ir15	250	999995	exact
4Tr21 4Lr38 4Lr18 3Ir15 3Ir15 15	4Tr13	250	999986	exact
4Tr21 4Lr38 4Lr18 3Ir15 3Ir15 16	4Tr13	250	999989	exact
4Tr21 4Lr38 4Lr18 3Ir15 3Ir15 17	4Tr13	250	999987	exact
4Tr21 4Lr38 4Lr18 3Ir15 3Ir15 18	4Tr13	250	999989	exact
4Tr21 4Lr38 4Lr18 3Ir15 3Ir15 19	4Tr13	250	999989	exact
4Tr21 4Lr38 4Lr18 3Ir15 3Ir15 26	4Tr13	250	999993	exact
4Tr21 4Lr38 4Lr18 3Ir15 3Ir15 28	4Tr13	250	999987	exact
4Tr21 4Lr38 4Lr18 3Ir15 3Ir15 2r11	4Tr13	250	999987	exact
4Tr21 4Lr38 4Lr18 3Ir15 3Ir15 2r12	4Tr13	250	999986	exact
4Tr21 4Lr38 4Lr18 3Ir15 3Ir15 2r13	4S2	250	999984	exact
4Tr21 4Lr38 4Lr18 3Ir15 3Ir15 2r14	4S3	250	999986	exact
4Tr21 4Lr38 4Lr18 3Ir15 3Ir15 2r15	4Tr13	250	999987	exact
4Tr21 4Lr38 4Lr18 3Ir15 3Ir15 2r16	4Tr13	250	999991	exact
4Tr21 4Lr38 4Lr18 3Ir15 3Ir15 2r17	4Tr13	250	999987	exact
4Tr21 4Lr38 4Lr18 3Ir15 3Ir15 2r18	4Tr13	250	999987	exact
4Tr21 4Lr38 4Lr18 3Ir15 3Ir15 2r19	4Tr13	250	999987	exact
4Tr21 4Lr38 4Lr18 3Ir15 3Ir15 3Ir11	4Tr13	250	999986	exact
4Tr21 4Lr38 4Lr18 3Ir15 3Ir15 3Ir12	3Ir15	250	999995	exact
4Tr21 4Lr38 4Lr18 3Ir15 3Ir15 3Ir13	4Lr36	250	999991	exact
4Tr21 4Lr38 4Lr18 3Ir15 3Ir15 3Ir14	3Ir15	250	999995	exact
4Tr21 4Lr38 4Lr18 3Ir15 3Ir15 3Ir15	4S1	250	999985	exact
4Tr21 4Lr38 4Lr18 3Ir15 3Ir15 3Ir16	4Tr13	250	999987	exact
4Tr21 4Lr38 4Lr18 3Ir15 3Ir15 3Ir17	4Tr13	250	999993	exact
4Tr21 4Lr38 4Lr18 3Ir15 3Ir15 3Ir18	3Ir15	250	999995	exact
4Tr21 4Lr38 4Lr18 3Ir15 3Ir15 3Ir19	4Tr13	250	999987	exact
4Tr21 4Lr38 4Lr18 3Ir15 3Ir15 3L1	4Lr36	250	999993	exact
4Tr21 4Lr38 4Lr18 3Ir15 3Ir15 3Lr12	4Lr36	250	999984	exact
4Tr21 4Lr38 4Lr18 3Ir15 3Ir15 3Lr13	4Lr36	250	999993	exact
4Tr21 4Lr38 4Lr18 3Ir15 3Ir15 3Lr26	4S6	250	999993	exact
4Tr21 4Lr38 4Lr18 3Ir15 3Ir15 3Lr28	3Ir15	250	999995	exact
4Tr21 4Lr38 4Lr18 3Ir15 3Ir15 3Lr36	4Tr13	250	999995	exact
4Tr21 4Lr38 4Lr18 3Ir15 3Ir15 3Lr38	3Ir15	250	999995	exact
4Tr21 4Lr38 4Lr18 3Ir15 3Ir15 4Lr36	4Tr13	250	999993	exact
4Tr21 4Lr38 4Lr18 3Ir15 3Ir15 4Lr38	4Tr13	250	999993	exact
4Tr21 4Lr38 4Lr18 3Ir15 3Ir15 4Lsr16	4Tr13	250	999993	exact
4Tr21 4Lr38 4Lr18 3Ir15 3Ir15 4Lsr18	4Tr13	250	999987	exact
4Tr21 4Lr38 4Lr18 3Ir15 3Ir15 4S1	4Lr36	250	999993	exact
4Tr21 4Lr38 4Lr18 3Ir15 3Ir15 4Ss2	4Lr36	250	999984	exact
4Tr21 4Lr38 4Lr18 3Ir15 3Ir15 4Ss3	4Lr36	250	999987	exact
4Tr21 4Lr38 4Lr18 3Ir15 3Ir15 4Tr12	4Lr36	250	999987	exact
4Tr21 4Lr38 4Lr18 3Ir15 3Ir15 4Tr13	4Ssr12	250	999993	exact
4Tr21 4Lr38 4Lr18 3Ir15 3Ir15 4Tr31	3Ir15	250	999995	exact
4Tr21 4Lr38 4Lr18 3Ir16	16	14	999989	exact
4Tr21 4Lr38 4Lr18 3Ir16 16 11	4Lsr14	250	999995	exact
4Tr21 4Lr38 4Lr18 3Ir16 16 12	4Lsr14	250	999995	exact
4Tr21 4Lr38 4Lr18 3Ir16 16 13	4Lsr14	250	999995	exact
4Tr21 4Lr38 4Lr18 3Ir16 16 14	4Tr14	250	999995	exact
4Tr21 4Lr38 4Lr18 3Ir16 16 15	4S4	250	999995	exact
4Tr21 4Lr38 4Lr18 3Ir16 16 16	4Lsr14	250	999995	exact
4Tr21 4Lr38 4Lr18 3Ir16 16 17	4Lsr14	250	999995	exact
4Tr21 4Lr38 4Lr18 3Ir16 16 18	4Lsr14	250	999993	exact
4Tr21 4Lr38 4Lr18 3Ir16 16 19	4Lsr14	250	999995	exact
4Tr21 4Lr38 4Lr18 3Ir16 16 24	4Lsr14	250	999995	exact
4Tr21 4Lr38 4Lr18 3Ir16 16 28	4Lsr14	250	999995	exact
4Tr21 4Lr38 4Lr18 3Ir16 16 2r11	4Lsr14	250	999995	exact
4Tr21 4Lr38 4Lr18 3Ir16 16 2r12	4Lsr14	250	999995	exact
4Tr21 4Lr38 4Lr18 3Ir16 16 2r13	4Lsr14	250	999995	exact
4Tr21 4Lr38 4Lr18 3Ir16 16 2r14	4T2	250	999989	exact
4Tr21 4Lr38 4Lr18 3Ir16 16 2r15	4Lsr34	250	999995	exact
4Tr21 4Lr38 4Lr18 3Ir16 16 2r16	4Lsr14	250	999995	exact
4Tr21 4Lr38 4Lr18 3Ir16 16 2r17	3Ir17	250	999989	exact
4Tr21 4Lr38 4Lr18 3Ir16 16 2r18	4Lsr14	250	999995	exact
4Tr21 4Lr38 4Lr18 3Ir16 16 2r19	4Lsr14	250	999995	exact
4Tr21 4Lr38 4Lr18 3Ir16 16 3Ir11	4Lsr14	250	999995	exact
4Tr21 4Lr38 4Lr18 3Ir16 16 3Ir12	4Lsr14	250	999995	exact
4Tr21 4Lr38 4Lr18 3Ir16 16 3Ir13	4Lsr14	250	999995	exact
4Tr21 4Lr38 4Lr18 3Ir16 16 3Ir14	4Lsr33	250	999989	exact
4Tr21 4Lr38 4Lr18 3Ir16 16 3Ir15	4S5	250	999989	exact
4Tr21 4Lr38 4Lr18 3Ir16 16 3Ir16	4Lsr14	250	999995	exact
4Tr21 4Lr38 4Lr18 3Ir16 16 3Ir17	4S7	250	999991	exact
4Tr21 4Lr38 4Lr18 3Ir16 16 3Ir18	4Lsr14	250	999995	exact
4Tr21 4Lr38 4Lr18 3Ir16 16 3Ir19	4Lsr14	250	999995	exact
4Tr21 4Lr38 4Lr18 3Ir16 16 3L1	4Lsr14	250	999995	exact
4Tr21 4Lr38 4Lr18 3Ir16 16 3Lr12	4Lsr14	250	999995	exact
4Tr21 4Lr38 4Lr18 3Ir16 16 3Lr13	4Tr22	250	999989	exact
4Tr21 4Lr38 4Lr18 3Ir16 16 3Lr24	3L4	250	999993	exact
4Tr21 4Lr38 4Lr18 3Ir16 16 3Lr28	4Lsr14	250	999995	exact
4Tr21 4Lr38 4Lr18 3Ir16 16 3Lr34	4T2	250	999989	exact
4Tr21 4Lr38 4Lr18 3Ir16 16 3Lr38	4Lsr14	250	999995	exact
4Tr21 4Lr38 4Lr18 3Ir16 16 4Lr34	4Lsr33	250	999989	exact
4Tr21 4Lr38 4Lr18 3Ir16 16 4Lr38	4Lsr14	250	999995	exact
4Tr21 4Lr38 4Lr18 3Ir16 16 4Lsr14	4Lsr34	250	999995	exact
4Tr21 4Lr38 4Lr18 3Ir16 16 4Lsr18	4Lsr14	250	999995	exact
4Tr21 4Lr38 4Lr18 3Ir16 16 4S1	4Lsr14	250	999995	exact
4Tr21 4Lr38 4Lr18 3Ir16 16 4Sr13	4Ls3	250	999995	exact
4Tr21 4Lr38 4Lr18 3Ir16 16 4Ss2	4Lsr14	250	999995	exact
4Tr21 4Lr38 4Lr18 3Ir16 16 4Ss3	4S2	250	999989	exact
4Tr21 4Lr38 4Lr18 3Ir16 16 4Tr12	4Lsr14	250	999995	exact
4Tr21 4Lr38 4Lr18 3Ir16 16 4Tr13	4Ssr12	250	999993	exact
4Tr21 4Lr38 4Lr18 3Ir16 16 4Tr31	4Lsr14	250	999995	exact
4Tr21 4Lr38 4Lr18 3Ir17	2r17	14	999989	exact
4Tr21 4Lr38 4Lr18 3Ir17 2r17 11	4Lsr14	250	999993	exact
4Tr21 4Lr38 4Lr18 3Ir17 2r17 12	4Lsr14	250	999993	exact
4Tr21 4Lr38 4Lr18 3Ir17 2r17 13	4Lsr14	250	999993	exact
4Tr21 4Lr38 4Lr18 3Ir17 2r17 14	4Tr14	250	999995	exact
4Tr21 4Lr38 4Lr18 3Ir17 2r17 15	4S4	250	999995	exact
4Tr21 4Lr38 4Lr18 3Ir17 2r17 16	4Tr12	250	999989	exact
4Tr21 4Lr38 4Lr18 3Ir17 2r17 17	4Lsr14	250	999993	exact
4Tr21 4Lr38 4Lr18 3Ir17 2r17 18	4Lsr14	250	999993	exact
4Tr21 4Lr38 4Lr18 3Ir17 2r17 19	4Lsr14	250	999993	exact
4Tr21 4Lr38 4Lr18 3Ir17 2r17 24	4Tr15	250	999989	exact
4Tr21 4Lr38 4Lr18 3Ir17 2r17 25	4Ss3	250	999991	exact
4Tr21 4Lr38 4Lr18 3Ir17 2r17 28	4Lsr14	250	999993	exact
4Tr21 4Lr38 4Lr18 3Ir17 2r17 2r11	4Lsr14	250	999989	exact
4Tr21 4Lr38 4Lr18 3Ir17 2r17 2r12	4Lsr14	250	999993	exact
4Tr21 4Lr38 4Lr18 3Ir17 2r17 2r13	4Lsr14	250	999993	exact
4Tr21 4Lr38 4Lr18 3Ir17 2r17 2r14	4S3	250	999989	exact
4Tr21 4Lr38 4Lr18 3Ir17 2r17 2r15	4Lr15	250	999991	exact
4Tr21 4Lr38 4Lr18 3Ir17 2r17 2r16	4Lsr35	250	999989	exact
4Tr21 4Lr38 4Lr18 3Ir17 2r17 2r17	4Lsr14	250	999993	exact
4Tr21 4Lr38 4Lr18 3Ir17 2r17 2r18	4Lsr14	250	999991	exact
4Tr21 4Lr38 4Lr18 3Ir17 2r17 2r19	4Lsr14	250	999993	exact
4Tr21 4Lr38 4Lr18 3Ir17 2r17 3I4	4Lsr14	250	999995	exact
4Tr21 4Lr38 4Lr18 3Ir17 2r17 3Ir11	4Lsr15	250	999989	exact
4Tr21 4Lr38 4Lr18 3Ir17 2r17 3Ir12	4Lsr14	250	999995	exact
4Tr21 4Lr38 4Lr18 3Ir17 2r17 3Ir13	4Lsr14	250	999991	exact
4Tr21 4Lr38 4Lr18 3Ir17 2r17 3Ir14	4Lsr33	250	999989	exact
4Tr21 4Lr38 4Lr18 3Ir17 2r17 3Ir15	3Ir15	250	999989	exact
4Tr21 4Lr38 4Lr18 3Ir17 2r17 3Ir16	3Ir16	250	999989	exact
4Tr21 4Lr38 4Lr18 3Ir17 2r17 3Ir17	4Tr12	250	999989	exact
4Tr21 4Lr38 4Lr18 3Ir17 2r17 3Ir18	4Tr12	250	999989	exact
4Tr21 4Lr38 4Lr18 3Ir17 2r17 3Ir19	4Tr12	250	999989	exact
4Tr21 4Lr38 4Lr18 3Ir17 2r17 3L1	3Lr34	250	999991	exact
4Tr21 4Lr38 4Lr18 3Ir17 2r17 3Lr12	4Lsr14	250	999995	exact
4Tr21 4Lr38 4Lr18 3Ir17 2r17 3Lr13	4Lr22	250	999991	exact
4Tr21 4Lr38 4Lr18 3Ir17 2r17 3Lr17	4Lsr14	250	999993	exact
4Tr21 4Lr38 4Lr18 3Ir17 2r17 3Lr24	4Ssr13	250	999991	exact
4Tr21 4Lr38 4Lr18 3Ir17 2r17 3Lr25	4S5	250	999991	exact
4Tr21 4Lr38 4Lr18 3Ir17 2r17 3Lr28	4Lsr14	250	999993	exact
4Tr21 4Lr38 4Lr18 3Ir17 2r17 3Lr34	4S3	250	999989	exact
4Tr21 4Lr38 4Lr18 3Ir17 2r17 3Lr35	4Lsr34	250	999993	exact
4Tr21 4Lr38 4Lr18 3Ir17 2r17 3Lr38	4Lsr14	250	999993	exact
4Tr21 4Lr38 4Lr18 3Ir17 2r17 4Lr24	4Ssr14	250	999997	exact
4Tr21 4Lr38 4Lr18 3Ir17 2r17 4Lr34	4Lsr33	250	999989	exact
4Tr21 4Lr38 4Lr18 3Ir17 2r17 4Lr35	3Ir15	250	999989	exact
4Tr21 4Lr38 4Lr18 3Ir17 2r17 4Lr38	4Lsr14	250	999993	exact
4Tr21 4Lr38 4Lr18 3Ir17 2r17 4Lsr14	4Lsr34	250	999995	exact
4Tr21 4Lr38 4Lr18 3Ir17 2r17 4Lsr15	4Tr13	250	999989	exact
4Tr21 4Lr38 4Lr18 3Ir17 2r17 4Lsr18	4Lsr14	250	999993	exact
4Tr21 4Lr38 4Lr18 3Ir17 2r17 4Lsr24	4S3	250	999989	exact
4Tr21 4Lr38 4Lr18 3Ir17 2r17 4S1	4Lsr14	250	999989	exact
4Tr21 4Lr38 4Lr18 3Ir17 2r17 4Sr13	4Lr22	250	999989	exact
4Tr21 4Lr38 4Lr18 3Ir17 2r17 4Sr17	4Lsr15	250	999989	exact
4Tr21 4Lr38 4Lr18 3Ir17 2r17 4Ss2	4Lsr14	250	999995	exact
4Tr21 4Lr38 4Lr18 3Ir17 2r17 4Ss3	4S2	250	999989	exact
4Tr21 4Lr38 4Lr18 3Ir17 2r17 4Ss7	4Lsr14	250	999993	exact
4Tr21 4Lr38 4Lr18 3Ir17 2r17 4Tr12	4Lsr14	250	999995	exact
4Tr21 4Lr38 4Lr18 3Ir17 2r17 4Tr13	4Ssr12	250	999989	exact
4Tr21 4Lr38 4Lr18 3Ir17 2r17 4Tr17	4Lsr14	250	999993	exact
4Tr21 4Lr38 4Lr18 3Ir17 2r17 4Tr24	4Ssr13	250	999993	exact
4Tr21 4Lr38 4Lr18 3Ir17 2r17 4Tr31	4Lr34	250	999991	exact
4Tr21 4Lr38 4Lr18 3Ir18	4Lsr14	12	999995	exact
4Tr21 4Lr38 4Lr18 3Ir18 4Lsr14 11	3Ir16	250	999995	exact
4Tr21 4Lr38 4Lr18 3Ir18 4Lsr14 12	3Ir16	250	999995	exact
4Tr21 4Lr38 4Lr18 3Ir18 4Lsr14 13	3Ir16	250	999995	exact
4Tr21 4Lr38 4Lr18 3Ir18 4Lsr14 14	3Ir16	250	999995	exact
4Tr21 4Lr38 4Lr18 3Ir18 4Lsr14 15	3Ir17	250	999995	exact
4Tr21 4Lr38 4Lr18 3Ir18 4Lsr14 16	3Ir15	250	999995	exact
4Tr21 4Lr38 4Lr18 3Ir18 4Lsr14 17	3Ir15	250	999995	exact
4Tr21 4Lr38 4Lr18 3Ir18 4Lsr14 18	3Ir16	250	999995	exact
4Tr21 4Lr38 4Lr18 3Ir18 4Lsr14 19	3Ir16	250	999995	exact
4Tr21 4Lr38 4Lr18 3Ir18 4Lsr14 23	3Ir16	250	999995	exact
4Tr21 4Lr38 4Lr18 3Ir18 4Lsr14 26	3Ir15	250	999995	exact
4Tr21 4Lr38 4Lr18 3Ir18 4Lsr14 2r11	3Ir16	250	999995	exact
4Tr21 4Lr38 4Lr18 3Ir18 4Lsr14 2r12	3Ir16	250	999995	exact
4Tr21 4Lr38 4Lr18 3Ir18 4Lsr14 2r13	3Ir16	250	999995	exact
4Tr21 4Lr38 4Lr18 3Ir18 4Lsr14 2r14	3Ir16	250	999995	exact
4Tr21 4Lr38 4Lr18 3Ir18 4Lsr14 2r15	3Ir17	250	999995	exact
4Tr21 4Lr38 4Lr18 3Ir18 4Lsr14 2r16	3Ir16	250	999995	exact
4Tr21 4Lr38 4Lr18 3Ir18 4Lsr14 2r17	3Ir17	250	999995	exact
4Tr21 4Lr38 4Lr18 3Ir18 4Lsr14 2r18	3Ir16	250	999995	exact
4Tr21 4Lr38 4Lr18 3Ir18 4Lsr14 2r19	3Ir16	250	999995	exact
4Tr21 4Lr38 4Lr18 3Ir18 4Lsr14 3Ir11	3Ir17	250	999995	exact
4Tr21 4Lr38 4Lr18 3Ir18 4Lsr14 3Ir12	3Ir16	250	999995	exact
4Tr21 4Lr38 4Lr18 3Ir18 4Lsr14 3Ir13	3Ir16	250	999995	exact
4Tr21 4Lr38 4Lr18 3Ir18 4Lsr14 3Ir14	3Ir16	250	999995	exact
4Tr21 4Lr38 4Lr18 3Ir18 4Lsr14 3Ir15	3Ir17	250	999995	exact
4Tr21 4Lr38 4Lr18 3Ir18 4Lsr14 3Ir16	3Lr25	250	999995	exact
4Tr21 4Lr38 4Lr18 3Ir18 4Lsr14 3Ir17	2r17	250	999995	exact
4Tr21 4Lr38 4Lr18 3Ir18 4Lsr14 3Ir19	3Ir16	250	999995	exact
4Tr21 4Lr38 4Lr18 3Ir18 4Lsr14 3L1	3Ir17	250	999995	exact
4Tr21 4Lr38 4Lr18 3Ir18 4Lsr14 3Lr12	3Ir17	250	999995	exact
4Tr21 4Lr38 4Lr18 3Ir18 4Lsr14 3Lr23	3Ir17	250	999995	exact
4Tr21 4Lr38 4Lr18 3Ir18 4Lsr14 3Lr26	3Ir15	250	999995	exact
4Tr21 4Lr38 4Lr18 3Ir18 4Lsr14 3Lr33	3Ir17	250	999995	exact
4Tr21 4Lr38 4Lr18 3Ir18 4Lsr14 3Lr36	3Ir15	250	999995	exact
4Tr21 4Lr38 4Lr18 3Ir18 4Lsr14 4Lr33	3Ir17	250	999995	exact
4Tr21 4Lr38 4Lr18 3Ir18 4Lsr14 4Lr36	3Lr25	250	999995	exact
4Tr21 4Lr38 4Lr18 3Ir18 4Lsr14 4Lsr13	3Ir17	250	999995	exact
4Tr21 4Lr38 4Lr18 3Ir18 4Lsr14 4Lsr16	3Ir17	250	999995	exact
4Tr21 4Lr38 4Lr18 3Ir18 4Lsr14 4Lsr34	3Ir17	250	999995	exact
4Tr21 4Lr38 4Lr18 3Ir18 4Lsr14 4S1	3Ir17	250	999995	exact
4Tr21 4Lr38 4Lr18 3Ir18 4Lsr14 4Sr12	3Ir17	250	999995	exact
4Tr21 4Lr38 4Lr18 3Ir18 4Lsr14 4Ss2	3Ir17	250	999995	exact
4Tr21 4Lr38 4Lr18 3Ir18 4Lsr14 4Tr12	3Ir17	250	999995	exact
4Tr21 4Lr38 4Lr18 3Ir18 4Lsr14 4Tr31	3Ir17	250	999995	exact
4Tr21 4Lr38 4Lr18 3Ir19	4Lsr14	13	999993	exact
4Tr21 4Lr38 4Lr18 3Ir19 4Lsr14 11	3Ir15	250	999993	exact
4Tr21 4Lr38 4Lr18 3Ir19 4Lsr14 12	3Ir15	250	999993	exact
4Tr21 4Lr38 4Lr18 3Ir19 4Lsr14 13	3Ir15	250	999993	exact
4Tr21 4Lr38 4Lr18 3Ir19 4Lsr14 14	3Ir15	250	999993	exact
4Tr21 4Lr38 4Lr18 3Ir19 4Lsr14 15	3Ir15	250	999993	exact
4Tr21 4Lr38 4Lr18 3Ir19 4Lsr14 16	3Ir15	250	999993	exact
4Tr21 4Lr38 4Lr18 3Ir19 4Lsr14 17	3Ir15	250	999993	exact
4Tr21 4Lr38 4Lr18 3Ir19 4Lsr14 18	3Ir15	250	999993	exact
4Tr21 4Lr38 4Lr18 3Ir19 4Lsr14 19	3Ir15	250	999993	exact
4Tr21 4Lr38 4Lr18 3Ir19 4Lsr14 23	3Ir15	250	999993	exact
4Tr21 4Lr38 4Lr18 3Ir19 4Lsr14 26	3Ir15	250	999993	exact
4Tr21 4Lr38 4Lr18 3Ir19 4Lsr14 2r11	3Ir15	250	999993	exact
4Tr21 4Lr38 4Lr18 3Ir19 4Lsr14 2r12	3Ir15	250	999993	exact
4Tr21 4Lr38 4Lr18 3Ir19 4Lsr14 2r13	3Ir15	250	999993	exact
4Tr21 4Lr38 4Lr18 3Ir19 4Lsr14 2r14	3Ir15	250	999993	exact
4Tr21 4Lr38 4Lr18 3Ir19 4Lsr14 2r15	3Ir17	250	999995	exact
4Tr21 4Lr38 4Lr18 3Ir19 4Lsr14 2r16	3Ir15	250	999993	exact
4Tr21 4Lr38 4Lr18 3Ir19 4Lsr14 2r17	3Ir15	250	999993	exact
4Tr21 4Lr38 4Lr18 3Ir19 4Lsr14 2r18	3Ir15	250	999993	exact
4Tr21 4Lr38 4Lr18 3Ir19 4Lsr14 2r19	3Ir15	250	999993	exact
4Tr21 4Lr38 4Lr18 3Ir19 4Lsr14 3Ir11	3Ir15	250	999993	exact
4Tr21 4Lr38 4Lr18 3Ir19 4Lsr14 3Ir12	3Ir15	250	999993	exact
4Tr21 4Lr38 4Lr18 3Ir19 4Lsr14 3Ir13	3Ir15	250	999993	exact
4Tr21 4Lr38 4Lr18 3Ir19 4Lsr14 3Ir14	3Ir15	250	999993	exact
4Tr21 4Lr38 4Lr18 3Ir19 4Lsr14 3Ir15	4S1	250	999993	exact
4Tr21 4Lr38 4Lr18 3Ir19 4Lsr14 3Ir16	3Ir15	250	999993	exact
4Tr21 4Lr38 4Lr18 3Ir19 4Lsr14 3Ir17	3Ir15	250	999993	exact
4Tr21 4Lr38 4Lr18 3Ir19 4Lsr14 3Ir18	3Ir15	250	999993	exact
4Tr21 4Lr38 4Lr18 3Ir19 4Lsr14 3L1	3Ir15	250	999993	exact
4Tr21 4Lr38 4Lr18 3Ir19 4Lsr14 3Lr12	3Ir15	250	999993	exact
4Tr21 4Lr38 4Lr18 3Ir19 4Lsr14 3Lr23	3Ir15	250	999993	exact
4Tr21 4Lr38 4Lr18 3Ir19 4Lsr14 3Lr26	3Ir15	250	999993	exact
4Tr21 4Lr38 4Lr18 3Ir19 4Lsr14 3Lr33	3Ir15	250	999993	exact
4Tr21 4Lr38 4Lr18 3Ir19 4Lsr14 3Lr36	3Ir15	250	999993	exact
4Tr21 4Lr38 4Lr18 3Ir19 4Lsr14 4Lr33	3Ir15	250	999993	exact
4Tr21 4Lr38 4Lr18 3Ir19 4Lsr14 4Lr36	3Lr25	250	999993	exact
4Tr21 4Lr38 4Lr18 3Ir19 4Lsr14 4Lsr13	3Ir15	250	999993	exact
4Tr21 4Lr38 4Lr18 3Ir19 4Lsr14 4Lsr16	4S7	250	999993	exact
4Tr21 4Lr38 4Lr18 3Ir19 4Lsr14 4Lsr34	3Ir12	250	999993	exact
4Tr21 4Lr38 4Lr18 3Ir19 4Lsr14 4S1	3Ir15	250	999993	exact
4Tr21 4Lr38 4Lr18 3Ir19 4Lsr14 4Sr12	3Ir15	250	999993	exact
4Tr21 4Lr38 4Lr18 3Ir19 4Lsr14 4Ss2	3Ir15	250	999993	exact
4Tr21 4Lr38 4Lr18 3Ir19 4Lsr14 4Tr12	3Ir15	250	999993	exact
4Tr21 4Lr38 4Lr18 3Ir19 4Lsr14 4Tr31	3Ir15	250	999993	exact
4Tr21 4Lr38 4Lr18 3L1	4Tr24	5	999995	exact
4Tr21 4Lr38 4Lr18 3L1 4Tr24 11	3Ir17	250	999997	exact
4Tr21 4Lr38 4Lr18 3L1 4Tr24 12	3Ir17	250	999997	exact
4Tr21 4Lr38 4Lr18 3L1 4Tr24 13	3Ir17	250	999997	exact
4Tr21 4Lr38 4Lr18 3L1 4Tr24 14	3Ir17	250	999997	exact
4Tr21 4Lr38 4Lr18 3L1 4Tr24 15	3Ir17	250	999997	exact
4Tr21 4Lr38 4Lr18 3L1 4Tr24 16	3Ir17	250	999997	exact
4Tr21 4Lr38 4Lr18 3L1 4Tr24 17	3Ir17	250	999997	exact
4Tr21 4Lr38 4Lr18 3L1 4Tr24 18	3Ir17	250	999997	exact
4Tr21 4Lr38 4Lr18 3L1 4Tr24 19	3Ir17	250	999997	exact
4Tr21 4Lr38 4Lr18 3L1 4Tr24 21	3Ir17	250	999997	exact
4Tr21 4Lr38 4Lr18 3L1 4Tr24 23	3Ir17	250	999997	exact
4Tr21 4Lr38 4Lr18 3L1 4Tr24 28	3Ir17	250	999997	exact
4Tr21 4Lr38 4Lr18 3L1 4Tr24 2r11	3Ir17	250	999997	exact
4Tr21 4Lr38 4Lr18 3L1 4Tr24 2r12	3Ir17	250	999997	exact
4Tr21 4Lr38 4Lr18 3L1 4Tr24 2r13	3Ir17	250	999997	exact
4Tr21 4Lr38 4Lr18 3L1 4Tr24 2r14	3Ir17	250	999997	exact
4Tr21 4Lr38 4Lr18 3L1 4Tr24 2r15	3Ir17	250	999997	exact
4Tr21 4Lr38 4Lr18 3L1 4Tr24 2r16	3Ir17	250	999997	exact
4Tr21 4Lr38 4Lr18 3L1 4Tr24 2r17	4S6	250	999997	exact
4Tr21 4Lr38 4Lr18 3L1 4Tr24 2r18	3Ir17	250	999997	exact
4Tr21 4Lr38 4Lr18 3L1 4Tr24 2r19	3Ir17	250	999997	exact
4Tr21 4Lr38 4Lr18 3L1 4Tr24 3Ir11	3Ir17	250	999997	exact
4Tr21 4Lr38 4Lr18 3L1 4Tr24 3Ir12	3Ir17	250	999997	exact
4Tr21 4Lr38 4Lr18 3L1 4Tr24 3Ir13	3Ir17	250	999997	exact
4Tr21 4Lr38 4Lr18 3L1 4Tr24 3Ir14	3Ir17	250	999997	exact
4Tr21 4Lr38 4Lr18 3L1 4Tr24 3Ir15	3Ir17	250	999997	exact
4Tr21 4Lr38 4Lr18 3L1 4Tr24 3Ir16	3Ir17	250	999997	exact
4Tr21 4Lr38 4Lr18 3L1 4Tr24 3Ir17	4Lsr36	250	999997	exact
4Tr21 4Lr38 4Lr18 3L1 4Tr24 3Ir18	3Ir17	250	999997	exact
4Tr21 4Lr38 4Lr18 3L1 4Tr24 3Ir19	3Ir17	250	999997	exact
4Tr21 4Lr38 4Lr18 3L1 4Tr24 3L4	3Ir17	250	999997	exact
4Tr21 4Lr38 4Lr18 3L1 4Tr24 3Lr15	3Ir17	250	999997	exact
4Tr21 4Lr38 4Lr18 3L1 4Tr24 3Lr16	4Lsr16	250	999997	exact
4Tr21 4Lr38 4Lr18 3L1 4Tr24 3Lr21	3Ir17	250	999997	exact
4Tr21 4Lr38 4Lr18 3L1 4Tr24 3Lr23	3Ir17	250	999997	exact
4Tr21 4Lr38 4Lr18 3L1 4Tr24 3Lr28	3Ir17	250	999997	exact
4Tr21 4Lr38 4Lr18 3L1 4Tr24 3Lr31	3Ir17	250	999997	exact
4Tr21 4Lr38 4Lr18 3L1 4Tr24 3Lr33	3Ir17	250	999997	exact
4Tr21 4Lr38 4Lr18 3L1 4Tr24 3Lr38	3Ir17	250	999997	exact
4Tr21 4Lr38 4Lr18 3L1 4Tr24 4Lr12	3Ir17	250	999997	exact
4Tr21 4Lr38 4Lr18 3L1 4Tr24 4Lr31	3Ir17	250	999997	exact
4Tr21 4Lr38 4Lr18 3L1 4Tr24 4Lr33	3Ir17	250	999997	exact
4Tr21 4Lr38 4Lr18 3L1 4Tr24 4Lr38	3Ir17	250	999997	exact
4Tr21 4Lr38 4Lr18 3L1 4Tr24 4Lsr11	3Ir17	250	999997	exact
4Tr21 4Lr38 4Lr18 3L1 4Tr24 4Lsr13	3Ir17	250	999997	exact
4Tr21 4Lr38 4Lr18 3L1 4Tr24 4Lsr18	3Ir17	250	999997	exact
4Tr21 4Lr38 4Lr18 3L1 4Tr24 4S4	3Ir17	250	999997	exact
4Tr21 4Lr38 4Lr18 3L1 4Tr24 4Ss5	3Ir17	250	999997	exact
4Tr21 4Lr38 4Lr18 3L1 4Tr24 4Ss6	4S5	250	999995	exact
4Tr21 4Lr38 4Lr18 3L1 4Tr24 4Ssr13	3Ir17	250	999997	exact
4Tr21 4Lr38 4Lr18 3L1 4Tr24 4Tr15	3Ir17	250	999997	exact
4Tr21 4Lr38 4Lr18 3L1 4Tr24 4Tr16	4S6	250	999997	exact
4Tr21 4Lr38 4Lr18 3L1 4Tr24 4Tr34	3Ir17	250	999997	exact
4Tr21 4Lr38 4Lr18 3Lr12	4Tr24	5	999995	exact
4Tr21 4Lr38 4Lr18 3Lr12 4Tr24 11	3Ir17	250	999997	exact
4Tr21 4Lr38 4Lr18 3Lr12 4Tr24 12	3Ir17	250	999997	exact
4Tr21 4Lr38 4Lr18 3Lr12 4Tr24 13	3Ir17	250	999997	exact
4Tr21 4Lr38 4Lr18 3Lr12 4Tr24 14	3Ir17	250	999997	exact
4Tr21 4Lr38 4Lr18 3Lr12 4Tr24 15	3Ir17	250	999997	exact
4Tr21 4Lr38 4Lr18 3Lr12 4Tr24 16	3Ir17	250	999997	exact
4Tr21 4Lr38 4Lr18 3Lr12 4Tr24 17	3Ir17	250	999997	exact
4Tr21 4Lr38 4Lr18 3Lr12 4Tr24 18	3Ir17	250	999997	exact
4Tr21 4Lr38 4Lr18 3Lr12 4Tr24 19	3Ir17	250	999997	exact
4Tr21 4Lr38 4Lr18 3Lr12 4Tr24 22	3Ir17	250	999997	exact
4Tr21 4Lr38 4Lr18 3Lr12 4Tr24 28	3Ir17	250	999997	exact
4Tr21 4Lr38 4Lr18 3Lr12 4Tr24 2r11	3Ir17	250	999997	exact
4Tr21 4Lr38 4Lr18 3Lr12 4Tr24 2r12	3Ir17	250	999997	exact
4Tr21 4Lr38 4Lr18 3Lr12 4Tr24 2r13	3Ir17	250	999997	exact
4Tr21 4Lr38 4Lr18 3Lr12 4Tr24 2r14	3Ir17	250	999997	exact
4Tr21 4Lr38 4Lr18 3Lr12 4Tr24 2r15	3Ir17	250	999997	exact
4Tr21 4Lr38 4Lr18 3Lr12 4Tr24 2r16	3Ir17	250	999997	exact
4Tr21 4Lr38 4Lr18 3Lr12 4Tr24 2r17	4S6	250	999997	exact
4Tr21 4Lr38 4Lr18 3Lr12 4Tr24 2r18	3Ir17	250	999997	exact
4Tr21 4Lr38 4Lr18 3Lr12 4Tr24 2r19	3Ir17	250	999997	exact
4Tr21 4Lr38 4Lr18 3Lr12 4Tr24 3Ir11	3Ir17	250	999997	exact
4Tr21 4Lr38 4Lr18 3Lr12 4Tr24 3Ir12	3Ir17	250	999997	exact
4Tr21 4Lr38 4Lr18 3Lr12 4Tr24 3Ir13	3Ir17	250	999997	exact
4Tr21 4Lr38 4Lr18 3Lr12 4Tr24 3Ir14	3Ir17	250	999997	exact
4Tr21 4Lr38 4Lr18 3Lr12 4Tr24 3Ir15	3Ir17	250	999997	exact
4Tr21 4Lr38 4Lr18 3Lr12 4Tr24 3Ir16	3Ir17	250	999997	exact
4Tr21 4Lr38 4Lr18 3Lr12 4Tr24 3Ir17	4Lsr36	250	999997	exact
4Tr21 4Lr38 4Lr18 3Lr12 4Tr24 3Ir18	3Ir17	250	999997	exact
4Tr21 4Lr38 4Lr18 3Lr12 4Tr24 3Ir19	3Ir17	250	999997	exact
4Tr21 4Lr38 4Lr18 3Lr12 4Tr24 3L4	3Ir17	250	999997	exact
4Tr21 4Lr38 4Lr18 3Lr12 4Tr24 3Lr15	3Ir17	250	999997	exact
4Tr21 4Lr38 4Lr18 3Lr12 4Tr24 3Lr16	4Lsr16	250	999997	exact
4Tr21 4Lr38 4Lr18 3Lr12 4Tr24 3Lr22	3Ir17	250	999997	exact
4Tr21 4Lr38 4Lr18 3Lr12 4Tr24 3Lr28	3Ir17	250	999997	exact
4Tr21 4Lr38 4Lr18 3Lr12 4Tr24 3Lr32	3Ir17	250	999997	exact
4Tr21 4Lr38 4Lr18 3Lr12 4Tr24 3Lr38	3Ir17	250	999997	exact
4Tr21 4Lr38 4Lr18 3Lr12 4Tr24 4Lr13	3Ir17	250	999997	exact
4Tr21 4Lr38 4Lr18 3Lr12 4Tr24 4Lr32	3Ir17	250	999997	exact
4Tr21 4Lr38 4Lr18 3Lr12 4Tr24 4Lr38	3Ir17	250	999997	exact
4Tr21 4Lr38 4Lr18 3Lr12 4Tr24 4Lsr12	3Ir17	250	999997	exact
4Tr21 4Lr38 4Lr18 3Lr12 4Tr24 4Lsr18	3Ir17	250	999997	exact
4Tr21 4Lr38 4Lr18 3Lr12 4Tr24 4Lsr31	3Ir17	250	999997	exact
4Tr21 4Lr38 4Lr18 3Lr12 4Tr24 4S4	3Ir17	250	999997	exact
4Tr21 4Lr38 4Lr18 3Lr12 4Tr24 4Ss5	3Ir17	250	999997	exact
4Tr21 4Lr38 4Lr18 3Lr12 4Tr24 4Ss6	4S5	250	999995	exact
4Tr21 4Lr38 4Lr18 3Lr12 4Tr24 4Tr15	3Ir17	250	999997	exact
4Tr21 4Lr38 4Lr18 3Lr12 4Tr24 4Tr16	4S6	250	999997	exact
4Tr21 4Lr38 4Lr18 3Lr12 4Tr24 4Tr34	3Ir17	250	999997	exact
4Tr21 4Lr38 4Lr18 3Lr13	4Tr22	8	999993	exact
4Tr21 4Lr38 4Lr18 3Lr13 4Tr22 11	3Ir17	250	999993	exact
4Tr21 4Lr38 4Lr18 3Lr13 4Tr22 12	3Ir17	250	999993	exact
4Tr21 4Lr38 4Lr18 3Lr13 4Tr22 13	3Ir17	250	999993	exact
4Tr21 4Lr38 4Lr18 3Lr13 4Tr22 14	3Ir17	250	999993	exact
4Tr21 4Lr38 4Lr18 3Lr13 4Tr22 15	4Ss3	250	999993	exact
4Tr21 4Lr38 4Lr18 3Lr13 4Tr22 16	4Ss3	250	999993	exact
4Tr21 4Lr38 4Lr18 3Lr13 4Tr22 17	3Ir17	250	999993	exact
4Tr21 4Lr38 4Lr18 3Lr13 4Tr22 18	3Ir17	250	999993	exact
4Tr21 4Lr38 4Lr18 3Lr13 4Tr22 19	3Ir17	250	999993	exact
4Tr21 4Lr38 4Lr18 3Lr13 4Tr22 25	4Ss3	250	999993	exact
4Tr21 4Lr38 4Lr18 3Lr13 4Tr22 26	3Ir14	250	999993	exact
4Tr21 4Lr38 4Lr18 3Lr13 4Tr22 28	3Ir17	250	999993	exact
4Tr21 4Lr38 4Lr18 3Lr13 4Tr22 2r11	3Ir17	250	999993	exact
4Tr21 4Lr38 4Lr18 3Lr13 4Tr22 2r12	3Ir17	250	999993	exact
4Tr21 4Lr38 4Lr18 3Lr13 4Tr22 2r13	4Lr35	250	999993	exact
4Tr21 4Lr38 4Lr18 3Lr13 4Tr22 2r14	3Ir15	250	999993	exact
4Tr21 4Lr38 4Lr18 3Lr13 4Tr22 2r15	4Lr15	250	999995	exact
4Tr21 4Lr38 4Lr18 3Lr13 4Tr22 2r16	4Lr16	250	999995	exact
4Tr21 4Lr38 4Lr18 3Lr13 4Tr22 2r17	4Lsr36	250	999995	exact
4Tr21 4Lr38 4Lr18 3Lr13 4Tr22 2r18	3Ir17	250	999993	exact
4Tr21 4Lr38 4Lr18 3Lr13 4Tr22 2r19	3Ir17	250	999993	exact
4Tr21 4Lr38 4Lr18 3Lr13 4Tr22 3I5	3Ir13	250	999995	exact
4Tr21 4Lr38 4Lr18 3Lr13 4Tr22 3Ir11	3Ir15	250	999993	exact
4Tr21 4Lr38 4Lr18 3Lr13 4Tr22 3Ir12	3Ir15	250	999993	exact
4Tr21 4Lr38 4Lr18 3Lr13 4Tr22 3Ir13	3Ir15	250	999993	exact
4Tr21 4Lr38 4Lr18 3Lr13 4Tr22 3Ir14	3Ir15	250	999993	exact
4Tr21 4Lr38 4Lr18 3Lr13 4Tr22 3Ir15	4Sr13	250	999993	exact
4Tr21 4Lr38 4Lr18 3Lr13 4Tr22 3Ir16	2r16	250	999993	exact
4Tr21 4Lr38 4Lr18 3Lr13 4Tr22 3Ir17	4S7	250	999993	exact
4Tr21 4Lr38 4Lr18 3Lr13 4Tr22 3Ir18	3Ir17	250	999993	exact
4Tr21 4Lr38 4Lr18 3Lr13 4Tr22 3Ir19	3Ir17	250	999993	exact
4Tr21 4Lr38 4Lr18 3Lr13 4Tr22 3L2	3Ir15	250	999993	exact
4Tr21 4Lr38 4Lr18 3Lr13 4Tr22 3Lr13	3Ir15	250	999993	exact
4Tr21 4Lr38 4Lr18 3Lr13 4Tr22 3Lr25	3Ir13	250	999993	exact
4Tr21 4Lr38 4Lr18 3Lr13 4Tr22 3Lr26	3Ir13	250	999993	exact
4Tr21 4Lr38 4Lr18 3Lr13 4Tr22 3Lr28	3Ir17	250	999993	exact
4Tr21 4Lr38 4Lr18 3Lr13 4Tr22 3Lr35	4Ss5	250	999995	exact
4Tr21 4Lr38 4Lr18 3Lr13 4Tr22 3Lr36	3Ir14	250	999993	exact
4Tr21 4Lr38 4Lr18 3Lr13 4Tr22 3Lr38	3Ir17	250	999993	exact
4Tr21 4Lr38 4Lr18 3Lr13 4Tr22 4Lr25	3Ir13	250	999995	exact
4Tr21 4Lr38 4Lr18 3Lr13 4Tr22 4Lr35	4Lr15	250	999995	exact
4Tr21 4Lr38 4Lr18 3Lr13 4Tr22 4Lr36	4Lr16	250	999995	exact
4Tr21 4Lr38 4Lr18 3Lr13 4Tr22 4Lr38	4Lsr16	250	999993	exact
4Tr21 4Lr38 4Lr18 3Lr13 4Tr22 4Lsr15	4Lsr35	250	999995	exact
4Tr21 4Lr38 4Lr18 3Lr13 4Tr22 4Lsr16	4Lsr36	250	999995	exact
4Tr21 4Lr38 4Lr18 3Lr13 4Tr22 4Lsr18	3Ir17	250	999993	exact
4Tr21 4Lr38 4Lr18 3Lr13 4Tr22 4Lsr25	3Ir13	250	999993	exact
4Tr21 4Lr38 4Lr18 3Lr13 4Tr22 4Lsr31	3Ir15	250	999993	exact
4Tr21 4Lr38 4Lr18 3Lr13 4Tr22 4S2	3Ir17	250	999993	exact
4Tr21 4Lr38 4Lr18 3Lr13 4Tr22 4Ss3	3Ir15	250	999993	exact
4Tr21 4Lr38 4Lr18 3Lr13 4Tr22 4Tr13	3Ir15	250	999993	exact
4Tr21 4Lr38 4Lr18 3Lr13 4Tr22 4Tr25	4S5	250	999995	exact
4Tr21 4Lr38 4Lr18 3Lr13 4Tr22 4Tr32	3Ir17	250	999993	exact
4Tr21 4Lr38 4Lr18 3Lr24	4Ssr13	6	999995	exact
4Tr21 4Lr38 4Lr18 3Lr24 4Ssr13 11	3Ir16	250	999995	exact
4Tr21 4Lr38 4Lr18 3Lr24 4Ssr13 12	3Ir16	250	999995	exact
4Tr21 4Lr38 4Lr18 3Lr24 4Ssr13 13	2r16	250	999995	exact
4Tr21 4Lr38 4Lr18 3Lr24 4Ssr13 14	2r16	250	999995	exact
4Tr21 4Lr38 4Lr18 3Lr24 4Ssr13 15	2r16	250	999995	exact
4Tr21 4Lr38 4Lr18 3Lr24 4Ssr13 16	4Tr16	250	999997	exact
4Tr21 4Lr38 4Lr18 3Lr24 4Ssr13 17	4S6	250	999997	exact
4Tr21 4Lr38 4Lr18 3Lr24 4Ssr13 18	2r16	250	999995	exact
4Tr21 4Lr38 4Lr18 3Lr24 4Ssr13 19	3Ir17	250	999995	exact
4Tr21 4Lr38 4Lr18 3Lr24 4Ssr13 22	2r16	250	999995	exact
4Tr21 4Lr38 4Lr18 3Lr24 4Ssr13 24	2r16	250	999995	exact
4Tr21 4Lr38 4Lr18 3Lr24 4Ssr13 26	3Lr26	250	999997	exact
4Tr21 4Lr38 4Lr18 3Lr24 4Ssr13 28	2r16	250	999995	exact
4Tr21 4Lr38 4Lr18 3Lr24 4Ssr13 2r11	2r16	250	999995	exact
4Tr21 4Lr38 4Lr18 3Lr24 4Ssr13 2r12	2r16	250	999995	exact
4Tr21 4Lr38 4Lr18 3Lr24 4Ssr13 2r13	2r16	250	999995	exact
4Tr21 4Lr38 4Lr18 3Lr24 4Ssr13 2r14	2r16	250	999995	exact
4Tr21 4Lr38 4Lr18 3Lr24 4Ssr13 2r15	2r16	250	999995	exact
4Tr21 4Lr38 4Lr18 3Lr24 4Ssr13 2r16	4Lr16	250	999997	exact
4Tr21 4Lr38 4Lr18 3Lr24 4Ssr13 2r17	4Lsr36	250	999997	exact
4Tr21 4Lr38 4Lr18 3Lr24 4Ssr13 2r18	2r16	250	999995	exact
4Tr21 4Lr38 4Lr18 3Lr24 4Ssr13 2r19	2r16	250	999995	exact
4Tr21 4Lr38 4Lr18 3Lr24 4Ssr13 3Ir11	2r16	250	999995	exact
4Tr21 4Lr38 4Lr18 3Lr24 4Ssr13 3Ir12	2r16	250	999995	exact
4Tr21 4Lr38 4Lr18 3Lr24 4Ssr13 3Ir13	2r16	250	999995	exact
4Tr21 4Lr38 4Lr18 3Lr24 4Ssr13 3Ir14	2r16	250	999995	exact
4Tr21 4Lr38 4Lr18 3Lr24 4Ssr13 3Ir15	2r16	250	999995	exact
4Tr21 4Lr38 4Lr18 3Lr24 4Ssr13 3Ir16	2r16	250	999995	exact
4Tr21 4Lr38 4Lr18 3Lr24 4Ssr13 3Ir17	4S7	250	999995	exact
4Tr21 4Lr38 4Lr18 3Lr24 4Ssr13 3Ir18	2r16	250	999995	exact
4Tr21 4Lr38 4Lr18 3Lr24 4Ssr13 3Ir19	2r16	250	999995	exact
4Tr21 4Lr38 4Lr18 3Lr24 4Ssr13 3L1	2r16	250	999995	exact
4Tr21 4Lr38 4Lr18 3Lr24 4Ssr13 3L3	2r16	250	999995	exact
4Tr21 4Lr38 4Lr18 3Lr24 4Ssr13 3Lr22	2r16	250	999995	exact
4Tr21 4Lr38 4Lr18 3Lr24 4Ssr13 3Lr24	2r16	250	999995	exact
4Tr21 4Lr38 4Lr18 3Lr24 4Ssr13 3Lr26	4S6	250	999997	exact
4Tr21 4Lr38 4Lr18 3Lr24 4Ssr13 3Lr28	2r16	250	999995	exact
4Tr21 4Lr38 4Lr18 3Lr24 4Ssr13 3Lr32	2r16	250	999995	exact
4Tr21 4Lr38 4Lr18 3Lr24 4Ssr13 3Lr34	2r16	250	999995	exact
4Tr21 4Lr38 4Lr18 3Lr24 4Ssr13 3Lr36	4Ss6	250	999997	exact
4Tr21 4Lr38 4Lr18 3Lr24 4Ssr13 3Lr38	2r16	250	999995	exact
4Tr21 4Lr38 4Lr18 3Lr24 4Ssr13 4L1	3Ir17	250	999995	exact
4Tr21 4Lr38 4Lr18 3Lr24 4Ssr13 4L3	3Ir17	250	999995	exact
4Tr21 4Lr38 4Lr18 3Lr24 4Ssr13 4Lr32	3Ir17	250	999995	exact
4Tr21 4Lr38 4Lr18 3Lr24 4Ssr13 4Lr34	3Ir17	250	999995	exact
4Tr21 4Lr38 4Lr18 3Lr24 4Ssr13 4Lr36	4Tr24	250	999995	exact
4Tr21 4Lr38 4Lr18 3Lr24 4Ssr13 4Lr38	2r16	250	999995	exact
4Tr21 4Lr38 4Lr18 3Lr24 4Ssr13 4Lsr12	3Ir17	250	999995	exact
4Tr21 4Lr38 4Lr18 3Lr24 4Ssr13 4Lsr14	3Ir17	250	999995	exact
4Tr21 4Lr38 4Lr18 3Lr24 4Ssr13 4Lsr16	4Lsr36	250	999997	exact
4Tr21 4Lr38 4Lr18 3Lr24 4Ssr13 4Lsr18	2r16	250	999995	exact
4Tr21 4Lr38 4Lr18 3Lr24 4Ssr13 4S1	3Ir17	250	999995	exact
4Tr21 4Lr38 4Lr18 3Lr24 4Ssr13 4S3	3Ir17	250	999995	exact
4Tr21 4Lr38 4Lr18 3Lr24 4Ssr13 4Ssr12	3Ir17	250	999995	exact
4Tr21 4Lr38 4Lr18 3Lr24 4Ssr13 4Tr31	3Ir17	250	999995	exact
4Tr21 4Lr38 4Lr18 3Lr24 4Ssr13 4Tr33	3Ir17	250	999995	exact
4Tr21 4Lr38 4Lr18 3Lr25	4S5	17	999989	exact
4Tr21 4Lr38 4Lr18 3Lr25 4S5 11	3Ir12	250	999989	exact
4Tr21 4Lr38 4Lr18 3Lr25 4S5 12	3Ir16	250	999989	exact
4Tr21 4Lr38 4Lr18 3Lr25 4S5 13	3Ir12	250	999989	exact
4Tr21 4Lr38 4Lr18 3Lr25 4S5 14	3Ir16	250	999989	exact
4Tr21 4Lr38 4Lr18 3Lr25 4S5 15	3Ir12	250	999989	exact
4Tr21 4Lr38 4Lr18 3Lr25 4S5 16	3Ir12	250	999989	exact
4Tr21 4Lr38 4Lr18 3Lr25 4S5 17	3Ir12	250	999989	exact
4Tr21 4Lr38 4Lr18 3Lr25 4S5 18	3Ir12	250	999989	exact
4Tr21 4Lr38 4Lr18 3Lr25 4S5 19	3Ir12	250	999989	exact
4Tr21 4Lr38 4Lr18 3Lr25 4S5 28	3Ir12	250	999989	exact
4Tr21 4Lr38 4Lr18 3Lr25 4S5 2r11	3Ir12	250	999989	exact
4Tr21 4Lr38 4Lr18 3Lr25 4S5 2r12	4Ss3	250	999989	exact
4Tr21 4Lr38 4Lr18 3Lr25 4S5 2r13	3Ir12	250	999989	exact
4Tr21 4Lr38 4Lr18 3Lr25 4S5 2r14	4S3	250	999989	exact
4Tr21 4Lr38 4Lr18 3Lr25 4S5 2r15	3Ir12	250	999989	exact
4Tr21 4Lr38 4Lr18 3Lr25 4S5 2r16	3Ir12	250	999989	exact
4Tr21 4Lr38 4Lr18 3Lr25 4S5 2r17	4Ss3	250	999989	exact
4Tr21 4Lr38 4Lr18 3Lr25 4S5 2r18	3Ir12	250	999989	exact
4Tr21 4Lr38 4Lr18 3Lr25 4S5 2r19	3Ir12	250	999989	exact
4Tr21 4Lr38 4Lr18 3Lr25 4S5 3Ir11	3Ir16	250	999989	exact
4Tr21 4Lr38 4Lr18 3Lr25 4S5 3Ir12	4Ss3	250	999989	exact
4Tr21 4Lr38 4Lr18 3Lr25 4S5 3Ir13	3Ir12	250	999989	exact
4Tr21 4Lr38 4Lr18 3Lr25 4S5 3Ir14	4Lsr33	250	999991	exact
4Tr21 4Lr38 4Lr18 3Lr25 4S5 3Ir15	4Ss3	250	999989	exact
4Tr21 4Lr38 4Lr18 3Lr25 4S5 3Ir16	2r14	250	999995	exact
4Tr21 4Lr38 4Lr18 3Lr25 4S5 3Ir17	4Tr37	250	999989	exact
4Tr21 4Lr38 4Lr18 3Lr25 4S5 3Ir18	2r14	250	999989	exact
4Tr21 4Lr38 4Lr18 3Lr25 4S5 3Ir19	3Ir12	250	999989	exact
4Tr21 4Lr38 4Lr18 3Lr25 4S5 3L1	2r14	250	999989	exact
4Tr21 4Lr38 4Lr18 3Lr25 4S5 3L5	3Ir12	250	999989	exact
4Tr21 4Lr38 4Lr18 3Lr25 4S5 3Lr12	2r14	250	999989	exact
4Tr21 4Lr38 4Lr18 3Lr25 4S5 3Lr13	4Lsr12	250	999989	exact
4Tr21 4Lr38 4Lr18 3Lr25 4S5 3Lr28	3Ir12	250	999989	exact
4Tr21 4Lr38 4Lr18 3Lr25 4S5 3Lr38	3Ir12	250	999989	exact
4Tr21 4Lr38 4Lr18 3Lr25 4S5 4Lr38	3Lr13	250	999995	exact
4Tr21 4Lr38 4Lr18 3Lr25 4S5 4Lsr18	3Ir12	250	999989	exact
4Tr21 4Lr38 4Lr18 3Lr25 4S5 4S1	3Ir17	250	999989	exact
4Tr21 4Lr38 4Lr18 3Lr25 4S5 4S5	3Ir14	250	999995	exact
4Tr21 4Lr38 4Lr18 3Lr25 4S5 4Ss2	2r14	250	999995	exact
4Tr21 4Lr38 4Lr18 3Lr25 4S5 4Ss3	4S2	250	999989	exact
4Tr21 4Lr38 4Lr18 3Lr25 4S5 4Tr12	2r14	250	999995	exact
4Tr21 4Lr38 4Lr18 3Lr25 4S5 4Tr13	4Ssr12	250	999995	exact
4Tr21 4Lr38 4Lr18 3Lr25 4S5 4Tr31	2r14	250	999995	exact
4Tr21 4Lr38 4Lr18 3Lr25 4S5 4Tr35	3Ir14	250	999995	exact
4Tr21 4Lr38 4Lr18 3Lr26	4Tr36	10	999991	exact
4Tr21 4Lr38 4Lr18 3Lr26 4Tr36 11	4Lr34	250	999997	exact
4Tr21 4Lr38 4Lr18 3Lr26 4Tr36 12	4Lr34	250	999997	exact
4Tr21 4Lr38 4Lr18 3Lr26 4Tr36 13	4Lr34	250	999997	exact
4Tr21 4Lr38 4Lr18 3Lr26 4Tr36 14	4Ls3	250	999997	exact
4Tr21 4Lr38 4Lr18 3Lr26 4Tr36 15	4S4	250	999997	exact
4Tr21 4Lr38 4Lr18 3Lr26 4Tr36 16	4Lr34	250	999997	exact
4Tr21 4Lr38 4Lr18 3Lr26 4Tr36 17	4Lr34	250	999997	exact
4Tr21 4Lr38 4Lr18 3Lr26 4Tr36 18	4Lr34	250	999997	exact
4Tr21 4Lr38 4Lr18 3Lr26 4Tr36 19	4Lr34	250	999997	exact
4Tr21 4Lr38 4Lr18 3Lr26 4Tr36 24	4Lr34	250	999997	exact
4Tr21 4Lr38 4Lr18 3Lr26 4Tr36 28	4Lr34	250	999997	exact
4Tr21 4Lr38 4Lr18 3Lr26 4Tr36 2r11	4Lr34	250	999997	exact
4Tr21 4Lr38 4Lr18 3Lr26 4Tr36 2r12	4Lr34	250	999997	exact
4Tr21 4Lr38 4Lr18 3Lr26 4Tr36 2r13	4Lr34	250	999997	exact
4Tr21 4Lr38 4Lr18 3Lr26 4Tr36 2r14	4S3	250	999995	exact
4Tr21 4Lr38 4Lr18 3Lr26 4Tr36 2r15	4Lsr34	250	999997	exact
4Tr21 4Lr38 4Lr18 3Lr26 4Tr36 2r16	4Lr34	250	999997	exact
4Tr21 4Lr38 4Lr18 3Lr26 4Tr36 2r17	4Lr34	250	999997	exact
4Tr21 4Lr38 4Lr18 3Lr26 4Tr36 2r18	4Lr34	250	999997	exact
4Tr21 4Lr38 4Lr18 3Lr26 4Tr36 2r19	4Lr34	250	999997	exact
4Tr21 4Lr38 4Lr18 3Lr26 4Tr36 3Ir11	4Lr34	250	999997	exact
4Tr21 4Lr38 4Lr18 3Lr26 4Tr36 3Ir12	4Lr34	250	999997	exact
4Tr21 4Lr38 4Lr18 3Lr26 4Tr36 3Ir13	4Lr34	250	999997	exact
4Tr21 4Lr38 4Lr18 3Lr26 4Tr36 3Ir14	4Lsr33	250	999995	exact
4Tr21 4Lr38 4Lr18 3Lr26 4Tr36 3Ir15	4S5	250	999993	exact
4Tr21 4Lr38 4Lr18 3Lr26 4Tr36 3Ir16	4Lr34	250	999997	exact
4Tr21 4Lr38 4Lr18 3Lr26 4Tr36 3Ir17	3Lr24	250	999997	exact
4Tr21 4Lr38 4Lr18 3Lr26 4Tr36 3Ir18	4Lr34	250	999997	exact
4Tr21 4Lr38 4Lr18 3Lr26 4Tr36 3Ir19	4Lr34	250	999997	exact
4Tr21 4Lr38 4Lr18 3Lr26 4Tr36 3L1	4Lr34	250	999997	exact
4Tr21 4Lr38 4Lr18 3Lr26 4Tr36 3L7	4Lr34	250	999997	exact
4Tr21 4Lr38 4Lr18 3Lr26 4Tr36 3Lr12	4Lr34	250	999997	exact
4Tr21 4Lr38 4Lr18 3Lr26 4Tr36 3Lr13	4Lsr13	250	999993	exact
4Tr21 4Lr38 4Lr18 3Lr26 4Tr36 3Lr16	4Lr34	250	999997	exact
4Tr21 4Lr38 4Lr18 3Lr26 4Tr36 3Lr24	4Ssr13	250	999997	exact
4Tr21 4Lr38 4Lr18 3Lr26 4Tr36 3Lr28	4Lr34	250	999997	exact
4Tr21 4Lr38 4Lr18 3Lr26 4Tr36 3Lr34	4S3	250	999995	exact
4Tr21 4Lr38 4Lr18 3Lr26 4Tr36 3Lr38	4Lr34	250	999997	exact
4Tr21 4Lr38 4Lr18 3Lr26 4Tr36 4L7	4Lr34	250	999997	exact
4Tr21 4Lr38 4Lr18 3Lr26 4Tr36 4Lr34	4Lsr33	250	999995	exact
4Tr21 4Lr38 4Lr18 3Lr26 4Tr36 4Lr38	4Lr34	250	999997	exact
4Tr21 4Lr38 4Lr18 3Lr26 4Tr36 4Lsr14	4Lsr34	250	999997	exact
4Tr21 4Lr38 4Lr18 3Lr26 4Tr36 4Lsr18	4Lr34	250	999997	exact
4Tr21 4Lr38 4Lr18 3Lr26 4Tr36 4S1	4Lr34	250	999997	exact
4Tr21 4Lr38 4Lr18 3Lr26 4Tr36 4S7	3Lr24	250	999997	exact
4Tr21 4Lr38 4Lr18 3Lr26 4Tr36 4Sr13	4Ls3	250	999997	exact
4Tr21 4Lr38 4Lr18 3Lr26 4Tr36 4Ss2	4Lr34	250	999997	exact
4Tr21 4Lr38 4Lr18 3Lr26 4Tr36 4Ss3	4S2	250	999991	exact
4Tr21 4Lr38 4Lr18 3Lr26 4Tr36 4Ss6	4Lr34	250	999997	exact
4Tr21 4Lr38 4Lr18 3Lr26 4Tr36 4T6	4Lr34	250	999997	exact
4Tr21 4Lr38 4Lr18 3Lr26 4Tr36 4Tr12	4Lr34	250	999997	exact
4Tr21 4Lr38 4Lr18 3Lr26 4Tr36 4Tr13	4Ssr12	250	999995	exact
4Tr21 4Lr38 4Lr18 3Lr26 4Tr36 4Tr16	4Lr34	250	999997	exact
4Tr21 4Lr38 4Lr18 3Lr26 4Tr36 4Tr31	4Lr34	250	999997	exact
4Tr21 4Lr38 4Lr18 3Lr26 4Tr36 4Tr37	4Lr34	250	999997	exact
4Tr21 4Lr38 4Lr18 3Lr28	4Lsr14	6	999995	exact
4Tr21 4Lr38 4Lr18 3Lr28 4Lsr14 11	3Ir17	250	999995	exact
4Tr21 4Lr38 4Lr18 3Lr28 4Lsr14 12	3Ir17	250	999995	exact
4Tr21 4Lr38 4Lr18 3Lr28 4Lsr14 13	3Ir17	250	999995	exact
4Tr21 4Lr38 4Lr18 3Lr28 4Lsr14 14	3Ir17	250	999995	exact
4Tr21 4Lr38 4Lr18 3Lr28 4Lsr14 15	3Ir17	250	999995	exact
4Tr21 4Lr38 4Lr18 3Lr28 4Lsr14 16	4Tr16	250	999997	exact
4Tr21 4Lr38 4Lr18 3Lr28 4Lsr14 17	4S6	250	999997	exact
4Tr21 4Lr38 4Lr18 3Lr28 4Lsr14 18	3Ir17	250	999995	exact
4Tr21 4Lr38 4Lr18 3Lr28 4Lsr14 19	3Ir17	250	999995	exact
4Tr21 4Lr38 4Lr18 3Lr28 4Lsr14 23	3Ir17	250	999995	exact
4Tr21 4Lr38 4Lr18 3Lr28 4Lsr14 26	3Lr26	250	999997	exact
4Tr21 4Lr38 4Lr18 3Lr28 4Lsr14 2r11	3Ir17	250	999995	exact
4Tr21 4Lr38 4Lr18 3Lr28 4Lsr14 2r12	3Ir17	250	999995	exact
4Tr21 4Lr38 4Lr18 3Lr28 4Lsr14 2r13	3Ir17	250	999995	exact
4Tr21 4Lr38 4Lr18 3Lr28 4Lsr14 2r14	3Ir17	250	999995	exact
4Tr21 4Lr38 4Lr18 3Lr28 4Lsr14 2r15	3Ir17	250	999995	exact
4Tr21 4Lr38 4Lr18 3Lr28 4Lsr14 2r16	4Ss5	250	999995	exact
4Tr21 4Lr38 4Lr18 3Lr28 4Lsr14 2r17	3Ir17	250	999995	exact
4Tr21 4Lr38 4Lr18 3Lr28 4Lsr14 2r18	3Ir17	250	999995	exact
4Tr21 4Lr38 4Lr18 3Lr28 4Lsr14 2r19	3Ir17	250	999995	exact
4Tr21 4Lr38 4Lr18 3Lr28 4Lsr14 3Ir11	3Ir17	250	999995	exact
4Tr21 4Lr38 4Lr18 3Lr28 4Lsr14 3Ir12	3Ir17	250	999995	exact
4Tr21 4Lr38 4Lr18 3Lr28 4Lsr14 3Ir13	3Ir17	250	999995	exact
4Tr21 4Lr38 4Lr18 3Lr28 4Lsr14 3Ir14	3Ir16	250	999995	exact
4Tr21 4Lr38 4Lr18 3Lr28 4Lsr14 3Ir15	3Ir17	250	999995	exact
4Tr21 4Lr38 4Lr18 3Lr28 4Lsr14 3Ir16	3Ir16	250	999995	exact
4Tr21 4Lr38 4Lr18 3Lr28 4Lsr14 3Ir17	3Ir17	250	999995	exact
4Tr21 4Lr38 4Lr18 3Lr28 4Lsr14 3Ir18	3Ir16	250	999995	exact
4Tr21 4Lr38 4Lr18 3Lr28 4Lsr14 3Ir19	3Ir16	250	999995	exact
4Tr21 4Lr38 4Lr18 3Lr28 4Lsr14 3L1	3Ir17	250	999995	exact
4Tr21 4Lr38 4Lr18 3Lr28 4Lsr14 3L8	3Ir17	250	999995	exact
4Tr21 4Lr38 4Lr18 3Lr28 4Lsr14 3Lr12	3Ir17	250	999995	exact
4Tr21 4Lr38 4Lr18 3Lr28 4Lsr14 3Lr23	3Ir17	250	999995	exact
4Tr21 4Lr38 4Lr18 3Lr28 4Lsr14 3Lr26	3Ir15	250	999995	exact
4Tr21 4Lr38 4Lr18 3Lr28 4Lsr14 3Lr33	3Ir17	250	999995	exact
4Tr21 4Lr38 4Lr18 3Lr28 4Lsr14 3Lr36	4Ss6	250	999997	exact
4Tr21 4Lr38 4Lr18 3Lr28 4Lsr14 4Lr33	3Ir17	250	999995	exact
4Tr21 4Lr38 4Lr18 3Lr28 4Lsr14 4Lr36	3Lr25	250	999995	exact
4Tr21 4Lr38 4Lr18 3Lr28 4Lsr14 4Lsr13	3Ir17	250	999995	exact
4Tr21 4Lr38 4Lr18 3Lr28 4Lsr14 4Lsr16	3Ir17	250	999995	exact
4Tr21 4Lr38 4Lr18 3Lr28 4Lsr14 4Lsr34	3Ir17	250	999995	exact
4Tr21 4Lr38 4Lr18 3Lr28 4Lsr14 4S1	3Ir17	250	999995	exact
4Tr21 4Lr38 4Lr18 3Lr28 4Lsr14 4S8	3Ir17	250	999995	exact
4Tr21 4Lr38 4Lr18 3Lr28 4Lsr14 4Sr12	3Ir17	250	999995	exact
4Tr21 4Lr38 4Lr18 3Lr28 4Lsr14 4Ss2	3Ir17	250	999995	exact
4Tr21 4Lr38 4Lr18 3Lr28 4Lsr14 4Tr12	3Ir17	250	999995	exact
4Tr21 4Lr38 4Lr18 3Lr28 4Lsr14 4Tr31	3Ir17	250	999995	exact
4Tr21 4Lr38 4Lr18 3Lr28 4Lsr14 4Tr38	3Ir17	250	999995	exact
4Tr21 4Lr38 4Lr18 3Lr34	4S3	10	999993	exact
4Tr21 4Lr38 4Lr18 3Lr34 4S3 11	4Ss5	250	999995	exact
4Tr21 4Lr38 4Lr18 3Lr34 4S3 12	3Ir14	250	999993	exact
4Tr21 4Lr38 4Lr18 3Lr34 4S3 13	4Ss5	250	999995	exact
4Tr21 4Lr38 4Lr18 3Lr34 4S3 14	4Ss5	250	999995	exact
4Tr21 4Lr38 4Lr18 3Lr34 4S3 15	3Ir14	250	999993	exact
4Tr21 4Lr38 4Lr18 3Lr34 4S3 16	3Ir14	250	999993	exact
4Tr21 4Lr38 4Lr18 3Lr34 4S3 17	4S6	250	999993	exact
4Tr21 4Lr38 4Lr18 3Lr34 4S3 18	4Tr33	250	999993	exact
4Tr21 4Lr38 4Lr18 3Lr34 4S3 19	3Ir13	250	999993	exact
4Tr21 4Lr38 4Lr18 3Lr34 4S3 26	4Lr25	250	999997	exact
4Tr21 4Lr38 4Lr18 3Lr34 4S3 28	4Ss5	250	999995	exact
4Tr21 4Lr38 4Lr18 3Lr34 4S3 2r11	3Ir14	250	999993	exact
4Tr21 4Lr38 4Lr18 3Lr34 4S3 2r12	3Ir14	250	999993	exact
4Tr21 4Lr38 4Lr18 3Lr34 4S3 2r13	3Ir14	250	999993	exact
4Tr21 4Lr38 4Lr18 3Lr34 4S3 2r14	3Ir15	250	999993	exact
4Tr21 4Lr38 4Lr18 3Lr34 4S3 2r15	3Ir15	250	999993	exact
4Tr21 4Lr38 4Lr18 3Lr34 4S3 2r16	2r14	250	999993	exact
4Tr21 4Lr38 4Lr18 3Lr34 4S3 2r17	4Lsr36	250	999993	exact
4Tr21 4Lr38 4Lr18 3Lr34 4S3 2r18	4Ss5	250	999995	exact
4Tr21 4Lr38 4Lr18 3Lr34 4S3 2r19	3Ir14	250	999993	exact
4Tr21 4Lr38 4Lr18 3Lr34 4S3 3Ir11	4Ss5	250	999995	exact
4Tr21 4Lr38 4Lr18 3Lr34 4S3 3Ir12	4Ss5	250	999993	exact
4Tr21 4Lr38 4Lr18 3Lr34 4S3 3Ir13	4Lr13	250	999993	exact
4Tr21 4Lr38 4Lr18 3Lr34 4S3 3Ir14	4Ss5	250	999993	exact
4Tr21 4Lr38 4Lr18 3Lr34 4S3 3Ir15	3Lr24	250	999993	exact
4Tr21 4Lr38 4Lr18 3Lr34 4S3 3Ir16	4Lsr35	250	999995	exact
4Tr21 4Lr38 4Lr18 3Lr34 4S3 3Ir17	4S7	250	999993	exact
4Tr21 4Lr38 4Lr18 3Lr34 4S3 3Ir18	4Ss5	250	999995	exact
4Tr21 4Lr38 4Lr18 3Lr34 4S3 3Ir19	3Ir14	250	999993	exact
4Tr21 4Lr38 4Lr18 3Lr34 4S3 3L1	4Ss5	250	999993	exact
4Tr21 4Lr38 4Lr18 3Lr34 4S3 3L2	4Ss5	250	999993	exact
4Tr21 4Lr38 4Lr18 3Lr34 4S3 3L3	4Ss5	250	999995	exact
4Tr21 4Lr38 4Lr18 3Lr34 4S3 3Lr15	3Ir14	250	999993	exact
4Tr21 4Lr38 4Lr18 3Lr34 4S3 3Lr26	4Ssr15	250	999997	exact
4Tr21 4Lr38 4Lr18 3Lr34 4S3 3Lr28	3Ir14	250	999993	exact
4Tr21 4Lr38 4Lr18 3Lr34 4S3 3Lr36	4S5	250	999995	exact
4Tr21 4Lr38 4Lr18 3Lr34 4S3 3Lr38	3Ir13	250	999993	exact
4Tr21 4Lr38 4Lr18 3Lr34 4S3 4Lr36	4Lsr35	250	999995	exact
4Tr21 4Lr38 4Lr18 3Lr34 4S3 4Lr38	4Ss5	250	999995	exact
4Tr21 4Lr38 4Lr18 3Lr34 4S3 4Lsr16	4Lsr36	250	999995	exact
4Tr21 4Lr38 4Lr18 3Lr34 4S3 4Lsr18	4Ss5	250	999995	exact
4Tr21 4Lr38 4Lr18 3Lr34 4S3 4S1	4Ss5	250	999995	exact
4Tr21 4Lr38 4Lr18 3Lr34 4S3 4S2	4Ss5	250	999995	exact
4Tr21 4Lr38 4Lr18 3Lr34 4S3 4S3	4Ss5	250	999995	exact
4Tr21 4Lr38 4Lr18 3Lr34 4S3 4Sr15	4Ls5	250	999997	exact
4Tr21 4Lr38 4Lr18 3Lr34 4S3 4Ss5	4Ss5	250	999993	exact
4Tr21 4Lr38 4Lr18 3Lr34 4S3 4Tr15	4S5	250	999995	exact
4Tr21 4Lr38 4Lr18 3Lr34 4S3 4Tr31	4Ss5	250	999995	exact
4Tr21 4Lr38 4Lr18 3Lr34 4S3 4Tr32	4Ss5	250	999995	exact
4Tr21 4Lr38 4Lr18 3Lr34 4S3 4Tr33	4Ss5	250	999995	exact
4Tr21 4Lr38 4Lr18 3Lr35	4Ss5	10	999993	exact
4Tr21 4Lr38 4Lr18 3Lr35 4Ss5 11	3Ir14	250	999993	exact
4Tr21 4Lr38 4Lr18 3Lr35 4Ss5 12	3Ir14	250	999995	exact
4Tr21 4Lr38 4Lr18 3Lr35 4Ss5 13	3Ir14	250	999995	exact
4Tr21 4Lr38 4Lr18 3Lr35 4Ss5 14	3Ir14	250	999995	exact
4Tr21 4Lr38 4Lr18 3Lr35 4Ss5 15	3Ir14	250	999993	exact
4Tr21 4Lr38 4Lr18 3Lr35 4Ss5 16	3Ir14	250	999995	exact
4Tr21 4Lr38 4Lr18 3Lr35 4Ss5 17	3Ir14	250	999993	exact
4Tr21 4Lr38 4Lr18 3Lr35 4Ss5 18	3Ir14	250	999995	exact
4Tr21 4Lr38 4Lr18 3Lr35 4Ss5 19	3Ir14	250	999995	exact
4Tr21 4Lr38 4Lr18 3Lr35 4Ss5 28	3Ir14	250	999995	exact
4Tr21 4Lr38 4Lr18 3Lr35 4Ss5 2r11	3Ir14	250	999993	exact
4Tr21 4Lr38 4Lr18 3Lr35 4Ss5 2r12	3Ir14	250	999995	exact
4Tr21 4Lr38 4Lr18 3Lr35 4Ss5 2r13	3Ir14	250	999995	exact
4Tr21 4Lr38 4Lr18 3Lr35 4Ss5 2r14	4T2	250	999995	exact
4Tr21 4Lr38 4Lr18 3Lr35 4Ss5 2r15	3Ir14	250	999993	exact
4Tr21 4Lr38 4Lr18 3Lr35 4Ss5 2r16	3Ir14	250	999993	exact
4Tr21 4Lr38 4Lr18 3Lr35 4Ss5 2r17	3Ir14	250	999993	exact
4Tr21 4Lr38 4Lr18 3Lr35 4Ss5 2r18	3Ir14	250	999993	exact
4Tr21 4Lr38 4Lr18 3Lr35 4Ss5 2r19	3Ir14	250	999993	exact
4Tr21 4Lr38 4Lr18 3Lr35 4Ss5 3Ir11	4Tr13	250	999993	exact
4Tr21 4Lr38 4Lr18 3Lr35 4Ss5 3Ir12	4Ss3	250	999993	exact
4Tr21 4Lr38 4Lr18 3Lr35 4Ss5 3Ir13	4Lsr32	250	999993	exact
4Tr21 4Lr38 4Lr18 3Lr35 4Ss5 3Ir14	4Lsr33	250	999993	exact
4Tr21 4Lr38 4Lr18 3Lr35 4Ss5 3Ir15	4Tr13	250	999993	exact
4Tr21 4Lr38 4Lr18 3Lr35 4Ss5 3Ir16	3Ir14	250	999993	exact
4Tr21 4Lr38 4Lr18 3Lr35 4Ss5 3Ir17	4Sr15	250	999993	exact
4Tr21 4Lr38 4Lr18 3Lr35 4Ss5 3Ir18	4Ss3	250	999995	exact
4Tr21 4Lr38 4Lr18 3Lr35 4Ss5 3Ir19	3Ir14	250	999993	exact
4Tr21 4Lr38 4Lr18 3Lr35 4Ss5 3L1	3Ir14	250	999995	exact
4Tr21 4Lr38 4Lr18 3Lr35 4Ss5 3Lr12	3Ir14	250	999993	exact
4Tr21 4Lr38 4Lr18 3Lr35 4Ss5 3Lr13	4Lr22	250	999995	exact
4Tr21 4Lr38 4Lr18 3Lr35 4Ss5 3Lr15	3Ir14	250	999993	exact
4Tr21 4Lr38 4Lr18 3Lr35 4Ss5 3Lr28	3Ir14	250	999993	exact
4Tr21 4Lr38 4Lr18 3Lr35 4Ss5 3Lr38	3Ir14	250	999993	exact
4Tr21 4Lr38 4Lr18 3Lr35 4Ss5 4Lr38	4Tr13	250	999993	exact
4Tr21 4Lr38 4Lr18 3Lr35 4Ss5 4Lsr18	4Tr13	250	999993	exact
4Tr21 4Lr38 4Lr18 3Lr35 4Ss5 4S1	3Ir14	250	999995	exact
4Tr21 4Lr38 4Lr18 3Lr35 4Ss5 4Ss2	3Ir14	250	999995	exact
4Tr21 4Lr38 4Lr18 3Lr35 4Ss5 4Ss3	4S2	250	999993	exact
4Tr21 4Lr38 4Lr18 3Lr35 4Ss5 4Ss5	4Tr13	250	999995	exact
4Tr21 4Lr38 4Lr18 3Lr35 4Ss5 4Tr12	3Ir14	250	999993	exact
4Tr21 4Lr38 4Lr18 3Lr35 4Ss5 4Tr13	4Ssr12	250	999995	exact
4Tr21 4Lr38 4Lr18 3Lr35 4Ss5 4Tr15	4Tr13	250	999995	exact
4Tr21 4Lr38 4Lr18 3Lr35 4Ss5 4Tr31	3Ir14	250	999993	exact
4Tr21 4Lr38 4Lr18 3Lr36	4Ss6	10	999991	exact
4Tr21 4Lr38 4Lr18 3Lr36 4Ss6 11	4Lsr14	250	999997	exact
4Tr21 4Lr38 4Lr18 3Lr36 4Ss6 12	4Lsr14	250	999997	exact
4Tr21 4Lr38 4Lr18 3Lr36 4Ss6 13	4Lsr14	250	999997	exact
4Tr21 4Lr38 4Lr18 3Lr36 4Ss6 14	4Ls3	250	999997	exact
4Tr21 4Lr38 4Lr18 3Lr36 4Ss6 15	4S4	250	999997	exact
4Tr21 4Lr38 4Lr18 3Lr36 4Ss6 16	4Lsr14	250	999997	exact
4Tr21 4Lr38 4Lr18 3Lr36 4Ss6 17	4Lsr14	250	999997	exact
4Tr21 4Lr38 4Lr18 3Lr36 4Ss6 18	4Lsr14	250	999997	exact
4Tr21 4Lr38 4Lr18 3Lr36 4Ss6 19	4Lsr14	250	999997	exact
4Tr21 4Lr38 4Lr18 3Lr36 4Ss6 24	4Lr23	250	999997	exact
4Tr21 4Lr38 4Lr18 3Lr36 4Ss6 28	4Lsr14	250	999997	exact
4Tr21 4Lr38 4Lr18 3Lr36 4Ss6 2r11	4Lsr14	250	999997	exact
4Tr21 4Lr38 4Lr18 3Lr36 4Ss6 2r12	4Lsr14	250	999997	exact
4Tr21 4Lr38 4Lr18 3Lr36 4Ss6 2r13	4Lsr14	250	999997	exact
4Tr21 4Lr38 4Lr18 3Lr36 4Ss6 2r14	4Tr33	250	999995	exact
4Tr21 4Lr38 4Lr18 3Lr36 4Ss6 2r15	4Lsr34	250	999997	exact
4Tr21 4Lr38 4Lr18 3Lr36 4Ss6 2r16	4Lsr14	250	999997	exact
4Tr21 4Lr38 4Lr18 3Lr36 4Ss6 2r17	4Lsr14	250	999997	exact
4Tr21 4Lr38 4Lr18 3Lr36 4Ss6 2r18	4Lsr14	250	999997	exact
4Tr21 4Lr38 4Lr18 3Lr36 4Ss6 2r19	4Lsr14	250	999997	exact
4Tr21 4Lr38 4Lr18 3Lr36 4Ss6 3Ir11	4Lsr14	250	999997	exact
4Tr21 4Lr38 4Lr18 3Lr36 4Ss6 3Ir12	4Lsr14	250	999997	exact
4Tr21 4Lr38 4Lr18 3Lr36 4Ss6 3Ir13	4Lsr14	250	999997	exact
4Tr21 4Lr38 4Lr18 3Lr36 4Ss6 3Ir14	4Lsr33	250	999995	exact
4Tr21 4Lr38 4Lr18 3Lr36 4Ss6 3Ir15	3Ir15	250	999993	exact
4Tr21 4Lr38 4Lr18 3Lr36 4Ss6 3Ir16	4Lsr14	250	999997	exact
4Tr21 4Lr38 4Lr18 3Lr36 4Ss6 3Ir17	4Lsr14	250	999997	exact
4Tr21 4Lr38 4Lr18 3Lr36 4Ss6 3Ir18	4Lsr14	250	999997	exact
4Tr21 4Lr38 4Lr18 3Lr36 4Ss6 3Ir19	4Lsr14	250	999997	exact
4Tr21 4Lr38 4Lr18 3Lr36 4Ss6 3L1	4Lsr14	250	999997	exact
4Tr21 4Lr38 4Lr18 3Lr36 4Ss6 3L7	4Lsr14	250	999997	exact
4Tr21 4Lr38 4Lr18 3Lr36 4Ss6 3Lr12	4Lsr14	250	999997	exact
4Tr21 4Lr38 4Lr18 3Lr36 4Ss6 3Lr13	4Lr22	250	999995	exact
4Tr21 4Lr38 4Lr18 3Lr36 4Ss6 3Lr16	4Lsr14	250	999997	exact
4Tr21 4Lr38 4Lr18 3Lr36 4Ss6 3Lr24	4Tr34	250	999997	exact
4Tr21 4Lr38 4Lr18 3Lr36 4Ss6 3Lr28	4Lsr14	250	999997	exact
4Tr21 4Lr38 4Lr18 3Lr36 4Ss6 3Lr34	4Tr33	250	999995	exact
4Tr21 4Lr38 4Lr18 3Lr36 4Ss6 3Lr38	4Lsr14	250	999997	exact
4Tr21 4Lr38 4Lr18 3Lr36 4Ss6 4L7	4Lsr14	250	999997	exact
4Tr21 4Lr38 4Lr18 3Lr36 4Ss6 4Lr34	4Lsr33	250	999995	exact
4Tr21 4Lr38 4Lr18 3Lr36 4Ss6 4Lr38	4Lsr14	250	999997	exact
4Tr21 4Lr38 4Lr18 3Lr36 4Ss6 4Lsr14	4Lsr34	250	999997	exact
4Tr21 4Lr38 4Lr18 3Lr36 4Ss6 4Lsr18	4Lsr14	250	999997	exact
4Tr21 4Lr38 4Lr18 3Lr36 4Ss6 4S1	4Lsr14	250	999997	exact
4Tr21 4Lr38 4Lr18 3Lr36 4Ss6 4S7	4Lsr14	250	999997	exact
4Tr21 4Lr38 4Lr18 3Lr36 4Ss6 4Sr13	4Ls3	250	999997	exact
4Tr21 4Lr38 4Lr18 3Lr36 4Ss6 4Ss2	4Lsr14	250	999997	exact
4Tr21 4Lr38 4Lr18 3Lr36 4Ss6 4Ss3	4S2	250	999991	exact
4Tr21 4Lr38 4Lr18 3Lr36 4Ss6 4Ss6	4Lsr14	250	999997	exact
4Tr21 4Lr38 4Lr18 3Lr36 4Ss6 4T6	4Lsr14	250	999997	exact
4Tr21 4Lr38 4Lr18 3Lr36 4Ss6 4Tr12	4Lsr14	250	999997	exact
4Tr21 4Lr38 4Lr18 3Lr36 4Ss6 4Tr13	4Tr33	250	999995	exact
4Tr21 4Lr38 4Lr18 3Lr36 4Ss6 4Tr16	4Lsr14	250	999997	exact
4Tr21 4Lr38 4Lr18 3Lr36 4Ss6 4Tr31	4Lsr14	250	999997	exact
4Tr21 4Lr38 4Lr18 3Lr36 4Ss6 4Tr37	4Lsr14	250	999997	exact
4Tr21 4Lr38 4Lr18 3Lr38	4Tr13	14	999993	exact
4Tr21 4Lr38 4Lr18 3Lr38 4Tr13 11	3Ir14	250	999993	exact
4Tr21 4Lr38 4Lr18 3Lr38 4Tr13 12	3Ir14	250	999993	exact
4Tr21 4Lr38 4Lr18 3Lr38 4Tr13 13	3Ir14	250	999993	exact
4Tr21 4Lr38 4Lr18 3Lr38 4Tr13 14	3Ir17	250	999993	exact
4Tr21 4Lr38 4Lr18 3Lr38 4Tr13 15	3Ir14	250	999993	exact
4Tr21 4Lr38 4Lr18 3Lr38 4Tr13 16	3Ir14	250	999993	exact
4Tr21 4Lr38 4Lr18 3Lr38 4Tr13 17	3Ir17	250	999993	exact
4Tr21 4Lr38 4Lr18 3Lr38 4Tr13 18	3Ir14	250	999993	exact
4Tr21 4Lr38 4Lr18 3Lr38 4Tr13 19	3Ir14	250	999993	exact
4Tr21 4Lr38 4Lr18 3Lr38 4Tr13 22	3Ir14	250	999993	exact
4Tr21 4Lr38 4Lr18 3Lr38 4Tr13 25	3Ir14	250	999993	exact
4Tr21 4Lr38 4Lr18 3Lr38 4Tr13 26	3Ir14	250	999993	exact
4Tr21 4Lr38 4Lr18 3Lr38 4Tr13 2r11	3Ir14	250	999993	exact
4Tr21 4Lr38 4Lr18 3Lr38 4Tr13 2r12	3Ir14	250	999993	exact
4Tr21 4Lr38 4Lr18 3Lr38 4Tr13 2r13	3Ir14	250	999993	exact
4Tr21 4Lr38 4Lr18 3Lr38 4Tr13 2r14	3Ir17	250	999993	exact
4Tr21 4Lr38 4Lr18 3Lr38 4Tr13 2r15	3Ir14	250	999993	exact
4Tr21 4Lr38 4Lr18 3Lr38 4Tr13 2r16	3Ir14	250	999993	exact
4Tr21 4Lr38 4Lr18 3Lr38 4Tr13 2r17	3Ir14	250	999993	exact
4Tr21 4Lr38 4Lr18 3Lr38 4Tr13 2r18	3Ir14	250	999993	exact
4Tr21 4Lr38 4Lr18 3Lr38 4Tr13 2r19	3Ir17	250	999993	exact
4Tr21 4Lr38 4Lr18 3Lr38 4Tr13 3I5	3Ir14	250	999993	exact
4Tr21 4Lr38 4Lr18 3Lr38 4Tr13 3Ir11	3Ir17	250	999993	exact
4Tr21 4Lr38 4Lr18 3Lr38 4Tr13 3Ir12	3Ir17	250	999993	exact
4Tr21 4Lr38 4Lr18 3Lr38 4Tr13 3Ir13	3Ir17	250	999993	exact
4Tr21 4Lr38 4Lr18 3Lr38 4Tr13 3Ir14	3Ir17	250	999993	exact
4Tr21 4Lr38 4Lr18 3Lr38 4Tr13 3Ir15	4Lsr14	250	999993	exact
4Tr21 4Lr38 4Lr18 3Lr38 4Tr13 3Ir16	2r16	250	999993	exact
4Tr21 4Lr38 4Lr18 3Lr38 4Tr13 3Ir17	3Ir17	250	999993	exact
4Tr21 4Lr38 4Lr18 3Lr38 4Tr13 3Ir18	3Ir15	250	999993	exact
4Tr21 4Lr38 4Lr18 3Lr38 4Tr13 3Ir19	3Ir14	250	999993	exact
4Tr21 4Lr38 4Lr18 3Lr38 4Tr13 3L1	3Ir14	250	999993	exact
4Tr21 4Lr38 4Lr18 3Lr38 4Tr13 3L3	3Ir15	250	999993	exact
4Tr21 4Lr38 4Lr18 3Lr38 4Tr13 3Lr18	3Ir14	250	999993	exact
4Tr21 4Lr38 4Lr18 3Lr38 4Tr13 3Lr22	3Ir16	250	999993	exact
4Tr21 4Lr38 4Lr18 3Lr38 4Tr13 3Lr25	3Ir14	250	999993	exact
4Tr21 4Lr38 4Lr18 3Lr38 4Tr13 3Lr26	3Ir14	250	999993	exact
4Tr21 4Lr38 4Lr18 3Lr38 4Tr13 3Lr32	4Ss2	250	999993	exact
4Tr21 4Lr38 4Lr18 3Lr38 4Tr13 3Lr35	3Ir14	250	999993	exact
4Tr21 4Lr38 4Lr18 3Lr38 4Tr13 3Lr36	3Ir14	250	999993	exact
4Tr21 4Lr38 4Lr18 3Lr38 4Tr13 4L1	3Ir17	250	999993	exact
4Tr21 4Lr38 4Lr18 3Lr38 4Tr13 4Lr25	4S6	250	999993	exact
4Tr21 4Lr38 4Lr18 3Lr38 4Tr13 4Lr32	3Ir17	250	999993	exact
4Tr21 4Lr38 4Lr18 3Lr38 4Tr13 4Lr35	4Lsr14	250	999993	exact
4Tr21 4Lr38 4Lr18 3Lr38 4Tr13 4Lr36	3Ir14	250	999993	exact
4Tr21 4Lr38 4Lr18 3Lr38 4Tr13 4Lsr12	3Ir17	250	999993	exact
4Tr21 4Lr38 4Lr18 3Lr38 4Tr13 4Lsr15	3Ir16	250	999993	exact
4Tr21 4Lr38 4Lr18 3Lr38 4Tr13 4Lsr16	4Lsr36	250	999995	exact
4Tr21 4Lr38 4Lr18 3Lr38 4Tr13 4Lsr25	3Ir15	250	999993	exact
4Tr21 4Lr38 4Lr18 3Lr38 4Tr13 4S1	3Ir17	250	999993	exact
4Tr21 4Lr38 4Lr18 3Lr38 4Tr13 4S3	3Ir17	250	999993	exact
4Tr21 4Lr38 4Lr18 3Lr38 4Tr13 4Ss8	3Ir14	250	999993	exact
4Tr21 4Lr38 4Lr18 3Lr38 4Tr13 4Ssr12	4Lsr16	250	999993	exact
4Tr21 4Lr38 4Lr18 3Lr38 4Tr13 4Tr18	3Ir14	250	999993	exact
4Tr21 4Lr38 4Lr18 3Lr38 4Tr13 4Tr25	4S5	250	999993	exact
4Tr21 4Lr38 4Lr18 3Lr38 4Tr13 4Tr31	3Ir17	250	999993	exact
4Tr21 4Lr38 4Lr18 3Lr38 4Tr13 4Tr33	3Ir17	250	999993	exact
4Tr21 4Lr38 4Lr18 4Lr24	4Ssr14	3	999997	exact
4Tr21 4Lr38 4Lr18 4Lr24 4Ssr14 11	3Ir17	250	999997	exact
4Tr21 4Lr38 4Lr18 4Lr24 4Ssr14 12	3Ir17	250	999997	exact
4Tr21 4Lr38 4Lr18 4Lr24 4Ssr14 13	3Ir17	250	999997	exact
4Tr21 4Lr38 4Lr18 4Lr24 4Ssr14 14	3Ir17	250	999997	exact
4Tr21 4Lr38 4Lr18 4Lr24 4Ssr14 15	3Ir17	250	999997	exact
4Tr21 4Lr38 4Lr18 4Lr24 4Ssr14 16	3Ir17	250	999997	exact
4Tr21 4Lr38 4Lr18 4Lr24 4Ssr14 17	3Ir17	250	999997	exact
4Tr21 4Lr38 4Lr18 4Lr24 4Ssr14 18	3Ir17	250	999997	exact
4Tr21 4Lr38 4Lr18 4Lr24 4Ssr14 19	3Ir17	250	999997	exact
4Tr21 4Lr38 4Lr18 4Lr24 4Ssr14 25	3Ir17	250	999997	exact
4Tr21 4Lr38 4Lr18 4Lr24 4Ssr14 28	3Ir17	250	999997	exact
4Tr21 4Lr38 4Lr18 4Lr24 4Ssr14 2r11	3Ir17	250	999997	exact
4Tr21 4Lr38 4Lr18 4Lr24 4Ssr14 2r12	3Ir17	250	999997	exact
4Tr21 4Lr38 4Lr18 4Lr24 4Ssr14 2r13	3Ir17	250	999997	exact
4Tr21 4Lr38 4Lr18 4Lr24 4Ssr14 2r14	3Ir17	250	999997	exact
4Tr21 4Lr38 4Lr18 4Lr24 4Ssr14 2r15	3Ir17	250	999997	exact
4Tr21 4Lr38 4Lr18 4Lr24 4Ssr14 2r16	3Ir17	250	999997	exact
4Tr21 4Lr38 4Lr18 4Lr24 4Ssr14 2r17	3Ir17	250	999997	exact
4Tr21 4Lr38 4Lr18 4Lr24 4Ssr14 2r18	3Ir17	250	999997	exact
4Tr21 4Lr38 4Lr18 4Lr24 4Ssr14 2r19	3Ir17	250	999997	exact
4Tr21 4Lr38 4Lr18 4Lr24 4Ssr14 3Ir11	3Ir17	250	999997	exact
4Tr21 4Lr38 4Lr18 4Lr24 4Ssr14 3Ir12	3Ir17	250	999997	exact
4Tr21 4Lr38 4Lr18 4Lr24 4Ssr14 3Ir13	3Ir17	250	999997	exact
4Tr21 4Lr38 4Lr18 4Lr24 4Ssr14 3Ir14	3Ir17	250	999997	exact
4Tr21 4Lr38 4Lr18 4Lr24 4Ssr14 3Ir15	3Ir17	250	999997	exact
4Tr21 4Lr38 4Lr18 4Lr24 4Ssr14 3Ir16	3Ir17	250	999997	exact
4Tr21 4Lr38 4Lr18 4Lr24 4Ssr14 3Ir17	3Ir17	250	999997	exact
4Tr21 4Lr38 4Lr18 4Lr24 4Ssr14 3Ir18	3Ir17	250	999997	exact
4Tr21 4Lr38 4Lr18 4Lr24 4Ssr14 3Ir19	3Ir17	250	999997	exact
4Tr21 4Lr38 4Lr18 4Lr24 4Ssr14 3L1	3Ir17	250	999997	exact
4Tr21 4Lr38 4Lr18 4Lr24 4Ssr14 3L3	3Ir17	250	999997	exact
4Tr21 4Lr38 4Lr18 4Lr24 4Ssr14 3L4	3Ir17	250	999997	exact
4Tr21 4Lr38 4Lr18 4Lr24 4Ssr14 3Lr12	3Ir17	250	999997	exact
4Tr21 4Lr38 4Lr18 4Lr24 4Ssr14 3Lr25	3Ir17	250	999997	exact
4Tr21 4Lr38 4Lr18 4Lr24 4Ssr14 3Lr28	3Ir17	250	999997	exact
4Tr21 4Lr38 4Lr18 4Lr24 4Ssr14 3Lr35	3Ir17	250	999997	exact
4Tr21 4Lr38 4Lr18 4Lr24 4Ssr14 3Lr38	3Ir17	250	999997	exact
4Tr21 4Lr38 4Lr18 4Lr24 4Ssr14 4S1	3Ir17	250	999997	exact
4Tr21 4Lr38 4Lr18 4Lr24 4Ssr14 4S3	3Ir17	250	999997	exact
4Tr21 4Lr38 4Lr18 4Lr24 4Ssr14 4S4	3Ir17	250	999997	exact
4Tr21 4Lr38 4Lr18 4Lr24 4Ssr14 4Ss2	3Ir17	250	999997	exact
4Tr21 4Lr38 4Lr18 4Lr24 4Ssr14 4T2	3Ir17	250	999997	exact
4Tr21 4Lr38 4Lr18 4Lr24 4Ssr14 4Tr12	3Ir17	250	999997	exact
4Tr21 4Lr38 4Lr18 4Lr24 4Ssr14 4Tr31	3Ir17	250	999997	exact
4Tr21 4Lr38 4Lr18 4Lr24 4Ssr14 4Tr33	3Ir17	250	999997	exact
4Tr21 4Lr38 4Lr18 4Lr24 4Ssr14 4Tr34	3Ir17	250	999997	exact
4Tr21 4Lr38 4Lr18 4Lr25	4Ssr15	13	999993	exact
4Tr21 4Lr38 4Lr18 4Lr25 4Ssr15 11	3Ir12	250	999993	exact
4Tr21 4Lr38 4Lr18 4Lr25 4Ssr15 12	3Lr13	250	999997	exact
4Tr21 4Lr38 4Lr18 4Lr25 4Ssr15 13	3Ir12	250	999993	exact
4Tr21 4Lr38 4Lr18 4Lr25 4Ssr15 14	4Sr12	250	999997	exact
4Tr21 4Lr38 4Lr18 4Lr25 4Ssr15 15	3Ir12	250	999993	exact
4Tr21 4Lr38 4Lr18 4Lr25 4Ssr15 16	3Ir12	250	999993	exact
4Tr21 4Lr38 4Lr18 4Lr25 4Ssr15 17	3Ir12	250	999993	exact
4Tr21 4Lr38 4Lr18 4Lr25 4Ssr15 18	3Ir12	250	999993	exact
4Tr21 4Lr38 4Lr18 4Lr25 4Ssr15 19	3Ir12	250	999993	exact
4Tr21 4Lr38 4Lr18 4Lr25 4Ssr15 26	3Ir12	250	999993	exact
4Tr21 4Lr38 4Lr18 4Lr25 4Ssr15 28	3Ir12	250	999993	exact
4Tr21 4Lr38 4Lr18 4Lr25 4Ssr15 2r11	3Ir12	250	999993	exact
4Tr21 4Lr38 4Lr18 4Lr25 4Ssr15 2r12	4Lsr34	250	999997	exact
4Tr21 4Lr38 4Lr18 4Lr25 4Ssr15 2r13	4Lsr34	250	999997	exact
4Tr21 4Lr38 4Lr18 4Lr25 4Ssr15 2r14	4Ss2	250	999993	exact
4Tr21 4Lr38 4Lr18 4Lr25 4Ssr15 2r15	4Ss3	250	999997	exact
4Tr21 4Lr38 4Lr18 4Lr25 4Ssr15 2r16	3Ir12	250	999993	exact
4Tr21 4Lr38 4Lr18 4Lr25 4Ssr15 2r17	4Lsr34	250	999997	exact
4Tr21 4Lr38 4Lr18 4Lr25 4Ssr15 2r18	4Lsr34	250	999997	exact
4Tr21 4Lr38 4Lr18 4Lr25 4Ssr15 2r19	4Lsr34	250	999997	exact
4Tr21 4Lr38 4Lr18 4Lr25 4Ssr15 3Ir11	4Lsr34	250	999997	exact
4Tr21 4Lr38 4Lr18 4Lr25 4Ssr15 3Ir12	4Lsr34	250	999997	exact
4Tr21 4Lr38 4Lr18 4Lr25 4Ssr15 3Ir13	4Lsr34	250	999997	exact
4Tr21 4Lr38 4Lr18 4Lr25 4Ssr15 3Ir14	4Lsr33	250	999993	exact
4Tr21 4Lr38 4Lr18 4Lr25 4Ssr15 3Ir15	3Lr13	250	999997	exact
4Tr21 4Lr38 4Lr18 4Lr25 4Ssr15 3Ir16	4Lsr34	250	999997	exact
4Tr21 4Lr38 4Lr18 4Lr25 4Ssr15 3Ir17	3Lr13	250	999997	exact
4Tr21 4Lr38 4Lr18 4Lr25 4Ssr15 3Ir18	4Lsr34	250	999997	exact
4Tr21 4Lr38 4Lr18 4Lr25 4Ssr15 3Ir19	4Lsr34	250	999997	exact
4Tr21 4Lr38 4Lr18 4Lr25 4Ssr15 3L1	4Lsr34	250	999997	exact
4Tr21 4Lr38 4Lr18 4Lr25 4Ssr15 3L5	4Ss3	250	999997	exact
4Tr21 4Lr38 4Lr18 4Lr25 4Ssr15 3L7	4Lsr34	250	999997	exact
4Tr21 4Lr38 4Lr18 4Lr25 4Ssr15 3Lr12	4Lsr34	250	999997	exact
4Tr21 4Lr38 4Lr18 4Lr25 4Ssr15 3Lr13	4Lsr13	250	999997	exact
4Tr21 4Lr38 4Lr18 4Lr25 4Ssr15 3Lr26	4Lsr34	250	999997	exact
4Tr21 4Lr38 4Lr18 4Lr25 4Ssr15 3Lr28	4Lsr34	250	999997	exact
4Tr21 4Lr38 4Lr18 4Lr25 4Ssr15 3Lr36	4Lsr34	250	999997	exact
4Tr21 4Lr38 4Lr18 4Lr25 4Ssr15 3Lr38	4Lsr34	250	999997	exact
4Tr21 4Lr38 4Lr18 4Lr25 4Ssr15 4S1	3Lr13	250	999997	exact
4Tr21 4Lr38 4Lr18 4Lr25 4Ssr15 4S5	3Lr13	250	999997	exact
4Tr21 4Lr38 4Lr18 4Lr25 4Ssr15 4S7	3Lr13	250	999997	exact
4Tr21 4Lr38 4Lr18 4Lr25 4Ssr15 4Ss2	4Lsr34	250	999997	exact
4Tr21 4Lr38 4Lr18 4Lr25 4Ssr15 4Ss3	4S2	250	999993	exact
4Tr21 4Lr38 4Lr18 4Lr25 4Ssr15 4Ssr16	4Lsr34	250	999997	exact
4Tr21 4Lr38 4Lr18 4Lr25 4Ssr15 4Tr12	4Lsr34	250	999997	exact
4Tr21 4Lr38 4Lr18 4Lr25 4Ssr15 4Tr13	4Ssr12	250	999993	exact
4Tr21 4Lr38 4Lr18 4Lr25 4Ssr15 4Tr31	3Lr13	250	999997	exact
4Tr21 4Lr38 4Lr18 4Lr25 4Ssr15 4Tr35	3Lr13	250	999997	exact
4Tr21 4Lr38 4Lr18 4Lr25 4Ssr15 4Tr37	3Lr13	250	999997	exact
4Tr21 4Lr38 4Lr18 4Lr34	4Lsr33	11	999991	exact
4Tr21 4Lr38 4Lr18 4Lr34 4Lsr33 11	4Ss5	250	999995	exact
4Tr21 4Lr38 4Lr18 4Lr34 4Lsr33 12	4Ss5	250	999995	exact
4Tr21 4Lr38 4Lr18 4Lr34 4Lsr33 13	3Ir14	250	999991	exact
4Tr21 4Lr38 4Lr18 4Lr34 4Lsr33 14	4Ss5	250	999995	exact
4Tr21 4Lr38 4Lr18 4Lr34 4Lsr33 15	3Ir15	250	999991	exact
4Tr21 4Lr38 4Lr18 4Lr34 4Lsr33 16	3Lr35	250	999995	exact
4Tr21 4Lr38 4Lr18 4Lr34 4Lsr33 17	3Ir14	250	999991	exact
4Tr21 4Lr38 4Lr18 4Lr34 4Lsr33 18	4Ss5	250	999995	exact
4Tr21 4Lr38 4Lr18 4Lr34 4Lsr33 19	4Ss5	250	999995	exact
4Tr21 4Lr38 4Lr18 4Lr34 4Lsr33 23	4Ss5	250	999995	exact
4Tr21 4Lr38 4Lr18 4Lr34 4Lsr33 26	3Ir14	250	999991	exact
4Tr21 4Lr38 4Lr18 4Lr34 4Lsr33 28	4Ss5	250	999995	exact
4Tr21 4Lr38 4Lr18 4Lr34 4Lsr33 2r11	4Ss5	250	999993	exact
4Tr21 4Lr38 4Lr18 4Lr34 4Lsr33 2r12	4Ss5	250	999993	exact
4Tr21 4Lr38 4Lr18 4Lr34 4Lsr33 2r13	4Ss5	250	999995	exact
4Tr21 4Lr38 4Lr18 4Lr34 4Lsr33 2r14	4Ss5	250	999991	exact
4Tr21 4Lr38 4Lr18 4Lr34 4Lsr33 2r15	4Ss4	250	999991	exact
4Tr21 4Lr38 4Lr18 4Lr34 4Lsr33 2r16	3Ir14	250	999991	exact
4Tr21 4Lr38 4Lr18 4Lr34 4Lsr33 2r17	4Ss5	250	999991	exact
4Tr21 4Lr38 4Lr18 4Lr34 4Lsr33 2r18	4Ss5	250	999995	exact
4Tr21 4Lr38 4Lr18 4Lr34 4Lsr33 2r19	4Ss5	250	999993	exact
4Tr21 4Lr38 4Lr18 4Lr34 4Lsr33 3Ir11	4Ss5	250	999993	exact
4Tr21 4Lr38 4Lr18 4Lr34 4Lsr33 3Ir12	4Sr12	250	999993	exact
4Tr21 4Lr38 4Lr18 4Lr34 4Lsr33 3Ir13	4Ss5	250	999995	exact
4Tr21 4Lr38 4Lr18 4Lr34 4Lsr33 3Ir14	4Ss5	250	999995	exact
4Tr21 4Lr38 4Lr18 4Lr34 4Lsr33 3Ir15	4Tr23	250	999991	exact
4Tr21 4Lr38 4Lr18 4Lr34 4Lsr33 3Ir16	3Ir14	250	999991	exact
4Tr21 4Lr38 4Lr18 4Lr34 4Lsr33 3Ir17	4S7	250	999991	exact
4Tr21 4Lr38 4Lr18 4Lr34 4Lsr33 3Ir18	4Ss5	250	999995	exact
4Tr21 4Lr38 4Lr18 4Lr34 4Lsr33 3Ir19	4Ss5	250	999993	exact
4Tr21 4Lr38 4Lr18 4Lr34 4Lsr33 3L1	4Ss5	250	999993	exact
4Tr21 4Lr38 4Lr18 4Lr34 4Lsr33 3Lr15	3Lr35	250	999993	exact
4Tr21 4Lr38 4Lr18 4Lr34 4Lsr33 3Lr23	4Ss5	250	999995	exact
4Tr21 4Lr38 4Lr18 4Lr34 4Lsr33 3Lr26	4S6	250	999995	exact
4Tr21 4Lr38 4Lr18 4Lr34 4Lsr33 3Lr28	4Ss5	250	999995	exact
4Tr21 4Lr38 4Lr18 4Lr34 4Lsr33 3Lr33	4Ss5	250	999995	exact
4Tr21 4Lr38 4Lr18 4Lr34 4Lsr33 3Lr36	4S5	250	999995	exact
4Tr21 4Lr38 4Lr18 4Lr34 4Lsr33 3Lr38	4Ss5	250	999995	exact
4Tr21 4Lr38 4Lr18 4Lr34 4Lsr33 4S1	4Ss5	250	999995	exact
4Tr21 4Lr38 4Lr18 4Lr34 4Lsr33 4Sr15	3Lr25	250	999995	exact
4Tr21 4Lr38 4Lr18 4Lr34 4Lsr33 4Ss5	4Ss5	250	999995	exact
4Tr21 4Lr38 4Lr18 4Lr34 4Lsr33 4Tr15	4S5	250	999991	exact
4Tr21 4Lr38 4Lr18 4Lr34 4Lsr33 4Tr31	4Ss5	250	999993	exact
4Tr21 4Lr38 4Lr18 4Lr35	4Lr15	19	999987	exact
4Tr21 4Lr38 4Lr18 4Lr35 4Lr15 11	3Ir14	250	999995	exact
4Tr21 4Lr38 4Lr18 4Lr35 4Lr15 12	3Ir14	250	999995	exact
4Tr21 4Lr38 4Lr18 4Lr35 4Lr15 13	3Ir14	250	999995	exact
4Tr21 4Lr38 4Lr18 4Lr35 4Lr15 14	3Ir14	250	999995	exact
4Tr21 4Lr38 4Lr18 4Lr35 4Lr15 15	3Ir14	250	999995	exact
4Tr21 4Lr38 4Lr18 4Lr35 4Lr15 16	4Tr13	250	999995	exact
4Tr21 4Lr38 4Lr18 4Lr35 4Lr15 17	4Tr13	250	999995	exact
4Tr21 4Lr38 4Lr18 4Lr35 4Lr15 18	4Tr13	250	999995	exact
4Tr21 4Lr38 4Lr18 4Lr35 4Lr15 19	4Tr13	250	999995	exact
4Tr21 4Lr38 4Lr18 4Lr35 4Lr15 25	3Ir14	250	999995	exact
4Tr21 4Lr38 4Lr18 4Lr35 4Lr15 28	4Tr13	250	999993	exact
4Tr21 4Lr38 4Lr18 4Lr35 4Lr15 2r11	3Ir14	250	999995	exact
4Tr21 4Lr38 4Lr18 4Lr35 4Lr15 2r12	4Tr13	250	999995	exact
4Tr21 4Lr38 4Lr18 4Lr35 4Lr15 2r13	3Ir14	250	999995	exact
4Tr21 4Lr38 4Lr18 4Lr35 4Lr15 2r14	4T2	250	999995	exact
4Tr21 4Lr38 4Lr18 4Lr35 4Lr15 2r15	3Ir14	250	999995	exact
4Tr21 4Lr38 4Lr18 4Lr35 4Lr15 2r16	3Ir14	250	999995	exact
4Tr21 4Lr38 4Lr18 4Lr35 4Lr15 2r17	3Ir14	250	999993	exact
4Tr21 4Lr38 4Lr18 4Lr35 4Lr15 2r18	3Ir14	250	999995	exact
4Tr21 4Lr38 4Lr18 4Lr35 4Lr15 2r19	4Tr13	250	999995	exact
4Tr21 4Lr38 4Lr18 4Lr35 4Lr15 3Ir11	4Tr13	250	999993	exact
4Tr21 4Lr38 4Lr18 4Lr35 4Lr15 3Ir12	3Ir14	250	999995	exact
4Tr21 4Lr38 4Lr18 4Lr35 4Lr15 3Ir13	3Ir14	250	999995	exact
4Tr21 4Lr38 4Lr18 4Lr35 4Lr15 3Ir14	4S4	250	999987	exact
4Tr21 4Lr38 4Lr18 4Lr35 4Lr15 3Ir15	4Tr13	250	999995	exact
4Tr21 4Lr38 4Lr18 4Lr35 4Lr15 3Ir16	3Ir14	250	999995	exact
4Tr21 4Lr38 4Lr18 4Lr35 4Lr15 3Ir17	4Tr37	250	999987	exact
4Tr21 4Lr38 4Lr18 4Lr35 4Lr15 3Ir18	4Tr13	250	999995	exact
4Tr21 4Lr38 4Lr18 4Lr35 4Lr15 3Ir19	4Tr13	250	999995	exact
4Tr21 4Lr38 4Lr18 4Lr35 4Lr15 3L1	3Ir14	250	999995	exact
4Tr21 4Lr38 4Lr18 4Lr35 4Lr15 3Lr12	3Ir14	250	999995	exact
4Tr21 4Lr38 4Lr18 4Lr35 4Lr15 3Lr13	3I2	250	999995	exact
4Tr21 4Lr38 4Lr18 4Lr35 4Lr15 3Lr25	3Ir14	250	999995	exact
4Tr21 4Lr38 4Lr18 4Lr35 4Lr15 3Lr28	4Tr13	250	999995	exact
4Tr21 4Lr38 4Lr18 4Lr35 4Lr15 3Lr35	4Tr13	250	999995	exact
4Tr21 4Lr38 4Lr18 4Lr35 4Lr15 3Lr38	4Tr13	250	999995	exact
4Tr21 4Lr38 4Lr18 4Lr35 4Lr15 4S1	3Ir14	250	999995	exact
4Tr21 4Lr38 4Lr18 4Lr35 4Lr15 4Ss2	3Ir14	250	999995	exact
4Tr21 4Lr38 4Lr18 4Lr35 4Lr15 4Ss3	4S2	250	999987	exact
4Tr21 4Lr38 4Lr18 4Lr35 4Lr15 4Tr12	3Ir14	250	999995	exact
4Tr21 4Lr38 4Lr18 4Lr35 4Lr15 4Tr13	4Ssr12	250	999995	exact
4Tr21 4Lr38 4Lr18 4Lr35 4Lr15 4Tr31	3Ir14	250	999995	exact
4Tr21 4Lr38 4Lr18 4Lr36	16	12	999989	exact
4Tr21 4Lr38 4Lr18 4Lr36 16 11	4Lsr14	250	999995	exact
4Tr21 4Lr38 4Lr18 4Lr36 16 12	4Lsr14	250	999995	exact
4Tr21 4Lr38 4Lr18 4Lr36 16 13	4Lsr14	250	999991	exact
4Tr21 4Lr38 4Lr18 4Lr36 16 14	4Tr14	250	999995	exact
4Tr21 4Lr38 4Lr18 4Lr36 16 15	4S4	250	999995	exact
4Tr21 4Lr38 4Lr18 4Lr36 16 16	4Lsr14	250	999993	exact
4Tr21 4Lr38 4Lr18 4Lr36 16 17	4Lsr14	250	999991	exact
4Tr21 4Lr38 4Lr18 4Lr36 16 18	4Lsr14	250	999995	exact
4Tr21 4Lr38 4Lr18 4Lr36 16 19	4Lsr14	250	999995	exact
4Tr21 4Lr38 4Lr18 4Lr36 16 24	4Lr23	250	999995	exact
4Tr21 4Lr38 4Lr18 4Lr36 16 28	4Lsr14	250	999993	exact
4Tr21 4Lr38 4Lr18 4Lr36 16 2r11	4Lsr14	250	999995	exact
4Tr21 4Lr38 4Lr18 4Lr36 16 2r12	4Lsr14	250	999995	exact
4Tr21 4Lr38 4Lr18 4Lr36 16 2r13	4Lsr14	250	999993	exact
4Tr21 4Lr38 4Lr18 4Lr36 16 2r14	4S3	250	999991	exact
4Tr21 4Lr38 4Lr18 4Lr36 16 2r15	4Lsr34	250	999995	exact
4Tr21 4Lr38 4Lr18 4Lr36 16 2r16	4Lsr14	250	999995	exact
4Tr21 4Lr38 4Lr18 4Lr36 16 2r17	3Ir17	250	999991	exact
4Tr21 4Lr38 4Lr18 4Lr36 16 2r18	4Lsr14	250	999995	exact
4Tr21 4Lr38 4Lr18 4Lr36 16 2r19	4Lsr14	250	999995	exact
4Tr21 4Lr38 4Lr18 4Lr36 16 3Ir11	4Lsr14	250	999995	exact
4Tr21 4Lr38 4Lr18 4Lr36 16 3Ir12	4Lsr14	250	999995	exact
4Tr21 4Lr38 4Lr18 4Lr36 16 3Ir13	4Lsr14	250	999995	exact
4Tr21 4Lr38 4Lr18 4Lr36 16 3Ir14	4Lsr33	250	999989	exact
4Tr21 4Lr38 4Lr18 4Lr36 16 3Ir15	4S5	250	999991	exact
4Tr21 4Lr38 4Lr18 4Lr36 16 3Ir16	4Lsr14	250	999995	exact
4Tr21 4Lr38 4Lr18 4Lr36 16 3Ir17	4Tr27	250	999991	exact
4Tr21 4Lr38 4Lr18 4Lr36 16 3Ir18	4Lsr14	250	999993	exact
4Tr21 4Lr38 4Lr18 4Lr36 16 3Ir19	4Lsr14	250	999995	exact
4Tr21 4Lr38 4Lr18 4Lr36 16 3L1	4Lsr14	250	999991	exact
4Tr21 4Lr38 4Lr18 4Lr36 16 3Lr12	4Lsr14	250	999995	exact
4Tr21 4Lr38 4Lr18 4Lr36 16 3Lr13	4Tr22	250	999991	exact
4Tr21 4Lr38 4Lr18 4Lr36 16 3Lr24	4Ssr13	250	999995	exact
4Tr21 4Lr38 4Lr18 4Lr36 16 3Lr28	4Lsr14	250	999995	exact
4Tr21 4Lr38 4Lr18 4Lr36 16 3Lr34	4T2	250	999991	exact
4Tr21 4Lr38 4Lr18 4Lr36 16 3Lr38	4Lsr14	250	999995	exact
4Tr21 4Lr38 4Lr18 4Lr36 16 4S1	4Lsr14	250	999995	exact
4Tr21 4Lr38 4Lr18 4Lr36 16 4Sr13	4Tr22	250	999991	exact
4Tr21 4Lr38 4Lr18 4Lr36 16 4Ss2	4Lsr14	250	999995	exact
4Tr21 4Lr38 4Lr18 4Lr36 16 4Ss3	4S2	250	999989	exact
4Tr21 4Lr38 4Lr18 4Lr36 16 4Tr12	4Lsr14	250	999995	exact
4Tr21 4Lr38 4Lr18 4Lr36 16 4Tr13	4Ssr12	250	999993	exact
4Tr21 4Lr38 4Lr18 4Lr36 16 4Tr31	4Lsr14	250	999995	exact
4Tr21 4Lr38 4Lr18 4Lr38	4Lr24	3	999997	exact
4Tr21 4Lr38 4Lr18 4Lr38 4Lr24 11	3Ir17	250	999997	exact
4Tr21 4Lr38 4Lr18 4Lr38 4Lr24 12	3Ir17	250	999997	exact
4Tr21 4Lr38 4Lr18 4Lr38 4Lr24 13	3Ir17	250	999997	exact
4Tr21 4Lr38 4Lr18 4Lr38 4Lr24 14	3Ir17	250	999997	exact
4Tr21 4Lr38 4Lr18 4Lr38 4Lr24 15	3Ir17	250	999997	exact
4Tr21 4Lr38 4Lr18 4Lr38 4Lr24 16	3Ir17	250	999997	exact
4Tr21 4Lr38 4Lr18 4Lr38 4Lr24 17	3Ir17	250	999997	exact
4Tr21 4Lr38 4Lr18 4Lr38 4Lr24 18	3Ir17	250	999997	exact
4Tr21 4Lr38 4Lr18 4Lr38 4Lr24 19	3Ir17	250	999997	exact
4Tr21 4Lr38 4Lr18 4Lr38 4Lr24 23	3Ir17	250	999997	exact
4Tr21 4Lr38 4Lr18 4Lr38 4Lr24 24	3Ir17	250	999997	exact
4Tr21 4Lr38 4Lr18 4Lr38 4Lr24 2r11	3Ir17	250	999997	exact
4Tr21 4Lr38 4Lr18 4Lr38 4Lr24 2r12	3Ir17	250	999997	exact
4Tr21 4Lr38 4Lr18 4Lr38 4Lr24 2r13	3Ir17	250	999997	exact
4Tr21 4Lr38 4Lr18 4Lr38 4Lr24 2r14	3Ir17	250	999997	exact
4Tr21 4Lr38 4Lr18 4Lr38 4Lr24 2r15	3Ir17	250	999997	exact
4Tr21 4Lr38 4Lr18 4Lr38 4Lr24 2r16	3Ir17	250	999997	exact
4Tr21 4Lr38 4Lr18 4Lr38 4Lr24 2r17	3Ir17	250	999997	exact
4Tr21 4Lr38 4Lr18 4Lr38 4Lr24 2r18	3Ir17	250	999997	exact
4Tr21 4Lr38 4Lr18 4Lr38 4Lr24 2r19	3Ir17	250	999997	exact
4Tr21 4Lr38 4Lr18 4Lr38 4Lr24 3I3	3Ir17	250	999997	exact
4Tr21 4Lr38 4Lr18 4Lr38 4Lr24 3Ir11	3Ir17	250	999997	exact
4Tr21 4Lr38 4Lr18 4Lr38 4Lr24 3Ir12	3Ir17	250	999997	exact
4Tr21 4Lr38 4Lr18 4Lr38 4Lr24 3Ir13	3Ir17	250	999997	exact
4Tr21 4Lr38 4Lr18 4Lr38 4Lr24 3Ir14	3Ir17	250	999997	exact
4Tr21 4Lr38 4Lr18 4Lr38 4Lr24 3Ir15	3Ir17	250	999997	exact
4Tr21 4Lr38 4Lr18 4Lr38 4Lr24 3Ir16	3Ir17	250	999997	exact
4Tr21 4Lr38 4Lr18 4Lr38 4Lr24 3Ir17	4S6	250	999997	exact
4Tr21 4Lr38 4Lr18 4Lr38 4Lr24 3Ir19	3Ir17	250	999997	exact
4Tr21 4Lr38 4Lr18 4Lr38 4Lr24 3L1	3Ir17	250	999997	exact
4Tr21 4Lr38 4Lr18 4Lr38 4Lr24 3L5	3Ir17	250	999997	exact
4Tr21 4Lr38 4Lr18 4Lr38 4Lr24 3Lr12	3Ir17	250	999997	exact
4Tr21 4Lr38 4Lr18 4Lr38 4Lr24 3Lr23	3Ir17	250	999997	exact
4Tr21 4Lr38 4Lr18 4Lr38 4Lr24 3Lr24	3Ir17	250	999997	exact
4Tr21 4Lr38 4Lr18 4Lr38 4Lr24 3Lr33	3Ir17	250	999997	exact
4Tr21 4Lr38 4Lr18 4Lr38 4Lr24 3Lr34	3Ir17	250	999997	exact
4Tr21 4Lr38 4Lr18 4Lr38 4Lr24 4S1	3Ir17	250	999997	exact
4Tr21 4Lr38 4Lr18 4Lr38 4Lr24 4S5	3Ir17	250	999997	exact
4Tr21 4Lr38 4Lr18 4Lr38 4Lr24 4Sr12	3Ir17	250	999997	exact
4Tr21 4Lr38 4Lr18 4Lr38 4Lr24 4Ss2	3Ir17	250	999997	exact
4Tr21 4Lr38 4Lr18 4Lr38 4Lr24 4Ssr14	3Ir17	250	999997	exact
4Tr21 4Lr38 4Lr18 4Lr38 4Lr24 4Tr12	3Ir17	250	999997	exact
4Tr21 4Lr38 4Lr18 4Lr38 4Lr24 4Tr23	3Ir17	250	999997	exact
4Tr21 4Lr38 4Lr18 4Lr38 4Lr24 4Tr31	3Ir17	250	999997	exact
4Tr21 4Lr38 4Lr18 4Lr38 4Lr24 4Tr35	3Ir17	250	999997	exact
4Tr21 4Lr38 4Lr18 4Lsr14	4Lsr34	6	999995	exact
4Tr21 4Lr38 4Lr18 4Lsr14 4Lsr34 11	3Ir17	250	999995	exact
4Tr21 4Lr38 4Lr18 4Lsr14 4Lsr34 12	3Ir17	250	999995	exact
4Tr21 4Lr38 4Lr18 4Lsr14 4Lsr34 13	3Ir17	250	999995	exact
4Tr21 4Lr38 4Lr18 4Lsr14 4Lsr34 14	3Ir17	250	999995	exact
4Tr21 4Lr38 4Lr18 4Lsr14 4Lsr34 15	3Ir17	250	999995	exact
4Tr21 4Lr38 4Lr18 4Lsr14 4Lsr34 16	3Ir17	250	999995	exact
4Tr21 4Lr38 4Lr18 4Lsr14 4Lsr34 17	3Ir17	250	999995	exact
4Tr21 4Lr38 4Lr18 4Lsr14 4Lsr34 18	3Ir17	250	999995	exact
4Tr21 4Lr38 4Lr18 4Lsr14 4Lsr34 19	3Ir17	250	999995	exact
4Tr21 4Lr38 4Lr18 4Lsr14 4Lsr34 24	3Ir16	250	999995	exact
4Tr21 4Lr38 4Lr18 4Lsr14 4Lsr34 26	3Ir17	250	999995	exact
4Tr21 4Lr38 4Lr18 4Lsr14 4Lsr34 28	3Ir17	250	999995	exact
4Tr21 4Lr38 4Lr18 4Lsr14 4Lsr34 2r11	3Ir16	250	999995	exact
4Tr21 4Lr38 4Lr18 4Lsr14 4Lsr34 2r12	3Ir17	250	999995	exact
4Tr21 4Lr38 4Lr18 4Lsr14 4Lsr34 2r13	3Ir17	250	999995	exact
4Tr21 4Lr38 4Lr18 4Lsr14 4Lsr34 2r14	3Ir16	250	999995	exact
4Tr21 4Lr38 4Lr18 4Lsr14 4Lsr34 2r15	3Ir16	250	999995	exact
4Tr21 4Lr38 4Lr18 4Lsr14 4Lsr34 2r16	3Ir16	250	999995	exact
4Tr21 4Lr38 4Lr18 4Lsr14 4Lsr34 2r17	3Ir17	250	999995	exact
4Tr21 4Lr38 4Lr18 4Lsr14 4Lsr34 2r18	3Ir16	250	999995	exact
4Tr21 4Lr38 4Lr18 4Lsr14 4Lsr34 2r19	3Ir17	250	999995	exact
4Tr21 4Lr38 4Lr18 4Lsr14 4Lsr34 3Ir11	3Ir16	250	999995	exact
4Tr21 4Lr38 4Lr18 4Lsr14 4Lsr34 3Ir12	3Ir17	250	999995	exact
4Tr21 4Lr38 4Lr18 4Lsr14 4Lsr34 3Ir13	3Ir17	250	999995	exact
4Tr21 4Lr38 4Lr18 4Lsr14 4Lsr34 3Ir14	3Ir16	250	999995	exact
4Tr21 4Lr38 4Lr18 4Lsr14 4Lsr34 3Ir15	3Ir16	250	999995	exact
4Tr21 4Lr38 4Lr18 4Lsr14 4Lsr34 3Ir16	3Ir16	250	999995	exact
4Tr21 4Lr38 4Lr18 4Lsr14 4Lsr34 3Ir17	4S7	250	999995	exact
4Tr21 4Lr38 4Lr18 4Lsr14 4Lsr34 3Ir18	3Ir16	250	999995	exact
4Tr21 4Lr38 4Lr18 4Lsr14 4Lsr34 3Ir19	3Ir16	250	999995	exact
4Tr21 4Lr38 4Lr18 4Lsr14 4Lsr34 3L1	3Ir16	250	999995	exact
4Tr21 4Lr38 4Lr18 4Lsr14 4Lsr34 3Lr12	3Ir16	250	999995	exact
4Tr21 4Lr38 4Lr18 4Lsr14 4Lsr34 3Lr24	3Ir16	250	999995	exact
4Tr21 4Lr38 4Lr18 4Lsr14 4Lsr34 3Lr26	4S6	250	999997	exact
4Tr21 4Lr38 4Lr18 4Lsr14 4Lsr34 3Lr28	3Ir16	250	999995	exact
4Tr21 4Lr38 4Lr18 4Lsr14 4Lsr34 3Lr34	3Ir16	250	999995	exact
4Tr21 4Lr38 4Lr18 4Lsr14 4Lsr34 3Lr36	3Ir15	250	999995	exact
4Tr21 4Lr38 4Lr18 4Lsr14 4Lsr34 3Lr38	3Ir16	250	999995	exact
4Tr21 4Lr38 4Lr18 4Lsr14 4Lsr34 4S1	3Ir16	250	999995	exact
4Tr21 4Lr38 4Lr18 4Lsr14 4Lsr34 4Ss2	3Ir16	250	999995	exact
4Tr21 4Lr38 4Lr18 4Lsr14 4Lsr34 4Tr12	3Ir16	250	999995	exact
4Tr21 4Lr38 4Lr18 4Lsr14 4Lsr34 4Tr31	3Ir16	250	999995	exact
4Tr21 4Lr38 4Lr18 4Lsr15	2r16	18	999986	exact
4Tr21 4Lr38 4Lr18 4Lsr15 2r16 11	4S4	250	999987	exact
4Tr21 4Lr38 4Lr18 4Lsr15 2r16 12	4S4	250	999989	exact
4Tr21 4Lr38 4Lr18 4Lsr15 2r16 13	4S4	250	999989	exact
4Tr21 4Lr38 4Lr18 4Lsr15 2r16 14	4Lsr14	250	999995	exact
4Tr21 4Lr38 4Lr18 4Lsr15 2r16 15	4Lsr34	250	999995	exact
4Tr21 4Lr38 4Lr18 4Lsr15 2r16 16	4S4	250	999989	exact
4Tr21 4Lr38 4Lr18 4Lsr15 2r16 17	4S4	250	999993	exact
4Tr21 4Lr38 4Lr18 4Lsr15 2r16 18	4S4	250	999993	exact
4Tr21 4Lr38 4Lr18 4Lsr15 2r16 19	4S4	250	999987	exact
4Tr21 4Lr38 4Lr18 4Lsr15 2r16 28	4S4	250	999987	exact
4Tr21 4Lr38 4Lr18 4Lsr15 2r16 2r11	4S4	250	999987	exact
4Tr21 4Lr38 4Lr18 4Lsr15 2r16 2r12	4S4	250	999987	exact
4Tr21 4Lr38 4Lr18 4Lsr15 2r16 2r13	4S4	250	999989	exact
4Tr21 4Lr38 4Lr18 4Lsr15 2r16 2r14	4S3	250	999987	exact
4Tr21 4Lr38 4Lr18 4Lsr15 2r16 2r15	4Lsr35	250	999987	exact
4Tr21 4Lr38 4Lr18 4Lsr15 2r16 2r16	4S4	250	999995	exact
4Tr21 4Lr38 4Lr18 4Lsr15 2r16 2r17	4S4	250	999993	exact
4Tr21 4Lr38 4Lr18 4Lsr15 2r16 2r18	4S4	250	999991	exact
4Tr21 4Lr38 4Lr18 4Lsr15 2r16 2r19	4S4	250	999993	exact
4Tr21 4Lr38 4Lr18 4Lsr15 2r16 3Ir11	4S4	250	999987	exact
4Tr21 4Lr38 4Lr18 4Lsr15 2r16 3Ir12	4S4	250	999987	exact
4Tr21 4Lr38 4Lr18 4Lsr15 2r16 3Ir13	4S4	250	999995	exact
4Tr21 4Lr38 4Lr18 4Lsr15 2r16 3Ir14	4Lsr33	250	999987	exact
4Tr21 4Lr38 4Lr18 4Lsr15 2r16 3Ir15	4S5	250	999986	exact
4Tr21 4Lr38 4Lr18 4Lsr15 2r16 3Ir16	4S4	250	999995	exact
4Tr21 4Lr38 4Lr18 4Lsr15 2r16 3Ir17	4S4	250	999987	exact
4Tr21 4Lr38 4Lr18 4Lsr15 2r16 3Ir18	4S4	250	999993	exact
4Tr21 4Lr38 4Lr18 4Lsr15 2r16 3Ir19	4S4	250	999989	exact
4Tr21 4Lr38 4Lr18 4Lsr15 2r16 3L1	4S4	250	999995	exact
4Tr21 4Lr38 4Lr18 4Lsr15 2r16 3L4	4L3	250	999995	exact
4Tr21 4Lr38 4Lr18 4Lsr15 2r16 3Lr12	4S4	250	999993	exact
4Tr21 4Lr38 4Lr18 4Lsr15 2r16 3Lr13	4Ls3	250	999995	exact
4Tr21 4Lr38 4Lr18 4Lsr15 2r16 3Lr28	4S4	250	999993	exact
4Tr21 4Lr38 4Lr18 4Lsr15 2r16 3Lr38	4S4	250	999987	exact
4Tr21 4Lr38 4Lr18 4Lsr15 2r16 4S1	4S4	250	999995	exact
4Tr21 4Lr38 4Lr18 4Lsr15 2r16 4S4	3Ir17	250	999987	exact
4Tr21 4Lr38 4Lr18 4Lsr15 2r16 4Ss2	4S4	250	999995	exact
4Tr21 4Lr38 4Lr18 4Lsr15 2r16 4Ss3	4S2	250	999987	exact
4Tr21 4Lr38 4Lr18 4Lsr15 2r16 4T3	4Lsr12	250	999987	exact
4Tr21 4Lr38 4Lr18 4Lsr15 2r16 4Tr12	4S4	250	999995	exact
4Tr21 4Lr38 4Lr18 4Lsr15 2r16 4Tr13	4Ssr12	250	999987	exact
4Tr21 4Lr38 4Lr18 4Lsr15 2r16 4Tr31	4S4	250	999995	exact
4Tr21 4Lr38 4Lr18 4Lsr15 2r16 4Tr34	4Lsr33	250	999987	exact
4Tr21 4Lr38 4Lr18 4Lsr16	4Lsr36	19	999987	exact
4Tr21 4Lr38 4Lr18 4Lsr16 4Lsr36 11	4Ss3	250	999995	exact
4Tr21 4Lr38 4Lr18 4Lsr16 4Lsr36 12	4Ss3	250	999995	exact
4Tr21 4Lr38 4Lr18 4Lsr16 4Lsr36 13	24	250	999997	exact
4Tr21 4Lr38 4Lr18 4Lsr16 4Lsr36 14	4Ss4	250	999997	exact
4Tr21 4Lr38 4Lr18 4Lsr16 4Lsr36 15	4T3	250	999997	exact
4Tr21 4Lr38 4Lr18 4Lsr16 4Lsr36 16	4Ss3	250	999995	exact
4Tr21 4Lr38 4Lr18 4Lsr16 4Lsr36 17	24	250	999997	exact
4Tr21 4Lr38 4Lr18 4Lsr16 4Lsr36 18	24	250	999997	exact
4Tr21 4Lr38 4Lr18 4Lsr16 4Lsr36 19	4Ss3	250	999995	exact
4Tr21 4Lr38 4Lr18 4Lsr16 4Lsr36 24	4Tr23	250	999997	exact
4Tr21 4Lr38 4Lr18 4Lsr16 4Lsr36 26	4Sr13	250	999997	exact
4Tr21 4Lr38 4Lr18 4Lsr16 4Lsr36 27	4Sr13	250	999997	exact
4Tr21 4Lr38 4Lr18 4Lsr16 4Lsr36 28	4Sr13	250	999997	exact
4Tr21 4Lr38 4Lr18 4Lsr16 4Lsr36 2r11	4Sr13	250	999997	exact
4Tr21 4Lr38 4Lr18 4Lsr16 4Lsr36 2r12	24	250	999997	exact
4Tr21 4Lr38 4Lr18 4Lsr16 4Lsr36 2r13	24	250	999997	exact
4Tr21 4Lr38 4Lr18 4Lsr16 4Lsr36 2r14	4S3	250	999993	exact
4Tr21 4Lr38 4Lr18 4Lsr16 4Lsr36 2r15	4Ss2	250	999987	exact
4Tr21 4Lr38 4Lr18 4Lsr16 4Lsr36 2r16	4Ss3	250	999995	exact
4Tr21 4Lr38 4Lr18 4Lsr16 4Lsr36 2r17	4Sr13	250	999997	exact
4Tr21 4Lr38 4Lr18 4Lsr16 4Lsr36 2r18	4Sr13	250	999997	exact
4Tr21 4Lr38 4Lr18 4Lsr16 4Lsr36 2r19	4Sr13	250	999997	exact
4Tr21 4Lr38 4Lr18 4Lsr16 4Lsr36 3I6	24	250	999997	exact
4Tr21 4Lr38 4Lr18 4Lsr16 4Lsr36 3I7	24	250	999997	exact
4Tr21 4Lr38 4Lr18 4Lsr16 4Lsr36 3Ir11	24	250	999997	exact
4Tr21 4Lr38 4Lr18 4Lsr16 4Lsr36 3Ir12	24	250	999997	exact
4Tr21 4Lr38 4Lr18 4Lsr16 4Lsr36 3Ir13	24	250	999997	exact
4Tr21 4Lr38 4Lr18 4Lsr16 4Lsr36 3Ir14	2r15	250	999987	exact
4Tr21 4Lr38 4Lr18 4Lsr16 4Lsr36 3Ir15	4S5	250	999987	exact
4Tr21 4Lr38 4Lr18 4Lsr16 4Lsr36 3Ir16	4Sr13	250	999997	exact
4Tr21 4Lr38 4Lr18 4Lsr16 4Lsr36 3Ir17	4Sr13	250	999997	exact
4Tr21 4Lr38 4Lr18 4Lsr16 4Lsr36 3Ir18	4Sr13	250	999997	exact
4Tr21 4Lr38 4Lr18 4Lsr16 4Lsr36 3Ir19	4Sr13	250	999997	exact
4Tr21 4Lr38 4Lr18 4Lsr16 4Lsr36 3L1	24	250	999997	exact
4Tr21 4Lr38 4Lr18 4Lsr16 4Lsr36 3Lr12	24	250	999997	exact
4Tr21 4Lr38 4Lr18 4Lsr16 4Lsr36 3Lr13	4Tr22	250	999995	exact
4Tr21 4Lr38 4Lr18 4Lsr16 4Lsr36 3Lr24	3L4	250	999997	exact
4Tr21 4Lr38 4Lr18 4Lsr16 4Lsr36 3Lr26	24	250	999997	exact
4Tr21 4Lr38 4Lr18 4Lsr16 4Lsr36 3Lr27	24	250	999997	exact
4Tr21 4Lr38 4Lr18 4Lsr16 4Lsr36 3Lr28	4Sr13	250	999997	exact
4Tr21 4Lr38 4Lr18 4Lsr16 4Lsr36 3Lr34	4S3	250	999995	exact
4Tr21 4Lr38 4Lr18 4Lsr16 4Lsr36 3Lr36	24	250	999997	exact
4Tr21 4Lr38 4Lr18 4Lsr16 4Lsr36 3Lr37	24	250	999997	exact
4Tr21 4Lr38 4Lr18 4Lsr16 4Lsr36 3Lr38	4Sr13	250	999997	exact
4Tr21 4Lr38 4Lr18 4Lsr16 4Lsr36 4S1	24	250	999997	exact
4Tr21 4Lr38 4Lr18 4Lsr16 4Lsr36 4Sr13	4Tr22	250	999995	exact
4Tr21 4Lr38 4Lr18 4Lsr16 4Lsr36 4Ss2	24	250	999997	exact
4Tr21 4Lr38 4Lr18 4Lsr16 4Lsr36 4Ss3	4S2	250	999991	exact
4Tr21 4Lr38 4Lr18 4Lsr16 4Lsr36 4Tr12	24	250	999997	exact
4Tr21 4Lr38 4Lr18 4Lsr16 4Lsr36 4Tr13	4S3	250	999995	exact
4Tr21 4Lr38 4Lr18 4Lsr16 4Lsr36 4Tr26	24	250	999997	exact
4Tr21 4Lr38 4Lr18 4Lsr16 4Lsr36 4Tr27	24	250	999997	exact
4Tr21 4Lr38 4Lr18 4Lsr16 4Lsr36 4Tr31	24	250	999997	exact
4Tr21 4Lr38 4Lr18 4Lsr18	4Lr24	3	999997	exact
4Tr21 4Lr38 4Lr18 4Lsr18 4Lr24 11	3Ir17	250	999997	exact
4Tr21 4Lr38 4Lr18 4Lsr18 4Lr24 12	3Ir17	250	999997	exact
4Tr21 4Lr38 4Lr18 4Lsr18 4Lr24 13	3Ir17	250	999997	exact
4Tr21 4Lr38 4Lr18 4Lsr18 4Lr24 14	3Ir17	250	999997	exact
4Tr21 4Lr38 4Lr18 4Lsr18 4Lr24 15	3Ir17	250	999997	exact
4Tr21 4Lr38 4Lr18 4Lsr18 4Lr24 16	3Ir17	250	999997	exact
4Tr21 4Lr38 4Lr18 4Lsr18 4Lr24 17	3Ir17	250	999997	exact
4Tr21 4Lr38 4Lr18 4Lsr18 4Lr24 18	3Ir17	250	999997	exact
4Tr21 4Lr38 4Lr18 4Lsr18 4Lr24 19	3Ir17	250	999997	exact
4Tr21 4Lr38 4Lr18 4Lsr18 4Lr24 23	3Ir17	250	999997	exact
4Tr21 4Lr38 4Lr18 4Lsr18 4Lr24 24	3Ir17	250	999997	exact
4Tr21 4Lr38 4Lr18 4Lsr18 4Lr24 2r11	3Ir17	250	999997	exact
4Tr21 4Lr38 4Lr18 4Lsr18 4Lr24 2r12	3Ir17	250	999997	exact
4Tr21 4Lr38 4Lr18 4Lsr18 4Lr24 2r13	3Ir17	250	999997	exact
4Tr21 4Lr38 4Lr18 4Lsr18 4Lr24 2r14	3Ir17	250	999997	exact
4Tr21 4Lr38 4Lr18 4Lsr18 4Lr24 2r15	3Ir17	250	999997	exact
4Tr21 4Lr38 4Lr18 4Lsr18 4Lr24 2r16	3Ir17	250	999997	exact
4Tr21 4Lr38 4Lr18 4Lsr18 4Lr24 2r17	3Ir17	250	999997	exact
4Tr21 4Lr38 4Lr18 4Lsr18 4Lr24 2r18	3Ir17	250	999997	exact
4Tr21 4Lr38 4Lr18 4Lsr18 4Lr24 2r19	3Ir17	250	999997	exact
4Tr21 4Lr38 4Lr18 4Lsr18 4Lr24 3I3	3Ir17	250	999997	exact
4Tr21 4Lr38 4Lr18 4Lsr18 4Lr24 3Ir11	3Ir17	250	999997	exact
4Tr21 4Lr38 4Lr18 4Lsr18 4Lr24 3Ir12	3Ir17	250	999997	exact
4Tr21 4Lr38 4Lr18 4Lsr18 4Lr24 3Ir13	3Ir17	250	999997	exact
4Tr21 4Lr38 4Lr18 4Lsr18 4Lr24 3Ir14	3Ir17	250	999997	exact
4Tr21 4Lr38 4Lr18 4Lsr18 4Lr24 3Ir15	3Ir17	250	999997	exact
4Tr21 4Lr38 4Lr18 4Lsr18 4Lr24 3Ir16	3Ir17	250	999997	exact
4Tr21 4Lr38 4Lr18 4Lsr18 4Lr24 3Ir17	4S6	250	999997	exact
4Tr21 4Lr38 4Lr18 4Lsr18 4Lr24 3Ir18	3Ir17	250	999997	exact
4Tr21 4Lr38 4Lr18 4Lsr18 4Lr24 3L1	3Ir17	250	999997	exact
4Tr21 4Lr38 4Lr18 4Lsr18 4Lr24 3L5	3Ir17	250	999997	exact
4Tr21 4Lr38 4Lr18 4Lsr18 4Lr24 3Lr12	3Ir17	250	999997	exact
4Tr21 4Lr38 4Lr18 4Lsr18 4Lr24 3Lr23	3Ir17	250	999997	exact
4Tr21 4Lr38 4Lr18 4Lsr18 4Lr24 3Lr24	3Ir17	250	999997	exact
4Tr21 4Lr38 4Lr18 4Lsr18 4Lr24 3Lr33	3Ir17	250	999997	exact
4Tr21 4Lr38 4Lr18 4Lsr18 4Lr24 3Lr34	3Ir17	250	999997	exact
4Tr21 4Lr38 4Lr18 4Lsr18 4Lr24 4S1	3Ir17	250	999997	exact
4Tr21 4Lr38 4Lr18 4Lsr18 4Lr24 4S5	3Ir17	250	999997	exact
4Tr21 4Lr38 4Lr18 4Lsr18 4Lr24 4Sr12	3Ir17	250	999997	exact
4Tr21 4Lr38 4Lr18 4Lsr18 4Lr24 4Ss2	3Ir17	250	999997	exact
4Tr21 4Lr38 4Lr18 4Lsr18 4Lr24 4Ssr14	3Ir17	250	999997	exact
4Tr21 4Lr38 4Lr18 4Lsr18 4Lr24 4Tr12	3Ir17	250	999997	exact
4Tr21 4Lr38 4Lr18 4Lsr18 4Lr24 4Tr23	3Ir17	250	999997	exact
4Tr21 4Lr38 4Lr18 4Lsr18 4Lr24 4Tr31	3Ir17	250	999997	exact
4Tr21 4Lr38 4Lr18 4Lsr18 4Lr24 4Tr35	3Ir17	250	999997	exact
4Tr21 4Lr38 4Lr18 4Lsr24	4S3	17	999991	exact
4Tr21 4Lr38 4Lr18 4Lsr24 4S3 11	3Ir14	250	999993	exact
4Tr21 4Lr38 4Lr18 4Lsr24 4S3 12	4Lsr15	250	999995	exact
4Tr21 4Lr38 4Lr18 4Lsr24 4S3 13	4Lsr15	250	999995	exact
4Tr21 4Lr38 4Lr18 4Lsr24 4S3 14	4Lsr15	250	999995	exact
4Tr21 4Lr38 4Lr18 4Lsr24 4S3 15	4Tr15	250	999995	exact
4Tr21 4Lr38 4Lr18 4Lsr24 4S3 16	4S5	250	999995	exact
4Tr21 4Lr38 4Lr18 4Lsr24 4S3 17	4Lr25	250	999997	exact
4Tr21 4Lr38 4Lr18 4Lsr24 4S3 18	4Lsr15	250	999995	exact
4Tr21 4Lr38 4Lr18 4Lsr24 4S3 19	4Lsr15	250	999995	exact
4Tr21 4Lr38 4Lr18 4Lsr24 4S3 25	3Ir14	250	999991	exact
4Tr21 4Lr38 4Lr18 4Lsr24 4S3 28	4Lsr15	250	999995	exact
4Tr21 4Lr38 4Lr18 4Lsr24 4S3 2r11	4Lsr15	250	999995	exact
4Tr21 4Lr38 4Lr18 4Lsr24 4S3 2r12	4Lsr15	250	999995	exact
4Tr21 4Lr38 4Lr18 4Lsr24 4S3 2r13	4Lsr15	250	999995	exact
4Tr21 4Lr38 4Lr18 4Lsr24 4S3 2r14	4Lsr15	250	999995	exact
4Tr21 4Lr38 4Lr18 4Lsr24 4S3 2r15	4Lr15	250	999995	exact
4Tr21 4Lr38 4Lr18 4Lsr24 4S3 2r16	3Ir14	250	999991	exact
4Tr21 4Lr38 4Lr18 4Lsr24 4S3 2r17	4Ssr15	250	999997	exact
4Tr21 4Lr38 4Lr18 4Lsr24 4S3 2r18	4Lsr15	250	999995	exact
4Tr21 4Lr38 4Lr18 4Lsr24 4S3 2r19	3Ir14	250	999993	exact
4Tr21 4Lr38 4Lr18 4Lsr24 4S3 3Ir11	4Lsr15	250	999995	exact
4Tr21 4Lr38 4Lr18 4Lsr24 4S3 3Ir12	4Lsr15	250	999995	exact
4Tr21 4Lr38 4Lr18 4Lsr24 4S3 3Ir13	4Lsr15	250	999995	exact
4Tr21 4Lr38 4Lr18 4Lsr24 4S3 3Ir14	4Lr35	250	999995	exact
4Tr21 4Lr38 4Lr18 4Lsr24 4S3 3Ir15	4Lsr14	250	999993	exact
4Tr21 4Lr38 4Lr18 4Lsr24 4S3 3Ir16	2r16	250	999991	exact
4Tr21 4Lr38 4Lr18 4Lsr24 4S3 3Ir17	4Lsr36	250	999995	exact
4Tr21 4Lr38 4Lr18 4Lsr24 4S3 3Ir18	3Ir14	250	999993	exact
4Tr21 4Lr38 4Lr18 4Lsr24 4S3 3Ir19	3Ir14	250	999993	exact
4Tr21 4Lr38 4Lr18 4Lsr24 4S3 3L1	4Lsr15	250	999995	exact
4Tr21 4Lr38 4Lr18 4Lsr24 4S3 3L2	4Lsr15	250	999995	exact
4Tr21 4Lr38 4Lr18 4Lsr24 4S3 3L3	3Lr35	250	999995	exact
4Tr21 4Lr38 4Lr18 4Lsr24 4S3 3Lr16	4L5	250	999997	exact
4Tr21 4Lr38 4Lr18 4Lsr24 4S3 3Lr25	4S5	250	999995	exact
4Tr21 4Lr38 4Lr18 4Lsr24 4S3 3Lr28	3Ir14	250	999993	exact
4Tr21 4Lr38 4Lr18 4Lsr24 4S3 3Lr35	4Tr15	250	999995	exact
4Tr21 4Lr38 4Lr18 4Lsr24 4S3 3Lr38	3Ir14	250	999993	exact
4Tr21 4Lr38 4Lr18 4Lsr24 4S3 4S1	4Lr35	250	999995	exact
4Tr21 4Lr38 4Lr18 4Lsr24 4S3 4S2	4Lsr15	250	999995	exact
4Tr21 4Lr38 4Lr18 4Lsr24 4S3 4S3	4Lr35	250	999995	exact
4Tr21 4Lr38 4Lr18 4Lsr24 4S3 4Ss6	4Ss6	250	999995	exact
4Tr21 4Lr38 4Lr18 4Lsr24 4S3 4Tr16	4Tr36	250	999995	exact
4Tr21 4Lr38 4Lr18 4Lsr24 4S3 4Tr31	4Lsr15	250	999995	exact
4Tr21 4Lr38 4Lr18 4Lsr24 4S3 4Tr32	4Lsr15	250	999995	exact
4Tr21 4Lr38 4Lr18 4Lsr24 4S3 4Tr33	4Lr35	250	999995	exact
4Tr21 4Lr38 4Lr18 4Lsr25	4Lsr34	5	999995	exact
4Tr21 4Lr38 4Lr18 4Lsr25 4Lsr34 11	3Lr26	250	999997	exact
4Tr21 4Lr38 4Lr18 4Lsr25 4Lsr34 12	3Lr26	250	999997	exact
4Tr21 4Lr38 4Lr18 4Lsr25 4Lsr34 13	3Lr26	250	999997	exact
4Tr21 4Lr38 4Lr18 4Lsr25 4Lsr34 14	3Lr26	250	999997	exact
4Tr21 4Lr38 4Lr18 4Lsr25 4Lsr34 15	3Lr26	250	999997	exact
4Tr21 4Lr38 4Lr18 4Lsr25 4Lsr34 16	3Lr16	250	999997	exact
4Tr21 4Lr38 4Lr18 4Lsr25 4Lsr34 17	4S6	250	999997	exact
4Tr21 4Lr38 4Lr18 4Lsr25 4Lsr34 18	3Lr26	250	999997	exact
4Tr21 4Lr38 4Lr18 4Lsr25 4Lsr34 19	3Lr26	250	999997	exact
4Tr21 4Lr38 4Lr18 4Lsr25 4Lsr34 24	3Lr26	250	999997	exact
4Tr21 4Lr38 4Lr18 4Lsr25 4Lsr34 26	3Lr26	250	999997	exact
4Tr21 4Lr38 4Lr18 4Lsr25 4Lsr34 28	3Lr26	250	999997	exact
4Tr21 4Lr38 4Lr18 4Lsr25 4Lsr34 2r11	3Lr26	250	999997	exact
4Tr21 4Lr38 4Lr18 4Lsr25 4Lsr34 2r12	3Lr26	250	999997	exact
4Tr21 4Lr38 4Lr18 4Lsr25 4Lsr34 2r13	3Lr26	250	999997	exact
4Tr21 4Lr38 4Lr18 4Lsr25 4Lsr34 2r14	3Lr26	250	999997	exact
4Tr21 4Lr38 4Lr18 4Lsr25 4Lsr34 2r15	3Lr26	250	999997	exact
4Tr21 4Lr38 4Lr18 4Lsr25 4Lsr34 2r16	4Tr24	250	999995	exact
4Tr21 4Lr38 4Lr18 4Lsr25 4Lsr34 2r17	4S7	250	999995	exact
4Tr21 4Lr38 4Lr18 4Lsr25 4Lsr34 2r18	3Lr26	250	999997	exact
4Tr21 4Lr38 4Lr18 4Lsr25 4Lsr34 2r19	3Lr26	250	999997	exact
4Tr21 4Lr38 4Lr18 4Lsr25 4Lsr34 3Ir11	3Lr26	250	999997	exact
4Tr21 4Lr38 4Lr18 4Lsr25 4Lsr34 3Ir12	3Lr26	250	999997	exact
4Tr21 4Lr38 4Lr18 4Lsr25 4Lsr34 3Ir13	3Lr26	250	999997	exact
4Tr21 4Lr38 4Lr18 4Lsr25 4Lsr34 3Ir14	3Lr26	250	999997	exact
4Tr21 4Lr38 4Lr18 4Lsr25 4Lsr34 3Ir15	3Lr26	250	999997	exact
4Tr21 4Lr38 4Lr18 4Lsr25 4Lsr34 3Ir16	4S5	250	999995	exact
4Tr21 4Lr38 4Lr18 4Lsr25 4Lsr34 3Ir17	3Ir17	250	999995	exact
4Tr21 4Lr38 4Lr18 4Lsr25 4Lsr34 3Ir18	3Lr26	250	999997	exact
4Tr21 4Lr38 4Lr18 4Lsr25 4Lsr34 3Ir19	3Lr26	250	999997	exact
4Tr21 4Lr38 4Lr18 4Lsr25 4Lsr34 3L1	3Lr26	250	999997	exact
4Tr21 4Lr38 4Lr18 4Lsr25 4Lsr34 3Lr12	3Lr26	250	999997	exact
4Tr21 4Lr38 4Lr18 4Lsr25 4Lsr34 3Lr24	3Lr26	250	999997	exact
4Tr21 4Lr38 4Lr18 4Lsr25 4Lsr34 3Lr26	4S6	250	999997	exact
4Tr21 4Lr38 4Lr18 4Lsr25 4Lsr34 3Lr28	3Lr26	250	999997	exact
4Tr21 4Lr38 4Lr18 4Lsr25 4Lsr34 3Lr34	3Lr26	250	999997	exact
4Tr21 4Lr38 4Lr18 4Lsr25 4Lsr34 3Lr36	3Lr16	250	999997	exact
4Tr21 4Lr38 4Lr18 4Lsr25 4Lsr34 3Lr38	3Lr26	250	999997	exact
4Tr21 4Lr38 4Lr18 4Lsr25 4Lsr34 4S1	3Lr26	250	999997	exact
4Tr21 4Lr38 4Lr18 4Lsr25 4Lsr34 4Ss2	3Lr26	250	999997	exact
4Tr21 4Lr38 4Lr18 4Lsr25 4Lsr34 4Tr12	3Lr26	250	999997	exact
4Tr21 4Lr38 4Lr18 4Lsr25 4Lsr34 4Tr31	3Lr26	250	999997	exact
4Tr21 4Lr38 4Lr18 4S1	4Tr24	5	999995	exact
4Tr21 4Lr38 4Lr18 4S1 4Tr24 11	3Ir17	250	999997	exact
4Tr21 4Lr38 4Lr18 4S1 4Tr24 12	3Ir17	250	999997	exact
4Tr21 4Lr38 4Lr18 4S1 4Tr24 13	3Ir17	250	999997	exact
4Tr21 4Lr38 4Lr18 4S1 4Tr24 14	3Ir17	250	999997	exact
4Tr21 4Lr38 4Lr18 4S1 4Tr24 15	3Ir17	250	999997	exact
4Tr21 4Lr38 4Lr18 4S1 4Tr24 16	3Ir17	250	999997	exact
4Tr21 4Lr38 4Lr18 4S1 4Tr24 17	3Ir17	250	999997	exact
4Tr21 4Lr38 4Lr18 4S1 4Tr24 18	3Ir17	250	999997	exact
4Tr21 4Lr38 4Lr18 4S1 4Tr24 19	3Ir17	250	999997	exact
4Tr21 4Lr38 4Lr18 4S1 4Tr24 23	3Ir17	250	999997	exact
4Tr21 4Lr38 4Lr18 4S1 4Tr24 28	3Ir17	250	999997	exact
4Tr21 4Lr38 4Lr18 4S1 4Tr24 2r11	3Ir17	250	999997	exact
4Tr21 4Lr38 4Lr18 4S1 4Tr24 2r12	3Ir17	250	999997	exact
4Tr21 4Lr38 4Lr18 4S1 4Tr24 2r13	3Ir17	250	999997	exact
4Tr21 4Lr38 4Lr18 4S1 4Tr24 2r14	3Ir17	250	999997	exact
4Tr21 4Lr38 4Lr18 4S1 4Tr24 2r15	3Ir17	250	999997	exact
4Tr21 4Lr38 4Lr18 4S1 4Tr24 2r16	3Ir17	250	999997	exact
4Tr21 4Lr38 4Lr18 4S1 4Tr24 2r17	4S6	250	999997	exact
4Tr21 4Lr38 4Lr18 4S1 4Tr24 2r18	3Ir17	250	999997	exact
4Tr21 4Lr38 4Lr18 4S1 4Tr24 2r19	3Ir17	250	999997	exact
4Tr21 4Lr38 4Lr18 4S1 4Tr24 3Ir11	3Ir17	250	999997	exact
4Tr21 4Lr38 4Lr18 4S1 4Tr24 3Ir12	3Ir17	250	999997	exact
4Tr21 4Lr38 4Lr18 4S1 4Tr24 3Ir13	3Ir17	250	999997	exact
4Tr21 4Lr38 4Lr18 4S1 4Tr24 3Ir14	3Ir17	250	999997	exact
4Tr21 4Lr38 4Lr18 4S1 4Tr24 3Ir15	3Ir17	250	999997	exact
4Tr21 4Lr38 4Lr18 4S1 4Tr24 3Ir16	3Ir17	250	999997	exact
4Tr21 4Lr38 4Lr18 4S1 4Tr24 3Ir17	4Lsr36	250	999997	exact
4Tr21 4Lr38 4Lr18 4S1 4Tr24 3Ir18	3Ir17	250	999997	exact
4Tr21 4Lr38 4Lr18 4S1 4Tr24 3Ir19	3Ir17	250	999997	exact
4Tr21 4Lr38 4Lr18 4S1 4Tr24 3L1	3Ir17	250	999997	exact
4Tr21 4Lr38 4Lr18 4S1 4Tr24 3L4	3Ir17	250	999997	exact
4Tr21 4Lr38 4Lr18 4S1 4Tr24 3Lr15	3Ir17	250	999997	exact
4Tr21 4Lr38 4Lr18 4S1 4Tr24 3Lr16	4Lsr16	250	999997	exact
4Tr21 4Lr38 4Lr18 4S1 4Tr24 3Lr23	3Ir17	250	999997	exact
4Tr21 4Lr38 4Lr18 4S1 4Tr24 3Lr28	3Ir17	250	999997	exact
4Tr21 4Lr38 4Lr18 4S1 4Tr24 3Lr33	3Ir17	250	999997	exact
4Tr21 4Lr38 4Lr18 4S1 4Tr24 3Lr38	3Ir17	250	999997	exact
4Tr21 4Lr38 4Lr18 4S1 4Tr24 4Lr33	3Ir17	250	999997	exact
4Tr21 4Lr38 4Lr18 4S1 4Tr24 4Lr38	3Ir17	250	999997	exact
4Tr21 4Lr38 4Lr18 4S1 4Tr24 4Lsr13	3Ir17	250	999997	exact
4Tr21 4Lr38 4Lr18 4S1 4Tr24 4Lsr18	3Ir17	250	999997	exact
4Tr21 4Lr38 4Lr18 4S1 4Tr24 4S1	3Ir17	250	999997	exact
4Tr21 4Lr38 4Lr18 4S1 4Tr24 4S4	3Ir17	250	999997	exact
4Tr21 4Lr38 4Lr18 4S1 4Tr24 4Ss5	3Ir17	250	999997	exact
4Tr21 4Lr38 4Lr18 4S1 4Tr24 4Ss6	4S5	250	999995	exact
4Tr21 4Lr38 4Lr18 4S1 4Tr24 4Ssr13	3Ir17	250	999997	exact
4Tr21 4Lr38 4Lr18 4S1 4Tr24 4Tr15	3Ir17	250	999997	exact
4Tr21 4Lr38 4Lr18 4S1 4Tr24 4Tr16	4S6	250	999997	exact
4Tr21 4Lr38 4Lr18 4S1 4Tr24 4Tr31	3Ir17	250	999997	exact
4Tr21 4Lr38 4Lr18 4S1 4Tr24 4Tr34	3Ir17	250	999997	exact
4Tr21 4Lr38 4Lr18 4Sr13	4Tr22	12	999991	exact
4Tr21 4Lr38 4Lr18 4Sr13 4Tr22 11	4Ss5	250	999995	exact
4Tr21 4Lr38 4Lr18 4Sr13 4Tr22 12	4Ss5	250	999995	exact
4Tr21 4Lr38 4Lr18 4Sr13 4Tr22 13	3Ir15	250	999991	exact
4Tr21 4Lr38 4Lr18 4Sr13 4Tr22 14	4Lsr13	250	999991	exact
4Tr21 4Lr38 4Lr18 4Sr13 4Tr22 15	4Ss3	250	999991	exact
4Tr21 4Lr38 4Lr18 4Sr13 4Tr22 16	4Lsr15	250	999995	exact
4Tr21 4Lr38 4Lr18 4Sr13 4Tr22 17	4Ss5	250	999993	exact
4Tr21 4Lr38 4Lr18 4Sr13 4Tr22 18	4Ss5	250	999995	exact
4Tr21 4Lr38 4Lr18 4Sr13 4Tr22 19	4Ss5	250	999995	exact
4Tr21 4Lr38 4Lr18 4Sr13 4Tr22 26	4Lr25	250	999997	exact
4Tr21 4Lr38 4Lr18 4Sr13 4Tr22 28	4Ss5	250	999995	exact
4Tr21 4Lr38 4Lr18 4Sr13 4Tr22 2r11	4Ss5	250	999993	exact
4Tr21 4Lr38 4Lr18 4Sr13 4Tr22 2r12	4Ss5	250	999993	exact
4Tr21 4Lr38 4Lr18 4Sr13 4Tr22 2r13	3Ir13	250	999995	exact
4Tr21 4Lr38 4Lr18 4Sr13 4Tr22 2r14	4Ss5	250	999993	exact
4Tr21 4Lr38 4Lr18 4Sr13 4Tr22 2r15	4Lsr14	250	999993	exact
4Tr21 4Lr38 4Lr18 4Sr13 4Tr22 2r16	4S5	250	999995	exact
4Tr21 4Lr38 4Lr18 4Sr13 4Tr22 2r17	4Lsr36	250	999993	exact
4Tr21 4Lr38 4Lr18 4Sr13 4Tr22 2r18	4Ss5	250	999995	exact
4Tr21 4Lr38 4Lr18 4Sr13 4Tr22 2r19	4Ss5	250	999993	exact
4Tr21 4Lr38 4Lr18 4Sr13 4Tr22 3Ir11	4Ss5	250	999995	exact
4Tr21 4Lr38 4Lr18 4Sr13 4Tr22 3Ir12	4Ss5	250	999991	exact
4Tr21 4Lr38 4Lr18 4Sr13 4Tr22 3Ir13	4Ss5	250	999993	exact
4Tr21 4Lr38 4Lr18 4Sr13 4Tr22 3Ir14	4Lsr33	250	999991	exact
4Tr21 4Lr38 4Lr18 4Sr13 4Tr22 3Ir15	4S4	250	999993	exact
4Tr21 4Lr38 4Lr18 4Sr13 4Tr22 3Ir16	4Lsr35	250	999995	exact
4Tr21 4Lr38 4Lr18 4Sr13 4Tr22 3Ir17	4S7	250	999991	exact
4Tr21 4Lr38 4Lr18 4Sr13 4Tr22 3Ir18	4Ss5	250	999995	exact
4Tr21 4Lr38 4Lr18 4Sr13 4Tr22 3Ir19	4Ss5	250	999995	exact
4Tr21 4Lr38 4Lr18 4Sr13 4Tr22 3L2	4Ss5	250	999995	exact
4Tr21 4Lr38 4Lr18 4Sr13 4Tr22 3Lr13	4Ss5	250	999995	exact
4Tr21 4Lr38 4Lr18 4Sr13 4Tr22 3Lr15	4Lsr15	250	999991	exact
4Tr21 4Lr38 4Lr18 4Sr13 4Tr22 3Lr26	4Ssr15	250	999997	exact
4Tr21 4Lr38 4Lr18 4Sr13 4Tr22 3Lr28	4Ss5	250	999995	exact
4Tr21 4Lr38 4Lr18 4Sr13 4Tr22 3Lr36	3Ir13	250	999993	exact
4Tr21 4Lr38 4Lr18 4Sr13 4Tr22 3Lr38	4Ss5	250	999995	exact
4Tr21 4Lr38 4Lr18 4Sr13 4Tr22 4Lr14	3I3	250	999993	exact
4Tr21 4Lr38 4Lr18 4Sr13 4Tr22 4Lr36	4Lsr35	250	999995	exact
4Tr21 4Lr38 4Lr18 4Sr13 4Tr22 4Lr38	4Ss5	250	999995	exact
4Tr21 4Lr38 4Lr18 4Sr13 4Tr22 4Lsr16	4Lsr36	250	999995	exact
4Tr21 4Lr38 4Lr18 4Sr13 4Tr22 4Lsr18	4Ss5	250	999995	exact
4Tr21 4Lr38 4Lr18 4Sr13 4Tr22 4Lsr31	4Ss5	250	999995	exact
4Tr21 4Lr38 4Lr18 4Sr13 4Tr22 4S2	4Ss5	250	999995	exact
4Tr21 4Lr38 4Lr18 4Sr13 4Tr22 4Sr15	4Ls5	250	999997	exact
4Tr21 4Lr38 4Lr18 4Sr13 4Tr22 4Ss3	4Ss5	250	999995	exact
4Tr21 4Lr38 4Lr18 4Sr13 4Tr22 4Ss5	4Ss5	250	999995	exact
4Tr21 4Lr38 4Lr18 4Sr13 4Tr22 4Tr13	4Ss5	250	999995	exact
4Tr21 4Lr38 4Lr18 4Sr13 4Tr22 4Tr15	4S5	250	999995	exact
4Tr21 4Lr38 4Lr18 4Sr13 4Tr22 4Tr32	4Ss5	250	999995	exact
4Tr21 4Lr38 4Lr18 4Ss2	4Tr24	5	999995	exact
4Tr21 4Lr38 4Lr18 4Ss2 4Tr24 11	3Ir17	250	999997	exact
4Tr21 4Lr38 4Lr18 4Ss2 4Tr24 12	3Ir17	250	999997	exact
4Tr21 4Lr38 4Lr18 4Ss2 4Tr24 13	3Ir17	250	999997	exact
4Tr21 4Lr38 4Lr18 4Ss2 4Tr24 14	3Ir17	250	999997	exact
4Tr21 4Lr38 4Lr18 4Ss2 4Tr24 15	3Ir17	250	999997	exact
4Tr21 4Lr38 4Lr18 4Ss2 4Tr24 16	3Ir17	250	999997	exact
4Tr21 4Lr38 4Lr18 4Ss2 4Tr24 17	3Ir17	250	999997	exact
4Tr21 4Lr38 4Lr18 4Ss2 4Tr24 18	3Ir17	250	999997	exact
4Tr21 4Lr38 4Lr18 4Ss2 4Tr24 19	3Ir17	250	999997	exact
4Tr21 4Lr38 4Lr18 4Ss2 4Tr24 28	3Ir17	250	999997	exact
4Tr21 4Lr38 4Lr18 4Ss2 4Tr24 2r11	3Ir17	250	999997	exact
4Tr21 4Lr38 4Lr18 4Ss2 4Tr24 2r12	3Ir17	250	999997	exact
4Tr21 4Lr38 4Lr18 4Ss2 4Tr24 2r13	3Ir17	250	999997	exact
4Tr21 4Lr38 4Lr18 4Ss2 4Tr24 2r14	3Ir17	250	999997	exact
4Tr21 4Lr38 4Lr18 4Ss2 4Tr24 2r15	3Ir17	250	999997	exact
4Tr21 4Lr38 4Lr18 4Ss2 4Tr24 2r16	3Ir17	250	999997	exact
4Tr21 4Lr38 4Lr18 4Ss2 4Tr24 2r17	3L6	250	999997	exact
4Tr21 4Lr38 4Lr18 4Ss2 4Tr24 2r18	3Ir17	250	999997	exact
4Tr21 4Lr38 4Lr18 4Ss2 4Tr24 2r19	3Ir17	250	999997	exact
4Tr21 4Lr38 4Lr18 4Ss2 4Tr24 3Ir11	3Ir17	250	999997	exact
4Tr21 4Lr38 4Lr18 4Ss2 4Tr24 3Ir12	3Ir17	250	999997	exact
4Tr21 4Lr38 4Lr18 4Ss2 4Tr24 3Ir13	3Ir17	250	999997	exact
4Tr21 4Lr38 4Lr18 4Ss2 4Tr24 3Ir14	3Ir17	250	999997	exact
4Tr21 4Lr38 4Lr18 4Ss2 4Tr24 3Ir15	3Ir17	250	999997	exact
4Tr21 4Lr38 4Lr18 4Ss2 4Tr24 3Ir16	3Ir17	250	999997	exact
4Tr21 4Lr38 4Lr18 4Ss2 4Tr24 3Ir17	4Lsr36	250	999997	exact
4Tr21 4Lr38 4Lr18 4Ss2 4Tr24 3Ir18	3Ir17	250	999997	exact
4Tr21 4Lr38 4Lr18 4Ss2 4Tr24 3Ir19	3Ir17	250	999997	exact
4Tr21 4Lr38 4Lr18 4Ss2 4Tr24 3L4	3Ir17	250	999997	exact
4Tr21 4Lr38 4Lr18 4Ss2 4Tr24 3Lr12	3Ir17	250	999997	exact
4Tr21 4Lr38 4Lr18 4Ss2 4Tr24 3Lr15	3Ir17	250	999997	exact
4Tr21 4Lr38 4Lr18 4Ss2 4Tr24 3Lr16	4Lsr16	250	999997	exact
4Tr21 4Lr38 4Lr18 4Ss2 4Tr24 3Lr28	3Ir17	250	999997	exact
4Tr21 4Lr38 4Lr18 4Ss2 4Tr24 3Lr38	3Ir17	250	999997	exact
4Tr21 4Lr38 4Lr18 4Ss2 4Tr24 4Lr13	3Ir17	250	999997	exact
4Tr21 4Lr38 4Lr18 4Ss2 4Tr24 4Lr38	3Ir17	250	999997	exact
4Tr21 4Lr38 4Lr18 4Ss2 4Tr24 4Lsr18	3Ir17	250	999997	exact
4Tr21 4Lr38 4Lr18 4Ss2 4Tr24 4S4	3Ir17	250	999997	exact
4Tr21 4Lr38 4Lr18 4Ss2 4Tr24 4Ss2	3Ir17	250	999997	exact
4Tr21 4Lr38 4Lr18 4Ss2 4Tr24 4Ss5	3Ir17	250	999997	exact
4Tr21 4Lr38 4Lr18 4Ss2 4Tr24 4Ss6	4S5	250	999995	exact
4Tr21 4Lr38 4Lr18 4Ss2 4Tr24 4Tr12	3Ir17	250	999997	exact
4Tr21 4Lr38 4Lr18 4Ss2 4Tr24 4Tr15	3Ir17	250	999997	exact
4Tr21 4Lr38 4Lr18 4Ss2 4Tr24 4Tr16	4Ssr15	250	999997	exact
4Tr21 4Lr38 4Lr18 4Ss2 4Tr24 4Tr34	3Ir17	250	999997	exact
4Tr21 4Lr38 4Lr18 4Ss3	3L2	16	999987	exact
4Tr21 4Lr38 4Lr18 4Ss3 3L2 11	4Lr13	250	999987	exact
4Tr21 4Lr38 4Lr18 4Ss3 3L2 12	4Lr13	250	999989	exact
4Tr21 4Lr38 4Lr18 4Ss3 3L2 13	4S2	250	999987	exact
4Tr21 4Lr38 4Lr18 4Ss3 3L2 14	3Ir14	250	999989	exact
4Tr21 4Lr38 4Lr18 4Ss3 3L2 15	3Ir14	250	999989	exact
4Tr21 4Lr38 4Lr18 4Ss3 3L2 16	4Lr13	250	999989	exact
4Tr21 4Lr38 4Lr18 4Ss3 3L2 17	4Lr13	250	999989	exact
4Tr21 4Lr38 4Lr18 4Ss3 3L2 18	4Lr13	250	999989	exact
4Tr21 4Lr38 4Lr18 4Ss3 3L2 19	4Lr13	250	999989	exact
4Tr21 4Lr38 4Lr18 4Ss3 3L2 22	4Lr14	250	999987	exact
4Tr21 4Lr38 4Lr18 4Ss3 3L2 25	4Lsr12	250	999987	exact
4Tr21 4Lr38 4Lr18 4Ss3 3L2 26	4S5	250	999989	exact
4Tr21 4Lr38 4Lr18 4Ss3 3L2 28	4Lr13	250	999987	exact
4Tr21 4Lr38 4Lr18 4Ss3 3L2 2r11	4Lr13	250	999989	exact
4Tr21 4Lr38 4Lr18 4Ss3 3L2 2r12	4Lr13	250	999987	exact
4Tr21 4Lr38 4Lr18 4Ss3 3L2 2r13	4Lsr32	250	999987	exact
4Tr21 4Lr38 4Lr18 4Ss3 3L2 2r14	4Lsr12	250	999987	exact
4Tr21 4Lr38 4Lr18 4Ss3 3L2 2r15	3Ir14	250	999987	exact
4Tr21 4Lr38 4Lr18 4Ss3 3L2 2r16	4Lr13	250	999987	exact
4Tr21 4Lr38 4Lr18 4Ss3 3L2 2r17	4Lr13	250	999987	exact
4Tr21 4Lr38 4Lr18 4Ss3 3L2 2r18	4Lr13	250	999987	exact
4Tr21 4Lr38 4Lr18 4Ss3 3L2 2r19	4Lr13	250	999987	exact
4Tr21 4Lr38 4Lr18 4Ss3 3L2 3I5	4Lsr12	250	999989	exact
4Tr21 4Lr38 4Lr18 4Ss3 3L2 3Ir11	4Lr13	250	999989	exact
4Tr21 4Lr38 4Lr18 4Ss3 3L2 3Ir12	4Lr13	250	999987	exact
4Tr21 4Lr38 4Lr18 4Ss3 3L2 3Ir13	3Ir14	250	999987	exact
4Tr21 4Lr38 4Lr18 4Ss3 3L2 3Ir14	4S3	250	999987	exact
4Tr21 4Lr38 4Lr18 4Ss3 3L2 3Ir15	4Lsr12	250	999987	exact
4Tr21 4Lr38 4Lr18 4Ss3 3L2 3Ir16	4Lr13	250	999987	exact
4Tr21 4Lr38 4Lr18 4Ss3 3L2 3Ir17	4Lsr12	250	999987	exact
4Tr21 4Lr38 4Lr18 4Ss3 3L2 3Ir18	4Lr13	250	999989	exact
4Tr21 4Lr38 4Lr18 4Ss3 3L2 3Ir19	4Lr13	250	999987	exact
4Tr21 4Lr38 4Lr18 4Ss3 3L2 3Lr22	2r14	250	999987	exact
4Tr21 4Lr38 4Lr18 4Ss3 3L2 3Lr25	4Lsr12	250	999989	exact
4Tr21 4Lr38 4Lr18 4Ss3 3L2 3Lr26	3Ir13	250	999987	exact
4Tr21 4Lr38 4Lr18 4Ss3 3L2 3Lr28	4Lr13	250	999989	exact
4Tr21 4Lr38 4Lr18 4Ss3 3L2 3Lr32	3Ir14	250	999989	exact
4Tr21 4Lr38 4Lr18 4Ss3 3L2 3Lr35	4Lsr12	250	999987	exact
4Tr21 4Lr38 4Lr18 4Ss3 3L2 3Lr36	4Lsr35	250	999989	exact
4Tr21 4Lr38 4Lr18 4Ss3 3L2 3Lr38	4Lr13	250	999989	exact
4Tr21 4Lr38 4Lr18 4Ss3 3L2 4Lr13	3Ir12	250	999989	exact
4Tr21 4Lr38 4Lr18 4Ss3 3L2 4Lr14	4Lsr12	250	999987	exact
4Tr21 4Lr38 4Lr18 4Ss3 3L2 4Lr25	4Lsr12	250	999989	exact
4Tr21 4Lr38 4Lr18 4Ss3 3L2 4Lr32	3Ir14	250	999987	exact
4Tr21 4Lr38 4Lr18 4Ss3 3L2 4Lr35	4Lsr12	250	999987	exact
4Tr21 4Lr38 4Lr18 4Ss3 3L2 4Lr36	3Ir12	250	999987	exact
4Tr21 4Lr38 4Lr18 4Ss3 3L2 4Lr38	4Lsr12	250	999987	exact
4Tr21 4Lr38 4Lr18 4Ss3 3L2 4Lsr12	2r14	250	999987	exact
4Tr21 4Lr38 4Lr18 4Ss3 3L2 4Lsr15	3Ir12	250	999989	exact
4Tr21 4Lr38 4Lr18 4Ss3 3L2 4Lsr16	4Lsr12	250	999987	exact
4Tr21 4Lr38 4Lr18 4Ss3 3L2 4Lsr18	4Lr13	250	999989	exact
4Tr21 4Lr38 4Lr18 4Ss3 3L2 4Lsr25	4Lsr12	250	999987	exact
4Tr21 4Lr38 4Lr18 4Ss3 3L2 4Tr25	4Lsr12	250	999987	exact
4Tr21 4Lr38 4Lr18 4Tr12	4Tr24	5	999995	exact
4Tr21 4Lr38 4Lr18 4Tr12 4Tr24 11	3Ir17	250	999997	exact
4Tr21 4Lr38 4Lr18 4Tr12 4Tr24 12	3Ir17	250	999997	exact
4Tr21 4Lr38 4Lr18 4Tr12 4Tr24 13	3Ir17	250	999997	exact
4Tr21 4Lr38 4Lr18 4Tr12 4Tr24 14	3Ir17	250	999997	exact
4Tr21 4Lr38 4Lr18 4Tr12 4Tr24 15	3Ir17	250	999997	exact
4Tr21 4Lr38 4Lr18 4Tr12 4Tr24 16	3Ir17	250	999997	exact
4Tr21 4Lr38 4Lr18 4Tr12 4Tr24 17	3Ir17	250	999997	exact
4Tr21 4Lr38 4Lr18 4Tr12 4Tr24 18	3Ir17	250	999997	exact
4Tr21 4Lr38 4Lr18 4Tr12 4Tr24 19	3Ir17	250	999997	exact
4Tr21 4Lr38 4Lr18 4Tr12 4Tr24 28	3Ir17	250	999997	exact
4Tr21 4Lr38 4Lr18 4Tr12 4Tr24 2r11	3Ir17	250	999997	exact
4Tr21 4Lr38 4Lr18 4Tr12 4Tr24 2r12	3Ir17	250	999997	exact
4Tr21 4Lr38 4Lr18 4Tr12 4Tr24 2r13	3Ir17	250	999997	exact
4Tr21 4Lr38 4Lr18 4Tr12 4Tr24 2r14	3Ir17	250	999997	exact
4Tr21 4Lr38 4Lr18 4Tr12 4Tr24 2r15	3Ir17	250	999997	exact
4Tr21 4Lr38 4Lr18 4Tr12 4Tr24 2r16	3Ir17	250	999997	exact
4Tr21 4Lr38 4Lr18 4Tr12 4Tr24 2r17	4S6	250	999997	exact
4Tr21 4Lr38 4Lr18 4Tr12 4Tr24 2r18	3Ir17	250	999997	exact
4Tr21 4Lr38 4Lr18 4Tr12 4Tr24 2r19	3Ir17	250	999997	exact
4Tr21 4Lr38 4Lr18 4Tr12 4Tr24 3Ir11	3Ir17	250	999997	exact
4Tr21 4Lr38 4Lr18 4Tr12 4Tr24 3Ir12	3Ir17	250	999997	exact
4Tr21 4Lr38 4Lr18 4Tr12 4Tr24 3Ir13	3Ir17	250	999997	exact
4Tr21 4Lr38 4Lr18 4Tr12 4Tr24 3Ir14	3Ir17	250	999997	exact
4Tr21 4Lr38 4Lr18 4Tr12 4Tr24 3Ir15	3Ir17	250	999997	exact
4Tr21 4Lr38 4Lr18 4Tr12 4Tr24 3Ir16	3Ir17	250	999997	exact
4Tr21 4Lr38 4Lr18 4Tr12 4Tr24 3Ir17	4Lsr36	250	999997	exact
4Tr21 4Lr38 4Lr18 4Tr12 4Tr24 3Ir18	3Ir17	250	999997	exact
4Tr21 4Lr38 4Lr18 4Tr12 4Tr24 3Ir19	3Ir17	250	999997	exact
4Tr21 4Lr38 4Lr18 4Tr12 4Tr24 3L2	3Ir17	250	999997	exact
4Tr21 4Lr38 4Lr18 4Tr12 4Tr24 3L4	3Ir17	250	999997	exact
4Tr21 4Lr38 4Lr18 4Tr12 4Tr24 3Lr15	3Ir17	250	999997	exact
4Tr21 4Lr38 4Lr18 4Tr12 4Tr24 3Lr16	4Lsr16	250	999997	exact
4Tr21 4Lr38 4Lr18 4Tr12 4Tr24 3Lr28	3Ir17	250	999997	exact
4Tr21 4Lr38 4Lr18 4Tr12 4Tr24 3Lr38	3Ir17	250	999997	exact
4Tr21 4Lr38 4Lr18 4Tr12 4Tr24 4Lr38	3Ir17	250	999997	exact
4Tr21 4Lr38 4Lr18 4Tr12 4Tr24 4Lsr18	3Ir17	250	999997	exact
4Tr21 4Lr38 4Lr18 4Tr12 4Tr24 4Lsr31	3Ir17	250	999997	exact
4Tr21 4Lr38 4Lr18 4Tr12 4Tr24 4S2	3Ir17	250	999997	exact
4Tr21 4Lr38 4Lr18 4Tr12 4Tr24 4S4	3Ir17	250	999997	exact
4Tr21 4Lr38 4Lr18 4Tr12 4Tr24 4Ss5	3Ir17	250	999997	exact
4Tr21 4Lr38 4Lr18 4Tr12 4Tr24 4Ss6	4S5	250	999995	exact
4Tr21 4Lr38 4Lr18 4Tr12 4Tr24 4Tr15	3Ir17	250	999997	exact
4Tr21 4Lr38 4Lr18 4Tr12 4Tr24 4Tr16	4S6	250	999997	exact
4Tr21 4Lr38 4Lr18 4Tr12 4Tr24 4Tr32	3Ir17	250	999997	exact
4Tr21 4Lr38 4Lr18 4Tr12 4Tr24 4Tr34	3Ir17	250	999997	exact
4Tr21 4Lr38 4Lr18 4Tr13	4Ssr12	8	999993	exact
4Tr21 4Lr38 4Lr18 4Tr13 4Ssr12 11	3Ir15	250	999993	exact
4Tr21 4Lr38 4Lr18 4Tr13 4Ssr12 12	3Ir17	250	999993	exact
4Tr21 4Lr38 4Lr18 4Tr13 4Ssr12 13	3Ir17	250	999993	exact
4Tr21 4Lr38 4Lr18 4Tr13 4Ssr12 14	3Ir17	250	999993	exact
4Tr21 4Lr38 4Lr18 4Tr13 4Ssr12 15	4Lsr13	250	999993	exact
4Tr21 4Lr38 4Lr18 4Tr13 4Ssr12 16	4Tr35	250	999995	exact
4Tr21 4Lr38 4Lr18 4Tr13 4Ssr12 17	4S6	250	999995	exact
4Tr21 4Lr38 4Lr18 4Tr13 4Ssr12 18	4Lr35	250	999993	exact
4Tr21 4Lr38 4Lr18 4Tr13 4Ssr12 19	3Ir15	250	999993	exact
4Tr21 4Lr38 4Lr18 4Tr13 4Ssr12 23	3Ir17	250	999993	exact
4Tr21 4Lr38 4Lr18 4Tr13 4Ssr12 25	4Lr33	250	999993	exact
4Tr21 4Lr38 4Lr18 4Tr13 4Ssr12 26	4Lsr13	250	999993	exact
4Tr21 4Lr38 4Lr18 4Tr13 4Ssr12 28	4Lr35	250	999993	exact
4Tr21 4Lr38 4Lr18 4Tr13 4Ssr12 2r11	3Ir17	250	999993	exact
4Tr21 4Lr38 4Lr18 4Tr13 4Ssr12 2r12	3Ir17	250	999993	exact
4Tr21 4Lr38 4Lr18 4Tr13 4Ssr12 2r13	3Ir13	250	999995	exact
4Tr21 4Lr38 4Lr18 4Tr13 4Ssr12 2r14	3Ir17	250	999993	exact
4Tr21 4Lr38 4Lr18 4Tr13 4Ssr12 2r15	3Ir15	250	999993	exact
4Tr21 4Lr38 4Lr18 4Tr13 4Ssr12 2r16	4Lsr35	250	999995	exact
4Tr21 4Lr38 4Lr18 4Tr13 4Ssr12 2r17	4Lsr36	250	999995	exact
4Tr21 4Lr38 4Lr18 4Tr13 4Ssr12 2r18	3Ir17	250	999993	exact
4Tr21 4Lr38 4Lr18 4Tr13 4Ssr12 2r19	4Lr35	250	999993	exact
4Tr21 4Lr38 4Lr18 4Tr13 4Ssr12 3I5	4Lsr16	250	999993	exact
4Tr21 4Lr38 4Lr18 4Tr13 4Ssr12 3Ir11	3Ir17	250	999993	exact
4Tr21 4Lr38 4Lr18 4Tr13 4Ssr12 3Ir12	3Ir14	250	999993	exact
4Tr21 4Lr38 4Lr18 4Tr13 4Ssr12 3Ir13	3Ir17	250	999993	exact
4Tr21 4Lr38 4Lr18 4Tr13 4Ssr12 3Ir14	3Ir17	250	999993	exact
4Tr21 4Lr38 4Lr18 4Tr13 4Ssr12 3Ir15	3Ir15	250	999993	exact
4Tr21 4Lr38 4Lr18 4Tr13 4Ssr12 3Ir16	16	250	999993	exact
4Tr21 4Lr38 4Lr18 4Tr13 4Ssr12 3Ir17	3Ir17	250	999993	exact
4Tr21 4Lr38 4Lr18 4Tr13 4Ssr12 3Ir18	3Ir17	250	999993	exact
4Tr21 4Lr38 4Lr18 4Tr13 4Ssr12 3Ir19	3Ir17	250	999993	exact
4Tr21 4Lr38 4Lr18 4Tr13 4Ssr12 3L2	3Ir17	250	999993	exact
4Tr21 4Lr38 4Lr18 4Tr13 4Ssr12 3Lr23	3Ir14	250	999993	exact
4Tr21 4Lr38 4Lr18 4Tr13 4Ssr12 3Lr25	4Lsr13	250	999993	exact
4Tr21 4Lr38 4Lr18 4Tr13 4Ssr12 3Lr26	4Tr36	250	999995	exact
4Tr21 4Lr38 4Lr18 4Tr13 4Ssr12 3Lr28	3Ir17	250	999993	exact
4Tr21 4Lr38 4Lr18 4Tr13 4Ssr12 3Lr33	3Ir17	250	999993	exact
4Tr21 4Lr38 4Lr18 4Tr13 4Ssr12 3Lr35	4Ss5	250	999995	exact
4Tr21 4Lr38 4Lr18 4Tr13 4Ssr12 3Lr36	3Ir14	250	999993	exact
4Tr21 4Lr38 4Lr18 4Tr13 4Ssr12 3Lr38	3Ir17	250	999993	exact
4Tr21 4Lr38 4Lr18 4Tr13 4Ssr12 4L2	3Ir17	250	999993	exact
4Tr21 4Lr38 4Lr18 4Tr13 4Ssr12 4Lr25	4Tr36	250	999995	exact
4Tr21 4Lr38 4Lr18 4Tr13 4Ssr12 4Lr33	3Ir17	250	999993	exact
4Tr21 4Lr38 4Lr18 4Tr13 4Ssr12 4Lr35	4Lr15	250	999995	exact
4Tr21 4Lr38 4Lr18 4Tr13 4Ssr12 4Lr36	4Lr16	250	999995	exact
4Tr21 4Lr38 4Lr18 4Tr13 4Ssr12 4Lr38	3Ir17	250	999993	exact
4Tr21 4Lr38 4Lr18 4Tr13 4Ssr12 4Lsr13	4Lsr16	250	999993	exact
4Tr21 4Lr38 4Lr18 4Tr13 4Ssr12 4Lsr15	4Lsr35	250	999995	exact
4Tr21 4Lr38 4Lr18 4Tr13 4Ssr12 4Lsr16	4Lsr36	250	999995	exact
4Tr21 4Lr38 4Lr18 4Tr13 4Ssr12 4Lsr18	3Ir17	250	999993	exact
4Tr21 4Lr38 4Lr18 4Tr13 4Ssr12 4Lsr25	3Ir14	250	999993	exact
4Tr21 4Lr38 4Lr18 4Tr13 4Ssr12 4Lsr31	3Ir17	250	999993	exact
4Tr21 4Lr38 4Lr18 4Tr13 4Ssr12 4S2	3Ir17	250	999993	exact
4Tr21 4Lr38 4Lr18 4Tr13 4Ssr12 4Tr25	4Lsr13	250	999993	exact
4Tr21 4Lr38 4Lr18 4Tr13 4Ssr12 4Tr32	4Ss3	250	999995	exact
4Tr21 4Lr38 4Lr18 4Tr24	4S4	8	999993	exact
4Tr21 4Lr38 4Lr18 4Tr24 4S4 11	4Tr16	250	999997	exact
4Tr21 4Lr38 4Lr18 4Tr24 4S4 12	4Tr16	250	999997	exact
4Tr21 4Lr38 4Lr18 4Tr24 4S4 13	4Tr16	250	999997	exact
4Tr21 4Lr38 4Lr18 4Tr24 4S4 14	4Tr16	250	999997	exact
4Tr21 4Lr38 4Lr18 4Tr24 4S4 15	4Tr16	250	999997	exact
4Tr21 4Lr38 4Lr18 4Tr24 4S4 16	4Lr16	250	999997	exact
4Tr21 4Lr38 4Lr18 4Tr24 4S4 17	3Lr26	250	999997	exact
4Tr21 4Lr38 4Lr18 4Tr24 4S4 18	4Tr16	250	999997	exact
4Tr21 4Lr38 4Lr18 4Tr24 4S4 19	4Tr16	250	999997	exact
4Tr21 4Lr38 4Lr18 4Tr24 4S4 28	4Tr16	250	999997	exact
4Tr21 4Lr38 4Lr18 4Tr24 4S4 2r11	4Tr16	250	999997	exact
4Tr21 4Lr38 4Lr18 4Tr24 4S4 2r12	4Tr16	250	999997	exact
4Tr21 4Lr38 4Lr18 4Tr24 4S4 2r13	4Tr16	250	999997	exact
4Tr21 4Lr38 4Lr18 4Tr24 4S4 2r14	4Tr16	250	999997	exact
4Tr21 4Lr38 4Lr18 4Tr24 4S4 2r15	4Tr16	250	999997	exact
4Tr21 4Lr38 4Lr18 4Tr24 4S4 2r16	4Tr15	250	999993	exact
4Tr21 4Lr38 4Lr18 4Tr24 4S4 2r17	3L6	250	999997	exact
4Tr21 4Lr38 4Lr18 4Tr24 4S4 2r18	4Tr16	250	999997	exact
4Tr21 4Lr38 4Lr18 4Tr24 4S4 2r19	4Tr16	250	999997	exact
4Tr21 4Lr38 4Lr18 4Tr24 4S4 3Ir11	4Tr16	250	999997	exact
4Tr21 4Lr38 4Lr18 4Tr24 4S4 3Ir12	4Tr16	250	999997	exact
4Tr21 4Lr38 4Lr18 4Tr24 4S4 3Ir13	4Tr16	250	999997	exact
4Tr21 4Lr38 4Lr18 4Tr24 4S4 3Ir14	4Tr16	250	999997	exact
4Tr21 4Lr38 4Lr18 4Tr24 4S4 3Ir15	4Tr16	250	999997	exact
4Tr21 4Lr38 4Lr18 4Tr24 4S4 3Ir16	4Lsr15	250	999993	exact
4Tr21 4Lr38 4Lr18 4Tr24 4S4 3Ir17	4Lsr36	250	999997	exact
4Tr21 4Lr38 4Lr18 4Tr24 4S4 3Ir18	4Tr16	250	999997	exact
4Tr21 4Lr38 4Lr18 4Tr24 4S4 3Ir19	4Tr16	250	999997	exact
4Tr21 4Lr38 4Lr18 4Tr24 4S4 3L1	4Tr16	250	999997	exact
4Tr21 4Lr38 4Lr18 4Tr24 4S4 3L4	4Tr16	250	999997	exact
4Tr21 4Lr38 4Lr18 4Tr24 4S4 3Lr12	4Tr16	250	999997	exact
4Tr21 4Lr38 4Lr18 4Tr24 4S4 3Lr16	4Lr36	250	999997	exact
4Tr21 4Lr38 4Lr18 4Tr24 4S4 3Lr28	4Tr16	250	999997	exact
4Tr21 4Lr38 4Lr18 4Tr24 4S4 3Lr38	4Tr16	250	999997	exact
4Tr21 4Lr38 4Lr18 4Tr24 4S4 4Lr38	4Tr16	250	999997	exact
4Tr21 4Lr38 4Lr18 4Tr24 4S4 4Lsr18	4Tr16	250	999997	exact
4Tr21 4Lr38 4Lr18 4Tr24 4S4 4Lsr33	4Tr16	250	999997	exact
4Tr21 4Lr38 4Lr18 4Tr24 4S4 4S1	4Tr16	250	999997	exact
4Tr21 4Lr38 4Lr18 4Tr24 4S4 4S4	4Tr16	250	999997	exact
4Tr21 4Lr38 4Lr18 4Tr24 4S4 4Ss2	4Tr16	250	999997	exact
4Tr21 4Lr38 4Lr18 4Tr24 4S4 4Ss6	4Tr16	250	999997	exact
4Tr21 4Lr38 4Lr18 4Tr24 4S4 4Tr12	4Tr16	250	999997	exact
4Tr21 4Lr38 4Lr18 4Tr24 4S4 4Tr16	3L6	250	999997	exact
4Tr21 4Lr38 4Lr18 4Tr24 4S4 4Tr31	4Tr16	250	999997	exact
4Tr21 4Lr38 4Lr18 4Tr24 4S4 4Tr34	4Tr16	250	999997	exact
4Tr21 4Lr38 4Lr18 4Tr25	4S5	9	999991	exact
4Tr21 4Lr38 4Lr18 4Tr25 4S5 11	4Ss3	250	999995	exact
4Tr21 4Lr38 4Lr18 4Tr25 4S5 12	4Tr13	250	999995	exact
4Tr21 4Lr38 4Lr18 4Tr25 4S5 13	3Ir14	250	999995	exact
4Tr21 4Lr38 4Lr18 4Tr25 4S5 14	4Sr12	250	999995	exact
4Tr21 4Lr38 4Lr18 4Tr25 4S5 15	4Ss3	250	999995	exact
4Tr21 4Lr38 4Lr18 4Tr25 4S5 16	4Ss3	250	999995	exact
4Tr21 4Lr38 4Lr18 4Tr25 4S5 17	4Ss3	250	999991	exact
4Tr21 4Lr38 4Lr18 4Tr25 4S5 18	4Ss3	250	999995	exact
4Tr21 4Lr38 4Lr18 4Tr25 4S5 19	4Tr13	250	999995	exact
4Tr21 4Lr38 4Lr18 4Tr25 4S5 28	4Tr13	250	999995	exact
4Tr21 4Lr38 4Lr18 4Tr25 4S5 2r11	4Ss3	250	999993	exact
4Tr21 4Lr38 4Lr18 4Tr25 4S5 2r12	3Ir14	250	999995	exact
4Tr21 4Lr38 4Lr18 4Tr25 4S5 2r13	2r14	250	999995	exact
4Tr21 4Lr38 4Lr18 4Tr25 4S5 2r14	4S3	250	999993	exact
4Tr21 4Lr38 4Lr18 4Tr25 4S5 2r15	4Tr13	250	999995	exact
4Tr21 4Lr38 4Lr18 4Tr25 4S5 2r16	2r14	250	999995	exact
4Tr21 4Lr38 4Lr18 4Tr25 4S5 2r17	4Tr16	250	999993	exact
4Tr21 4Lr38 4Lr18 4Tr25 4S5 2r18	4Ss3	250	999995	exact
4Tr21 4Lr38 4Lr18 4Tr25 4S5 2r19	4Ss3	250	999995	exact
4Tr21 4Lr38 4Lr18 4Tr25 4S5 3Ir11	2r14	250	999993	exact
4Tr21 4Lr38 4Lr18 4Tr25 4S5 3Ir12	4Ss3	250	999993	exact
4Tr21 4Lr38 4Lr18 4Tr25 4S5 3Ir13	2r14	250	999993	exact
4Tr21 4Lr38 4Lr18 4Tr25 4S5 3Ir14	4Lsr33	250	999995	exact
4Tr21 4Lr38 4Lr18 4Tr25 4S5 3Ir15	4Ss3	250	999993	exact
4Tr21 4Lr38 4Lr18 4Tr25 4S5 3Ir16	2r14	250	999995	exact
4Tr21 4Lr38 4Lr18 4Tr25 4S5 3Ir17	3I6	250	999993	exact
4Tr21 4Lr38 4Lr18 4Tr25 4S5 3Ir18	2r14	250	999995	exact
4Tr21 4Lr38 4Lr18 4Tr25 4S5 3Ir19	4Tr13	250	999995	exact
4Tr21 4Lr38 4Lr18 4Tr25 4S5 3L1	2r14	250	999993	exact
4Tr21 4Lr38 4Lr18 4Tr25 4S5 3L5	4Ss3	250	999995	exact
4Tr21 4Lr38 4Lr18 4Tr25 4S5 3Lr12	2r14	250	999995	exact
4Tr21 4Lr38 4Lr18 4Tr25 4S5 3Lr13	4Tr22	250	999993	exact
4Tr21 4Lr38 4Lr18 4Tr25 4S5 3Lr28	4Tr13	250	999995	exact
4Tr21 4Lr38 4Lr18 4Tr25 4S5 3Lr38	4Tr13	250	999995	exact
4Tr21 4Lr38 4Lr18 4Tr25 4S5 4Lr38	4Tr13	250	999995	exact
4Tr21 4Lr38 4Lr18 4Tr25 4S5 4Lsr18	2r14	250	999993	exact
4Tr21 4Lr38 4Lr18 4Tr25 4S5 4S1	3Ir13	250	999993	exact
4Tr21 4Lr38 4Lr18 4Tr25 4S5 4S5	4Tr13	250	999995	exact
4Tr21 4Lr38 4Lr18 4Tr25 4S5 4Ss2	2r14	250	999993	exact
4Tr21 4Lr38 4Lr18 4Tr25 4S5 4Ss3	4S2	250	999991	exact
4Tr21 4Lr38 4Lr18 4Tr25 4S5 4Tr12	2r14	250	999995	exact
4Tr21 4Lr38 4Lr18 4Tr25 4S5 4Tr13	4Ssr12	250	999995	exact
4Tr21 4Lr38 4Lr18 4Tr25 4S5 4Tr31	2r14	250	999995	exact
4Tr21 4Lr38 4Lr18 4Tr25 4S5 4Tr35	2r14	250	999995	exact
4Tr21 4Lr38 4Lr18 4Tr31	4Tr24	5	999995	exact
4Tr21 4Lr38 4Lr18 4Tr31 4Tr24 11	3Ir17	250	999997	exact
4Tr21 4Lr38 4Lr18 4Tr31 4Tr24 12	3Ir17	250	999997	exact
4Tr21 4Lr38 4Lr18 4Tr31 4Tr24 13	3Ir17	250	999997	exact
4Tr21 4Lr38 4Lr18 4Tr31 4Tr24 14	3Ir17	250	999997	exact
4Tr21 4Lr38 4Lr18 4Tr31 4Tr24 15	3Ir17	250	999997	exact
4Tr21 4Lr38 4Lr18 4Tr31 4Tr24 16	3Ir17	250	999997	exact
4Tr21 4Lr38 4Lr18 4Tr31 4Tr24 17	3Ir17	250	999997	exact
4Tr21 4Lr38 4Lr18 4Tr31 4Tr24 18	3Ir17	250	999997	exact
4Tr21 4Lr38 4Lr18 4Tr31 4Tr24 19	3Ir17	250	999997	exact
4Tr21 4Lr38 4Lr18 4Tr31 4Tr24 23	3Ir17	250	999997	exact
4Tr21 4Lr38 4Lr18 4Tr31 4Tr24 28	3Ir17	250	999997	exact
4Tr21 4Lr38 4Lr18 4Tr31 4Tr24 2r11	3Ir17	250	999997	exact
4Tr21 4Lr38 4Lr18 4Tr31 4Tr24 2r12	3Ir17	250	999997	exact
4Tr21 4Lr38 4Lr18 4Tr31 4Tr24 2r13	3Ir17	250	999997	exact
4Tr21 4Lr38 4Lr18 4Tr31 4Tr24 2r14	3Ir17	250	999997	exact
4Tr21 4Lr38 4Lr18 4Tr31 4Tr24 2r15	3Ir17	250	999997	exact
4Tr21 4Lr38 4Lr18 4Tr31 4Tr24 2r16	3Ir17	250	999997	exact
4Tr21 4Lr38 4Lr18 4Tr31 4Tr24 2r17	4S6	250	999997	exact
4Tr21 4Lr38 4Lr18 4Tr31 4Tr24 2r18	3Ir17	250	999997	exact
4Tr21 4Lr38 4Lr18 4Tr31 4Tr24 2r19	3Ir17	250	999997	exact
4Tr21 4Lr38 4Lr18 4Tr31 4Tr24 3Ir11	3Ir17	250	999997	exact
4Tr21 4Lr38 4Lr18 4Tr31 4Tr24 3Ir12	3Ir17	250	999997	exact
4Tr21 4Lr38 4Lr18 4Tr31 4Tr24 3Ir13	3Ir17	250	999997	exact
4Tr21 4Lr38 4Lr18 4Tr31 4Tr24 3Ir14	3Ir17	250	999997	exact
4Tr21 4Lr38 4Lr18 4Tr31 4Tr24 3Ir15	3Ir17	250	999997	exact
4Tr21 4Lr38 4Lr18 4Tr31 4Tr24 3Ir16	3Ir17	250	999997	exact
4Tr21 4Lr38 4Lr18 4Tr31 4Tr24 3Ir17	4Lsr36	250	999997	exact
4Tr21 4Lr38 4Lr18 4Tr31 4Tr24 3Ir18	3Ir17	250	999997	exact
4Tr21 4Lr38 4Lr18 4Tr31 4Tr24 3Ir19	3Ir17	250	999997	exact
4Tr21 4Lr38 4Lr18 4Tr31 4Tr24 3L4	3Ir17	250	999997	exact
4Tr21 4Lr38 4Lr18 4Tr31 4Tr24 3Lr11	3Ir17	250	999997	exact
4Tr21 4Lr38 4Lr18 4Tr31 4Tr24 3Lr15	3Ir17	250	999997	exact
4Tr21 4Lr38 4Lr18 4Tr31 4Tr24 3Lr16	4Lsr16	250	999997	exact
4Tr21 4Lr38 4Lr18 4Tr31 4Tr24 3Lr23	3Ir17	250	999997	exact
4Tr21 4Lr38 4Lr18 4Tr31 4Tr24 3Lr28	3Ir17	250	999997	exact
4Tr21 4Lr38 4Lr18 4Tr31 4Tr24 3Lr33	3Ir17	250	999997	exact
4Tr21 4Lr38 4Lr18 4Tr31 4Tr24 3Lr38	3Ir17	250	999997	exact
4Tr21 4Lr38 4Lr18 4Tr31 4Tr24 4Lr12	3Ir17	250	999997	exact
4Tr21 4Lr38 4Lr18 4Tr31 4Tr24 4Lr33	3Ir17	250	999997	exact
4Tr21 4Lr38 4Lr18 4Tr31 4Tr24 4Lr38	3Ir17	250	999997	exact
4Tr21 4Lr38 4Lr18 4Tr31 4Tr24 4Lsr13	3Ir17	250	999997	exact
4Tr21 4Lr38 4Lr18 4Tr31 4Tr24 4Lsr18	3Ir17	250	999997	exact
4Tr21 4Lr38 4Lr18 4Tr31 4Tr24 4S4	3Ir17	250	999997	exact
4Tr21 4Lr38 4Lr18 4Tr31 4Tr24 4Ss1	3Ir17	250	999997	exact
4Tr21 4Lr38 4Lr18 4Tr31 4Tr24 4Ss5	3Ir17	250	999997	exact
4Tr21 4Lr38 4Lr18 4Tr31 4Tr24 4Ss6	4S5	250	999995	exact
4Tr21 4Lr38 4Lr18 4Tr31 4Tr24 4Ssr13	3Ir17	250	999997	exact
4Tr21 4Lr38 4Lr18 4Tr31 4Tr24 4Tr11	3Ir17	250	999997	exact
4Tr21 4Lr38 4Lr18 4Tr31 4Tr24 4Tr15	3Ir17	250	999997	exact
4Tr21 4Lr38 4Lr18 4Tr31 4Tr24 4Tr16	4S6	250	999997	exact
4Tr21 4Lr38 4Lr18 4Tr31 4Tr24 4Tr34	3Ir17	250	999997	exact
4Tr21 4Lr38 4Lr18	3Ir15	18	-999984	exact
